asset_id,cohort_start_date,entry_month,vehicle_class,monthly_km,engine_hours_per_month,load_factor,temperature_exposure,prior_repairs,service_delay_days,route_severity,preventive_maintenance_score,duration_months,event
VH-00001,2022-01-31,1,Heavy,2609.1,57.1,0.709,0.3014,2,3.1,0.6783,0.8687,68.1702,0
VH-00002,2022-10-28,10,Medium,5088.0,86.6,0.8351,0.39,0,13.4,0.1962,0.9264,5.1642,1
VH-00003,2022-07-30,7,Heavy,4671.5,90.4,0.7166,0.2573,0,3.7,0.5083,0.8004,39.2616,0
VH-00004,2023-01-26,13,Medium,5065.7,98.2,0.5462,0.1749,1,2.1,0.6452,0.5238,22.6489,1
VH-00005,2022-01-31,1,Light,5207.4,111.0,0.6997,0.417,0,11.1,0.1736,0.7046,54.6132,0
VH-00006,2023-02-25,14,Heavy,3099.5,75.2,0.7998,0.789,0,3.3,0.6303,0.7594,36.5949,1
VH-00007,2023-05-26,17,Heavy,3036.7,95.2,0.8423,0.4117,1,4.0,0.4008,0.4186,9.0936,1
VH-00008,2023-04-26,16,Heavy,5572.4,102.4,0.8582,0.3546,1,6.0,0.3741,0.715,27.7572,1
VH-00009,2022-05-31,5,Light,3556.0,71.8,0.5733,0.2538,2,20.3,0.6312,0.9167,54.4539,0
VH-00010,2023-01-26,13,Medium,800.0,20.0,0.9087,0.192,0,8.2,0.7886,0.9505,70.5186,0
VH-00011,2023-11-22,23,Medium,5473.1,102.6,0.7125,0.5247,1,5.4,0.5796,0.6096,21.5101,1
VH-00012,2022-07-30,7,Heavy,2945.6,66.9,0.485,0.3792,0,8.0,0.716,0.7616,62.7373,0
VH-00013,2022-07-30,7,Medium,5200.7,115.6,0.8513,0.3424,1,8.2,0.7097,0.9078,29.7203,1
VH-00014,2022-09-28,9,Heavy,6589.2,119.2,0.6216,0.5009,2,3.8,0.2713,0.9658,48.1348,0
VH-00015,2022-01-01,0,Medium,4525.1,100.8,0.8888,0.4026,1,5.9,0.5653,0.6143,43.4166,1
VH-00016,2023-05-26,17,Light,5993.6,115.1,0.8145,0.2773,1,12.4,0.8409,0.8203,58.0472,0
VH-00017,2022-05-31,5,Medium,4730.7,105.3,0.907,0.4138,1,3.2,0.2869,0.6164,29.4349,0
VH-00018,2023-08-24,20,Light,6881.1,172.0,0.8108,0.8146,1,1.3,0.3614,0.8955,18.5367,1
VH-00019,2023-09-23,21,Heavy,2906.8,71.5,0.8987,0.5078,0,3.0,0.8196,0.6135,19.7414,1
VH-00020,2022-05-31,5,Medium,4487.7,102.4,0.5569,0.3681,1,5.5,0.7171,0.5295,54.7748,0
VH-00021,2022-05-01,4,Heavy,5509.7,114.5,0.8103,0.4715,0,7.6,0.4126,0.4963,38.6391,1
VH-00022,2023-06-25,18,Medium,4214.4,94.7,0.9045,0.1743,1,3.0,0.5103,0.6021,28.5082,1
VH-00023,2022-07-30,7,Heavy,6228.3,146.9,0.5575,0.2458,1,7.2,0.9253,0.6857,28.0746,0
VH-00024,2022-10-28,10,Heavy,3851.9,92.6,0.8855,0.4899,1,7.7,0.3746,0.8887,67.524,0
VH-00025,2022-09-28,9,Heavy,7604.1,167.5,0.5604,0.3669,0,3.5,0.2603,0.7092,47.9592,0
VH-00026,2023-05-26,17,Light,7683.3,174.0,0.5563,0.2405,0,14.4,0.6959,0.7586,34.975,0
VH-00027,2022-05-31,5,Medium,4923.1,89.7,0.8866,0.4673,0,1.6,0.3691,0.8218,35.5616,0
VH-00028,2022-03-02,2,Light,5328.9,107.4,0.8574,0.5336,2,1.1,0.8048,0.9691,38.0162,0
VH-00029,2023-10-23,22,Light,6287.5,150.3,0.8026,0.3985,1,3.1,0.1381,0.6873,26.3983,1
VH-00030,2023-02-25,14,Medium,2719.2,73.1,0.2296,0.5636,1,2.2,0.3011,0.6529,53.1889,0
VH-00031,2023-02-25,14,Heavy,2532.0,57.7,0.9142,0.2738,1,6.0,0.4489,0.6837,34.7203,0
VH-00032,2023-10-23,22,Heavy,6384.6,164.1,0.9665,0.4158,0,2.6,0.6138,0.598,6.9509,1
VH-00033,2022-01-31,1,Medium,4911.0,116.8,0.588,0.0975,0,3.9,0.4363,0.8208,47.0863,0
VH-00034,2022-05-01,4,Medium,4160.2,89.0,0.5917,0.2575,0,2.8,0.3783,0.7761,65.2182,0
VH-00035,2023-09-23,21,Medium,4516.7,82.1,0.8245,0.5855,0,4.5,0.7255,0.809,28.6905,0
VH-00036,2023-08-24,20,Light,920.9,42.0,0.8623,0.4638,0,4.7,0.4003,0.7313,45.4567,0
VH-00037,2022-03-02,2,Light,4214.2,105.2,0.6603,0.2374,0,1.3,0.8563,0.701,22.0243,0
VH-00038,2022-10-28,10,Medium,3370.4,101.9,0.8603,0.3763,0,3.2,0.8139,0.8189,55.2591,1
VH-00039,2022-01-01,0,Light,5877.1,163.1,0.8255,0.4622,1,5.2,0.2501,0.4594,22.2345,1
VH-00040,2022-08-29,8,Medium,5992.5,113.9,0.7851,0.7277,2,2.9,0.8895,0.7891,24.8316,1
VH-00041,2022-05-31,5,Medium,5365.0,100.0,0.9187,0.5329,0,8.8,0.5227,0.7488,30.4718,1
VH-00042,2022-09-28,9,Heavy,5093.2,70.2,0.8666,0.4812,1,7.8,0.5134,0.7324,36.7544,1
VH-00043,2023-10-23,22,Heavy,2254.0,63.9,0.5277,0.2015,1,22.6,0.4401,0.61,34.7637,0
VH-00044,2022-08-29,8,Medium,5386.0,129.5,0.8398,0.3932,0,7.1,0.6408,0.8885,24.8919,0
VH-00045,2023-09-23,21,Heavy,5444.1,122.4,0.7213,0.1361,0,1.0,0.5826,0.6459,49.9288,0
VH-00046,2022-01-01,0,Heavy,6367.8,123.1,0.5371,0.6557,0,11.5,0.9326,0.9148,33.6728,1
VH-00047,2022-05-01,4,Medium,7677.3,169.3,0.717,0.2167,1,1.7,0.6263,0.7839,42.5296,0
VH-00048,2023-06-25,18,Medium,1961.2,46.4,0.4088,0.2479,0,4.3,0.6774,0.8276,65.8311,0
VH-00049,2023-08-24,20,Medium,3917.3,98.8,0.7658,0.2422,1,14.9,0.3677,0.6024,34.1636,1
VH-00050,2023-06-25,18,Light,3386.6,79.4,0.8049,0.57,0,0.6,0.3286,0.8301,68.8223,0
VH-00051,2022-11-27,11,Light,4758.8,115.7,0.5733,0.0936,0,0.6,0.6856,0.7513,27.9604,1
VH-00052,2023-11-22,23,Light,4520.1,98.6,0.6919,0.4506,2,12.5,0.3143,0.8018,64.9897,0
VH-00053,2022-09-28,9,Heavy,4148.9,109.9,0.62,0.5835,0,1.8,0.2994,0.7545,64.779,0
VH-00054,2022-01-01,0,Medium,6041.4,143.7,0.7205,0.4262,0,4.3,0.5278,0.7284,63.8149,0
VH-00055,2022-01-01,0,Heavy,2847.9,45.5,0.6543,0.3428,0,1.8,0.7496,0.7976,37.3848,0
VH-00056,2023-09-23,21,Heavy,2938.3,86.1,0.559,0.7076,3,5.1,0.4264,0.8372,35.4718,0
VH-00057,2022-01-01,0,Medium,2963.7,84.2,0.7772,0.3142,3,1.2,0.7578,0.8419,70.6014,0
VH-00058,2022-03-02,2,Medium,3959.5,95.0,0.4663,0.4154,3,6.3,0.6183,0.6654,45.0855,0
VH-00059,2023-01-26,13,Light,2657.1,63.3,0.7192,0.3621,0,3.5,0.4285,0.9715,20.2042,0
VH-00060,2023-11-22,23,Light,4427.1,123.3,0.6536,0.3912,3,6.0,0.4832,0.6189,13.2124,1
VH-00061,2022-12-27,12,Medium,4251.8,70.0,0.9812,0.3833,1,14.0,0.4167,0.9673,43.5286,0
VH-00062,2023-11-22,23,Medium,3320.2,92.4,0.7485,0.1244,0,7.7,0.5541,0.8049,46.2275,1
VH-00063,2022-12-27,12,Medium,5810.6,122.0,0.1669,0.3068,0,22.4,0.8316,0.4503,21.731,0
VH-00064,2023-11-22,23,Heavy,4410.7,114.4,0.8145,0.2556,0,4.8,0.4418,0.4629,34.0411,1
VH-00065,2022-05-31,5,Medium,6094.0,137.2,0.6478,0.3811,0,5.2,0.1724,0.7924,52.6763,0
VH-00066,2022-09-28,9,Medium,4207.4,74.9,0.7785,0.5305,0,2.6,0.7327,0.5913,11.9064,1
VH-00067,2022-01-01,0,Medium,4463.7,91.7,0.5732,0.501,0,0.1,0.7204,0.7387,37.3411,0
VH-00068,2023-05-26,17,Medium,3655.8,96.6,0.5454,0.3817,1,14.9,0.7651,0.5398,41.6175,1
VH-00069,2023-01-26,13,Light,4489.4,96.6,0.7915,0.5489,1,12.9,0.4468,0.8343,33.3491,0
VH-00070,2022-11-27,11,Medium,5568.3,114.4,0.9106,0.4412,0,3.1,0.1278,0.761,19.4806,1
VH-00071,2023-09-23,21,Light,3883.0,76.9,0.5714,0.3242,1,7.3,0.4613,0.5626,43.3947,0
VH-00072,2022-08-29,8,Medium,5277.6,126.9,0.9413,0.1917,0,6.4,0.3965,0.6559,23.6049,0
VH-00073,2023-07-25,19,Heavy,3280.9,99.2,0.9558,0.5193,2,4.1,0.6104,0.6788,8.0458,1
VH-00074,2022-10-28,10,Light,5638.6,93.2,0.6822,0.477,2,3.0,0.2569,0.635,47.8914,1
VH-00075,2022-08-29,8,Light,3630.1,122.7,0.6586,0.4439,2,1.0,0.6068,0.9607,10.5929,1
VH-00076,2022-06-30,6,Medium,5777.5,131.4,0.8107,0.545,0,4.5,0.554,0.7982,46.0404,1
VH-00077,2022-09-28,9,Medium,4591.5,110.7,0.4071,0.2757,2,2.9,0.5382,0.7866,58.5653,0
VH-00078,2022-10-28,10,Medium,6781.4,144.2,0.7781,0.7328,1,3.9,0.4589,0.7053,34.954,0
VH-00079,2023-07-25,19,Medium,2768.9,61.5,0.7391,0.8788,1,7.4,0.5094,0.9575,52.5617,0
VH-00080,2022-12-27,12,Heavy,2285.7,53.7,0.9696,0.2301,0,4.3,0.2849,0.9579,25.4477,0
VH-00081,2022-07-30,7,Medium,3575.7,63.7,0.877,0.6071,1,9.0,0.1637,0.8467,47.5799,1
VH-00082,2023-11-22,23,Medium,2423.1,41.8,0.7358,0.4399,1,3.4,0.4271,0.5509,51.3494,0
VH-00083,2022-01-01,0,Heavy,2425.9,71.7,0.5176,0.4914,1,6.4,0.9146,0.6412,20.9455,0
VH-00084,2023-01-26,13,Light,5432.3,97.4,0.7245,0.4107,1,0.8,0.7069,0.7769,25.3257,1
VH-00085,2023-02-25,14,Light,4493.7,106.5,0.5992,0.3174,1,4.0,0.2173,0.5624,38.6572,0
VH-00086,2022-04-01,3,Light,3780.5,78.5,0.7185,0.5699,0,6.4,0.8478,0.7903,19.0178,1
VH-00087,2023-01-26,13,Heavy,3919.6,72.7,0.476,0.5628,0,4.8,0.3822,0.6968,40.8521,0
VH-00088,2022-01-31,1,Medium,3604.1,109.7,0.8216,0.4242,0,6.2,0.9517,0.8793,22.5013,0
VH-00089,2023-08-24,20,Light,6975.6,140.7,0.8003,0.4978,0,1.1,0.3385,0.668,16.0132,1
VH-00090,2023-01-26,13,Medium,3396.7,58.5,0.9215,0.2828,1,2.4,0.7439,0.7466,30.3296,1
VH-00091,2022-09-28,9,Light,2516.8,53.1,0.9336,0.3322,1,4.1,0.8279,0.7491,33.498,0
VH-00092,2022-01-31,1,Medium,5694.1,115.0,0.6433,0.3316,0,3.7,0.4297,0.7275,42.7467,0
VH-00093,2023-09-23,21,Medium,4176.4,92.9,0.5017,0.5485,0,7.7,0.3768,0.9037,63.8041,0
VH-00094,2023-04-26,16,Medium,7558.2,170.3,0.7033,0.6969,1,1.0,0.8613,0.7943,10.0184,1
VH-00095,2022-04-01,3,Medium,3710.7,86.0,0.7877,0.4371,1,17.8,0.3707,0.5623,69.808,0
VH-00096,2022-01-31,1,Medium,5769.0,126.3,0.3706,0.2721,0,3.5,0.3107,0.7173,24.3295,0
VH-00097,2022-06-30,6,Medium,6123.3,125.5,0.5267,0.4971,1,12.6,0.313,0.5779,10.5115,1
VH-00098,2023-09-23,21,Light,3718.0,92.3,0.3689,0.3405,3,1.5,0.6957,0.4773,63.2271,0
VH-00099,2022-01-31,1,Light,3385.6,73.6,0.6691,0.7483,2,6.2,0.6584,0.646,54.1681,1
VH-00100,2023-03-27,15,Heavy,5612.0,117.3,0.7948,0.3377,0,13.2,0.1811,0.9188,32.0008,0
VH-00101,2022-03-02,2,Heavy,5362.3,141.4,0.8417,0.5353,0,6.8,0.3489,0.7886,49.6221,0
VH-00102,2023-01-26,13,Medium,2384.1,51.2,0.8646,0.4796,0,4.7,0.8411,0.7668,46.4452,0
VH-00103,2022-05-31,5,Medium,2807.3,78.8,0.7727,0.6731,1,3.2,0.6868,0.6517,38.6235,1
VH-00104,2023-11-22,23,Heavy,800.0,36.2,0.7777,0.8489,0,0.4,0.465,0.6476,26.2368,0
VH-00105,2022-11-27,11,Heavy,5393.1,139.2,0.8671,0.2593,1,9.0,0.1234,0.8274,57.765,0
VH-00106,2022-05-01,4,Heavy,4107.3,101.6,0.3386,0.6031,1,2.8,0.5366,0.6237,42.1071,0
VH-00107,2022-01-31,1,Medium,4256.8,94.6,0.4176,0.5322,1,7.3,0.8895,0.7539,66.3087,1
VH-00108,2023-10-23,22,Medium,1962.8,42.7,0.8285,0.5327,1,10.7,0.5199,0.5147,25.2161,1
VH-00109,2023-11-22,23,Light,2852.8,59.7,0.651,0.686,3,5.8,0.8002,0.6117,24.7058,0
VH-00110,2022-01-31,1,Heavy,3783.1,51.6,0.4503,0.7645,0,5.1,0.6036,0.9579,62.5874,0
VH-00111,2022-01-01,0,Medium,3491.5,88.4,0.4967,0.231,3,8.2,0.5254,0.7048,49.5715,0
VH-00112,2022-01-31,1,Light,4676.8,107.6,0.8572,0.2139,1,10.9,0.4301,0.5487,40.9026,1
VH-00113,2022-08-29,8,Medium,5375.2,131.8,0.8118,0.7404,1,2.2,0.1839,0.6818,21.992,0
VH-00114,2022-06-30,6,Medium,7904.4,173.9,0.8855,0.4366,0,4.7,0.5334,0.6922,11.2255,1
VH-00115,2022-03-02,2,Light,4470.0,109.3,0.8463,0.6139,3,6.4,0.3766,0.7828,42.5322,0
VH-00116,2023-09-23,21,Heavy,6173.1,116.5,0.6022,0.2465,0,6.6,0.4604,0.6439,49.329,0
VH-00117,2022-03-02,2,Heavy,3255.0,54.8,0.6178,0.6704,1,5.2,0.3219,0.6357,55.2689,0
VH-00118,2022-05-01,4,Heavy,1987.6,20.0,0.6246,0.3423,1,7.2,0.4944,0.8784,55.195,0
VH-00119,2022-04-01,3,Medium,3971.5,86.2,0.8147,0.4725,1,14.4,0.6728,0.5204,31.0103,1
VH-00120,2022-11-27,11,Medium,2103.4,35.2,0.1944,0.6112,0,5.9,0.7468,0.9163,67.6619,0
VH-00121,2023-06-25,18,Medium,4522.0,86.9,0.8065,0.2137,0,1.1,0.2521,0.965,67.6433,0
VH-00122,2023-06-25,18,Medium,3329.3,79.0,0.8827,0.3289,1,0.8,0.5377,0.7248,37.9944,0
VH-00123,2023-10-23,22,Light,1568.6,28.5,0.8736,0.1243,0,2.5,0.5306,0.6521,42.2772,0
VH-00124,2023-01-26,13,Medium,7104.0,136.4,0.6692,0.4133,0,5.3,0.8657,0.8601,25.6928,0
VH-00125,2022-05-31,5,Light,3693.7,120.3,0.5026,0.2792,0,10.1,0.7548,0.5899,49.8228,0
VH-00126,2023-04-26,16,Medium,2043.6,44.9,0.9496,0.2445,0,3.7,0.5192,0.8671,53.8136,0
VH-00127,2023-07-25,19,Medium,5847.3,113.7,0.9141,0.3402,1,9.3,0.4148,0.547,40.3156,0
VH-00128,2022-07-30,7,Light,3407.1,65.7,0.6977,0.35,0,8.7,0.8407,0.8675,34.7729,0
VH-00129,2023-04-26,16,Light,6135.2,133.7,0.7299,0.518,1,2.3,0.6624,0.8874,4.1899,1
VH-00130,2023-05-26,17,Medium,3399.9,72.9,0.8143,0.1388,1,2.3,0.2296,0.6894,48.3477,0
VH-00131,2022-03-02,2,Light,3688.7,101.5,0.7688,0.8849,0,0.3,0.6895,0.4675,30.0412,1
VH-00132,2023-10-23,22,Heavy,5017.2,110.3,0.854,0.7153,0,9.8,0.3624,0.9534,29.8393,1
VH-00133,2023-07-25,19,Medium,5389.8,147.6,0.5189,0.4597,1,3.0,0.4706,0.7592,27.9686,1
VH-00134,2022-09-28,9,Medium,5652.7,119.1,0.6707,0.14,2,3.3,0.2618,0.8806,39.5089,0
VH-00135,2023-05-26,17,Medium,4365.4,103.4,0.6407,0.3302,0,5.9,0.4057,0.906,27.7996,0
VH-00136,2022-08-29,8,Light,5292.9,133.0,0.4867,0.7607,0,0.7,0.6408,0.7995,18.1355,0
VH-00137,2023-08-24,20,Heavy,5618.4,142.8,0.8548,0.6768,0,3.2,0.4953,0.4318,15.2584,1
VH-00138,2023-01-26,13,Medium,4800.9,126.4,0.6842,0.8059,0,3.2,0.9462,0.9544,20.4805,0
VH-00139,2022-08-29,8,Heavy,4286.0,91.2,0.7042,0.2746,1,0.7,0.3332,0.9017,32.7406,0
VH-00140,2022-05-31,5,Light,2332.1,51.7,0.5197,0.305,0,5.4,0.5512,0.8595,61.7054,0
VH-00141,2023-03-27,15,Medium,5398.8,82.8,0.7272,0.1415,0,11.7,0.6014,0.7367,47.5982,0
VH-00142,2022-10-28,10,Medium,4563.3,98.5,0.802,0.3198,0,2.9,0.3367,0.7588,50.584,0
VH-00143,2022-07-30,7,Heavy,3879.6,102.6,0.9583,0.5941,1,8.5,0.5477,0.8798,43.1711,0
VH-00144,2022-12-27,12,Medium,6416.6,156.0,0.8969,0.7848,0,2.8,0.6329,0.4479,11.3581,1
VH-00145,2023-03-27,15,Medium,2358.2,51.1,0.6104,0.2844,2,3.6,0.6247,0.9022,29.3078,0
VH-00146,2023-08-24,20,Medium,6966.1,180.3,0.5515,0.422,0,10.8,0.4701,0.7939,38.7545,1
VH-00147,2022-01-01,0,Medium,4466.6,93.5,0.7375,0.2889,0,2.0,0.3286,0.4086,35.048,0
VH-00148,2022-12-27,12,Medium,4976.3,99.8,0.5962,0.4275,1,4.0,0.3879,0.7206,28.9525,0
VH-00149,2023-08-24,20,Medium,3907.4,79.8,0.7163,0.3707,0,13.2,0.554,0.779,59.2156,0
VH-00150,2022-09-28,9,Light,1999.4,27.6,0.6697,0.0744,3,2.7,0.4917,0.927,21.3559,0
VH-00151,2022-07-30,7,Heavy,4290.6,104.7,0.6706,0.578,0,8.4,0.3016,0.5725,56.3057,0
VH-00152,2022-05-01,4,Heavy,5002.1,115.5,0.6903,0.2413,3,8.9,0.3925,0.8513,20.0607,0
VH-00153,2022-10-28,10,Light,5514.3,131.7,0.7481,0.6187,1,7.4,0.6235,0.9128,61.9308,1
VH-00154,2022-01-01,0,Medium,4203.0,87.2,0.7299,0.6134,0,6.3,0.2077,0.3539,54.8647,1
VH-00155,2022-10-28,10,Light,1211.2,26.0,0.6364,0.2084,1,8.9,0.5538,0.9465,40.2723,0
VH-00156,2023-03-27,15,Medium,2187.5,20.0,0.8446,0.7366,0,0.7,0.2826,0.7286,19.6984,1
VH-00157,2022-01-31,1,Medium,7578.0,174.0,0.8371,0.5998,2,11.9,0.748,0.8389,23.6151,1
VH-00158,2022-01-01,0,Medium,2861.2,65.1,0.86,0.8106,0,5.4,0.491,0.7236,49.1407,1
VH-00159,2022-08-29,8,Heavy,6640.6,131.1,0.6362,0.3153,0,5.7,0.6185,0.9127,29.4045,0
VH-00160,2023-04-26,16,Heavy,3098.9,67.3,0.7932,0.0861,1,4.6,0.7675,0.6279,6.9933,1
VH-00161,2022-05-31,5,Light,4226.3,90.1,0.8335,0.5917,1,1.2,0.6424,0.6559,55.8886,0
VH-00162,2023-04-26,16,Heavy,5437.8,147.3,0.6252,0.596,0,13.7,0.8643,0.6656,6.3409,1
VH-00163,2022-04-01,3,Light,3269.7,56.7,0.5715,0.6023,0,1.0,0.6089,0.955,44.6255,0
VH-00164,2022-05-01,4,Light,6888.3,158.0,0.6673,0.7373,1,3.1,0.2288,0.5621,22.5746,1
VH-00165,2023-01-26,13,Medium,4613.6,86.2,0.8991,0.1914,0,11.9,0.4628,0.659,26.5573,1
VH-00166,2023-02-25,14,Medium,5191.3,107.0,0.8576,0.238,1,9.2,0.7043,0.6182,25.3724,1
VH-00167,2023-06-25,18,Heavy,4098.6,95.2,0.9668,0.1035,1,2.5,0.5213,0.879,48.8408,0
VH-00168,2023-09-23,21,Heavy,5488.1,118.8,0.713,0.1443,0,1.3,0.1733,0.5979,52.293,0
VH-00169,2022-12-27,12,Medium,6868.2,152.5,0.9387,0.2003,0,4.3,0.6142,0.7646,42.5172,1
VH-00170,2022-09-28,9,Heavy,4303.1,100.6,0.9147,0.4039,0,1.4,0.8453,0.918,26.0554,0
VH-00171,2023-09-23,21,Medium,7094.6,150.3,0.8412,0.2814,0,0.7,0.7432,0.7651,32.4852,0
VH-00172,2023-08-24,20,Medium,3582.6,92.9,0.5951,0.4214,0,7.2,0.5564,0.4034,36.1337,0
VH-00173,2023-05-26,17,Medium,5646.1,120.9,0.6975,0.2685,1,22.9,0.5021,0.9072,45.7638,0
VH-00174,2022-06-30,6,Heavy,5233.7,114.8,0.4838,0.6492,1,2.1,0.4629,0.7451,26.3745,0
VH-00175,2022-04-01,3,Light,2897.1,69.8,0.9562,0.7388,1,11.0,0.4881,0.8156,21.4286,0
VH-00176,2023-08-24,20,Light,4820.7,110.5,0.4124,0.2545,1,7.0,0.4964,0.9433,33.6663,0
VH-00177,2022-11-27,11,Medium,4511.0,109.9,0.7462,0.3328,0,6.0,0.8502,0.6207,43.4111,1
VH-00178,2023-11-22,23,Heavy,3220.2,76.3,0.5164,0.6457,0,5.4,0.8099,0.4586,6.6716,1
VH-00179,2023-05-26,17,Heavy,5037.0,119.0,0.7232,0.1679,0,0.4,0.2671,0.8105,39.3487,0
VH-00180,2022-07-30,7,Heavy,4719.4,100.0,0.6956,0.4101,0,5.8,0.626,0.7232,23.658,0
VH-00181,2023-11-22,23,Heavy,4391.1,81.5,0.7036,0.2621,1,3.2,0.6897,0.5007,61.5807,1
VH-00182,2022-01-01,0,Heavy,4397.1,76.3,0.9699,0.1973,3,2.4,0.9312,0.4993,15.832,1
VH-00183,2023-01-26,13,Medium,4365.0,71.9,0.7136,0.2932,0,14.2,0.6865,0.3841,46.7052,0
VH-00184,2023-10-23,22,Medium,3948.5,114.2,0.3483,0.2901,2,7.2,0.3141,0.7726,35.7719,0
VH-00185,2023-10-23,22,Heavy,4709.8,71.5,0.4873,0.6222,0,1.9,0.6015,0.9035,61.5752,1
VH-00186,2023-10-23,22,Medium,3534.1,96.4,0.6852,0.2866,0,6.4,0.3324,0.4243,34.2501,0
VH-00187,2023-07-25,19,Medium,8485.2,176.2,0.6978,0.4409,1,3.8,0.1784,0.8267,66.4402,0
VH-00188,2023-07-25,19,Light,2386.0,70.8,0.5031,0.5783,0,2.5,0.6825,0.5157,40.158,1
VH-00189,2023-11-22,23,Heavy,3622.9,47.5,0.6456,0.5526,1,2.8,0.4483,0.7747,29.5284,0
VH-00190,2022-07-30,7,Medium,3741.4,79.6,0.8741,0.1959,0,7.0,0.6187,0.5814,43.5948,0
VH-00191,2023-02-25,14,Heavy,7560.7,189.8,0.6818,0.3219,1,11.4,0.6838,0.7458,21.9506,0
VH-00192,2023-11-22,23,Light,2519.8,66.7,0.8074,0.4058,3,4.2,0.5601,0.678,26.8488,1
VH-00193,2022-03-02,2,Light,5138.9,109.1,0.5946,0.7795,0,7.8,0.4961,0.7354,28.6141,0
VH-00194,2023-10-23,22,Heavy,4872.6,79.1,0.5957,0.4552,0,5.0,0.8729,0.5781,34.5507,0
VH-00195,2022-05-31,5,Light,5000.4,91.3,0.581,0.1279,2,3.0,0.5849,0.6213,27.7155,0
VH-00196,2023-11-22,23,Light,6354.5,162.0,0.8892,0.1505,0,1.7,0.7905,0.8296,20.4497,0
VH-00197,2023-08-24,20,Medium,6323.7,135.3,0.7305,0.436,0,3.3,0.2794,0.5953,41.446,0
VH-00198,2022-05-01,4,Heavy,3823.6,83.9,0.9184,0.5621,0,3.6,0.5268,0.7812,26.6251,1
VH-00199,2022-05-01,4,Light,4791.0,110.7,0.7412,0.4666,0,0.9,0.8624,0.6955,17.9456,1
VH-00200,2022-08-29,8,Medium,1703.8,20.0,0.4172,0.4374,0,11.0,0.4646,0.8261,52.8933,0
VH-00201,2022-05-01,4,Heavy,4648.6,109.4,0.7197,0.349,1,11.2,0.551,0.8391,19.7025,0
VH-00202,2023-04-26,16,Heavy,3309.0,67.2,0.477,0.2336,0,5.6,0.3737,0.7969,47.7707,0
VH-00203,2023-06-25,18,Medium,4220.4,98.2,0.8117,0.4318,0,13.0,0.5717,0.8199,61.1105,0
VH-00204,2022-08-29,8,Light,1971.9,35.2,0.6845,0.5722,1,2.0,0.6559,0.4961,10.7014,1
VH-00205,2022-06-30,6,Light,5107.3,89.9,0.7808,0.3646,0,1.5,0.522,0.4062,24.0744,1
VH-00206,2023-02-25,14,Light,1955.1,37.0,0.7448,0.2936,0,7.3,0.5733,0.6408,27.0364,0
VH-00207,2023-08-24,20,Light,4722.4,114.6,0.8366,0.7023,1,2.7,0.5372,0.7478,23.0579,1
VH-00208,2022-03-02,2,Medium,2660.2,65.0,0.5929,0.1434,2,15.4,0.4716,0.7517,71.465,0
VH-00209,2022-11-27,11,Light,3225.5,72.1,0.4132,0.6489,0,4.9,0.301,0.8152,50.8332,0
VH-00210,2022-04-01,3,Medium,6232.1,152.0,0.8277,0.2261,1,9.8,0.4114,0.756,42.5279,1
VH-00211,2023-02-25,14,Medium,5381.9,116.5,0.8537,0.3665,0,2.7,0.3752,0.7897,37.3206,1
VH-00212,2023-10-23,22,Medium,6223.8,139.2,0.5793,0.3567,2,2.7,0.4876,0.8583,19.7181,0
VH-00213,2022-08-29,8,Light,6839.6,144.8,0.8103,0.2963,0,8.1,0.3178,0.5753,25.708,0
VH-00214,2022-10-28,10,Heavy,3340.7,88.6,0.9357,0.169,0,3.6,0.8505,0.9581,69.6141,0
VH-00215,2022-05-31,5,Heavy,6748.5,154.3,0.4999,0.2372,0,4.0,0.3438,0.9433,42.0397,0
VH-00216,2022-01-01,0,Heavy,2301.7,42.8,0.81,0.1641,0,2.2,0.7515,0.4837,44.7594,0
VH-00217,2022-07-30,7,Light,5619.2,102.5,0.9179,0.5842,1,8.6,0.8273,0.7166,9.6948,1
VH-00218,2022-05-01,4,Light,3760.0,100.1,0.7052,0.0957,0,7.8,0.5399,0.6607,27.7626,0
VH-00219,2023-07-25,19,Heavy,3104.5,57.8,0.8418,0.177,2,2.5,0.6965,0.6536,43.3959,0
VH-00220,2023-04-26,16,Medium,5421.7,121.6,0.5526,0.3007,2,3.3,0.8382,0.8743,31.896,0
VH-00221,2023-11-22,23,Medium,5917.4,166.8,0.9671,0.6125,1,3.4,0.4054,0.7224,31.6792,1
VH-00222,2022-11-27,11,Medium,5872.9,142.5,0.2055,0.8416,0,2.9,0.5181,0.8046,59.0088,1
VH-00223,2023-09-23,21,Medium,4822.3,131.3,0.7334,0.5016,2,7.1,0.6065,0.8988,45.1828,1
VH-00224,2022-04-01,3,Heavy,4697.9,96.3,0.7061,0.4077,1,6.2,0.5031,0.9758,37.8992,1
VH-00225,2023-09-23,21,Medium,5290.3,133.6,0.5044,0.2064,2,2.5,0.824,0.5932,68.8113,0
VH-00226,2023-07-25,19,Heavy,4955.6,110.5,0.7751,0.5174,1,15.5,0.8209,0.9296,18.9697,1
VH-00227,2023-03-27,15,Light,5312.0,123.5,0.6779,0.4012,1,6.2,0.4594,0.7976,39.4644,0
VH-00228,2022-06-30,6,Medium,4806.0,137.1,0.6475,0.05,0,3.5,0.1883,0.1941,22.9076,1
VH-00229,2023-06-25,18,Medium,5764.2,123.9,0.8422,0.1524,1,2.8,0.6622,0.6728,68.3203,0
VH-00230,2022-11-27,11,Light,2059.2,46.0,0.6225,0.7981,1,3.0,0.4251,0.8615,43.1469,0
VH-00231,2023-09-23,21,Light,4303.1,82.1,0.8518,0.5754,0,1.0,0.7653,0.456,30.8651,1
VH-00232,2022-05-31,5,Medium,2424.2,67.2,0.8145,0.0258,0,1.5,0.3826,0.627,52.0008,0
VH-00233,2023-04-26,16,Heavy,4915.1,100.8,0.6642,0.5819,1,4.3,0.4426,0.6142,26.1212,1
VH-00234,2022-12-27,12,Medium,6962.9,170.1,0.4872,0.4118,1,5.1,0.7247,0.592,19.6544,1
VH-00235,2023-03-27,15,Heavy,3788.9,59.4,0.901,0.442,1,5.3,0.7956,0.4618,3.4024,1
VH-00236,2022-11-27,11,Heavy,4690.9,112.5,0.6668,0.4593,0,2.4,0.8386,0.6006,50.9575,1
VH-00237,2022-10-28,10,Medium,5634.7,115.6,0.9136,0.4091,0,2.6,0.5935,0.736,35.405,0
VH-00238,2022-01-31,1,Heavy,1398.4,42.0,0.8593,0.3936,0,9.7,0.3699,0.7204,34.2488,0
VH-00239,2023-05-26,17,Light,3716.8,82.4,0.6194,0.274,0,3.4,0.3093,0.755,40.1533,0
VH-00240,2022-05-31,5,Light,5046.8,104.1,0.7306,0.6132,1,6.2,0.6114,0.7592,31.0545,1
VH-00241,2023-03-27,15,Heavy,800.0,20.0,0.8966,0.2596,2,6.1,0.5537,0.4494,23.1628,0
VH-00242,2022-07-30,7,Heavy,3034.8,54.7,0.8227,0.5146,1,2.3,0.8158,0.9096,39.0084,0
VH-00243,2022-09-28,9,Light,6151.3,149.3,0.6264,0.131,1,12.8,0.7729,0.707,23.8461,0
VH-00244,2023-05-26,17,Medium,6004.5,117.7,0.691,0.3276,2,30.9,0.6466,0.8278,24.6655,1
VH-00245,2023-01-26,13,Medium,5061.5,108.5,0.8778,0.1863,1,9.2,0.4919,0.6365,25.5091,1
VH-00246,2022-06-30,6,Heavy,5823.3,134.6,0.8071,0.4899,1,6.8,0.5617,0.7733,16.0336,1
VH-00247,2023-03-27,15,Medium,4822.7,131.4,0.7741,0.5095,0,9.3,0.6483,0.7388,35.546,1
VH-00248,2022-01-01,0,Medium,5333.1,118.4,0.5776,0.0903,0,9.9,0.643,0.8354,50.5696,0
VH-00249,2023-03-27,15,Medium,4026.5,85.8,0.8747,0.7519,1,5.8,0.613,0.6352,14.9188,1
VH-00250,2023-01-26,13,Medium,4673.7,108.0,0.9359,0.5975,0,7.7,0.6175,0.7894,21.8427,1
VH-00251,2023-11-22,23,Medium,3551.4,47.8,0.9717,0.5113,0,5.6,0.8971,0.4636,12.1385,1
VH-00252,2022-11-27,11,Heavy,6395.2,124.1,0.8523,0.276,0,5.8,0.3694,0.954,32.863,0
VH-00253,2023-03-27,15,Medium,6782.3,145.1,0.6903,0.3763,0,13.2,0.7224,0.742,26.1346,1
VH-00254,2022-07-30,7,Light,6569.9,135.3,0.6012,0.3303,2,7.1,0.3603,0.5052,23.1234,1
VH-00255,2023-11-22,23,Light,3887.8,62.4,0.3425,0.4568,0,8.0,0.3825,0.836,18.4408,0
VH-00256,2022-07-30,7,Heavy,3069.3,81.1,0.5956,0.6076,4,6.5,0.4603,0.6477,26.4386,1
VH-00257,2023-09-23,21,Heavy,6415.5,146.5,0.915,0.3072,2,6.5,0.5658,0.6453,19.4073,1
VH-00258,2023-03-27,15,Light,5315.9,120.2,0.6375,0.5343,0,21.3,0.6775,0.6872,5.1916,1
VH-00259,2023-04-26,16,Light,4992.9,100.5,0.8062,0.5782,0,9.0,0.7162,0.8486,38.2403,1
VH-00260,2022-12-27,12,Medium,3549.6,80.1,0.6907,0.3986,1,10.3,0.24,0.7812,54.3791,0
VH-00261,2023-05-26,17,Light,5138.5,121.9,0.8581,0.5737,2,6.4,0.6741,0.9072,38.9176,1
VH-00262,2022-09-28,9,Heavy,2872.1,59.9,0.5251,0.0438,1,7.6,0.3043,0.3213,34.0901,0
VH-00263,2023-10-23,22,Medium,5451.1,127.8,0.7954,0.4291,4,11.7,0.6524,0.2405,15.3467,1
VH-00264,2023-08-24,20,Light,6568.3,134.0,0.881,0.2,0,10.6,0.4506,0.8082,46.4499,0
VH-00265,2023-05-26,17,Heavy,6946.6,155.8,0.5577,0.0533,1,3.2,0.8507,0.7625,28.1821,1
VH-00266,2022-05-31,5,Light,5562.8,140.8,0.5694,0.3897,0,3.9,0.3881,0.7236,15.7454,1
VH-00267,2022-10-28,10,Medium,2427.0,72.4,0.8061,0.648,0,1.4,0.8882,0.8544,64.324,0
VH-00268,2023-01-26,13,Light,4796.0,126.5,0.9152,0.3602,0,3.4,0.6424,0.6522,30.112,1
VH-00269,2023-04-26,16,Light,7709.5,175.6,0.6483,0.7088,1,1.3,0.7216,0.4599,6.4599,1
VH-00270,2023-08-24,20,Light,3197.1,71.5,0.8717,0.1977,1,2.1,0.1445,0.5873,43.0363,0
VH-00271,2022-09-28,9,Light,4411.2,91.3,0.7459,0.5775,0,6.8,0.5389,0.4662,26.9801,0
VH-00272,2022-01-31,1,Light,6620.3,120.0,0.5664,0.1545,2,3.4,0.4744,0.4767,12.397,1
VH-00273,2023-05-26,17,Light,5425.7,100.4,0.9834,0.2831,2,6.6,0.3215,0.746,18.7821,1
VH-00274,2022-03-02,2,Medium,8220.2,180.2,0.7298,0.2876,1,3.5,0.7218,0.5194,25.2273,1
VH-00275,2023-05-26,17,Medium,3400.7,73.9,0.9548,0.4814,0,10.9,0.5186,0.7206,15.0838,1
VH-00276,2022-07-30,7,Medium,3015.4,88.2,0.9589,0.1646,0,1.4,0.7724,0.8009,54.3187,0
VH-00277,2022-01-01,0,Medium,6336.2,160.5,0.8678,0.2802,0,4.7,0.7932,0.5581,12.5836,1
VH-00278,2023-05-26,17,Medium,2706.2,49.8,0.8965,0.6049,0,3.4,0.6206,0.8996,30.6452,0
VH-00279,2023-08-24,20,Heavy,4204.8,105.7,0.5753,0.5706,1,1.5,0.6002,0.9491,23.2413,0
VH-00280,2022-05-31,5,Heavy,4401.5,90.7,0.6431,0.218,1,1.5,0.4323,0.8886,41.3751,0
VH-00281,2023-06-25,18,Light,6054.0,144.8,0.3584,0.5669,1,5.6,0.2859,0.7194,37.646,1
VH-00282,2022-12-27,12,Light,5421.4,132.6,0.6199,0.4546,1,5.2,0.6997,0.5968,25.0723,1
VH-00283,2023-02-25,14,Light,5185.6,133.9,0.7023,0.6135,1,1.5,0.4852,0.7253,18.5694,0
VH-00284,2022-05-31,5,Light,3896.4,79.2,0.8782,0.3073,3,0.2,0.6376,0.6765,50.2428,1
VH-00285,2022-03-02,2,Medium,6322.5,155.7,0.8198,0.6441,0,7.8,0.5173,0.9115,38.6026,0
VH-00286,2023-09-23,21,Medium,9000.0,171.9,0.9218,0.2185,1,4.6,0.1493,0.6994,49.4279,1
VH-00287,2023-04-26,16,Light,5536.9,142.5,0.6374,0.5894,2,10.1,0.5639,0.78,22.2603,1
VH-00288,2023-04-26,16,Medium,4649.5,102.9,0.6618,0.2291,0,3.4,0.4534,0.725,37.7003,0
VH-00289,2022-05-31,5,Medium,2553.2,56.7,0.5737,0.1715,0,12.0,0.5228,0.5423,18.7798,1
VH-00290,2022-10-28,10,Light,3543.8,48.2,0.6111,0.1491,0,2.8,0.9517,0.7118,68.2147,0
VH-00291,2022-04-01,3,Heavy,4179.4,87.0,0.757,0.4519,2,1.6,0.6693,0.2849,12.393,1
VH-00292,2023-11-22,23,Light,3698.1,102.5,0.8443,0.0588,0,7.8,0.5674,0.6219,67.8297,0
VH-00293,2023-05-26,17,Heavy,4475.9,93.1,0.7499,0.2009,4,1.1,0.6267,0.4966,18.604,0
VH-00294,2023-11-22,23,Light,7167.0,170.0,0.6572,0.3823,0,10.6,0.8433,0.9277,27.7678,1
VH-00295,2023-02-25,14,Heavy,6370.8,142.1,0.74,0.5894,1,4.7,0.3642,0.7867,27.8217,1
VH-00296,2023-03-27,15,Heavy,4261.8,110.6,0.7823,0.8617,0,11.1,0.5093,0.6504,5.2422,1
VH-00297,2023-09-23,21,Heavy,2687.6,62.6,0.6683,0.2555,0,12.8,0.6523,0.6348,62.7787,0
VH-00298,2022-08-29,8,Heavy,6506.1,130.6,0.5278,0.5444,0,4.6,0.1373,0.8147,19.8734,0
VH-00299,2022-01-01,0,Heavy,4426.4,99.2,0.3041,0.6083,2,5.5,0.8155,0.8201,21.5183,1
VH-00300,2023-01-26,13,Medium,1910.2,66.5,0.621,0.2949,2,6.9,0.5394,0.7876,42.1875,0
VH-00301,2022-08-29,8,Heavy,5568.6,131.2,0.8819,0.3212,1,16.3,0.1676,0.9532,42.8883,0
VH-00302,2023-11-22,23,Light,6038.5,132.4,0.6389,0.1126,2,3.8,0.7264,0.9212,37.8261,0
VH-00303,2022-01-31,1,Medium,861.1,53.0,0.6646,0.2954,0,3.5,0.4016,0.4726,37.3752,0
VH-00304,2023-11-22,23,Medium,3263.2,89.9,0.6294,0.3062,3,9.9,0.7905,0.8127,20.5145,0
VH-00305,2023-04-26,16,Heavy,4334.3,108.6,0.7141,0.407,1,2.3,0.6252,0.7836,34.7707,0
VH-00306,2023-05-26,17,Medium,5601.8,129.2,0.784,0.6848,2,0.8,0.3565,0.6288,15.1581,1
VH-00307,2023-03-27,15,Medium,3726.4,93.8,0.474,0.1278,0,12.9,0.4107,0.9378,29.0169,0
VH-00308,2023-02-25,14,Medium,3251.8,83.7,0.6753,0.3787,3,2.4,0.397,0.4678,31.9695,0
VH-00309,2023-07-25,19,Medium,5590.8,91.5,0.6742,0.3985,2,15.4,0.3342,0.8177,25.9128,0
VH-00310,2022-01-01,0,Light,3797.5,90.3,0.7305,0.5567,2,6.7,0.4294,0.5448,18.6445,0
VH-00311,2022-06-30,6,Medium,5313.1,115.7,0.7199,0.4564,2,1.1,0.6054,0.8649,57.0852,0
VH-00312,2022-03-02,2,Medium,2832.7,55.5,0.8197,0.7113,0,2.6,0.6722,0.7272,62.091,0
VH-00313,2022-06-30,6,Light,2471.5,52.0,0.8445,0.6821,0,2.8,0.3776,0.6794,32.1623,1
VH-00314,2023-01-26,13,Medium,5632.9,101.8,0.9545,0.4397,1,4.8,0.5403,0.8685,42.5656,1
VH-00315,2023-01-26,13,Medium,4878.8,81.3,0.6786,0.5437,1,10.4,0.42,0.8254,31.9424,0
VH-00316,2023-11-22,23,Medium,5883.7,149.4,0.8121,0.2386,1,4.1,0.551,0.8197,68.4906,0
VH-00317,2022-09-28,9,Medium,3701.1,89.2,0.6146,0.2062,0,3.2,0.5074,0.6111,51.4186,0
VH-00318,2023-05-26,17,Medium,3307.3,37.3,0.6785,0.0888,0,10.4,0.4434,0.9093,56.3336,0
VH-00319,2022-08-29,8,Medium,6541.1,136.7,0.5734,0.4825,0,2.0,0.2347,0.3926,21.575,0
VH-00320,2023-11-22,23,Heavy,2215.6,62.4,0.8678,0.4254,3,9.2,0.5919,0.9464,46.7615,1
VH-00321,2022-05-01,4,Heavy,6377.2,137.5,0.9258,0.6789,2,9.3,0.4743,0.9182,39.0038,1
VH-00322,2022-05-01,4,Medium,6480.8,162.7,0.7921,0.5145,0,7.1,0.7132,0.6451,13.7806,1
VH-00323,2023-06-25,18,Medium,5790.1,144.4,0.757,0.5993,2,0.5,0.4526,0.9247,30.4614,1
VH-00324,2023-02-25,14,Medium,3468.3,56.7,0.3258,0.5176,1,6.1,0.3834,0.7006,25.1992,0
VH-00325,2023-05-26,17,Heavy,3275.2,70.6,0.8571,0.1076,1,3.1,0.567,0.8609,19.7202,1
VH-00326,2023-11-22,23,Medium,4184.9,86.3,0.5811,0.2291,1,3.8,0.8632,0.952,32.5409,1
VH-00327,2022-05-01,4,Heavy,2557.4,36.0,0.9517,0.2713,0,1.2,0.6165,0.6654,47.8243,1
VH-00328,2022-01-31,1,Medium,3057.5,46.1,0.6209,0.5923,0,0.4,0.5407,0.6053,38.6408,0
VH-00329,2023-04-26,16,Medium,5467.1,109.4,0.7589,0.5153,1,4.6,0.5545,0.5578,8.9774,1
VH-00330,2023-01-26,13,Medium,5474.0,112.0,0.837,0.2926,2,6.0,0.18,0.7997,19.5207,1
VH-00331,2022-03-02,2,Heavy,2925.6,69.3,0.8575,0.5906,1,5.7,0.3925,0.8669,40.0118,0
VH-00332,2022-03-02,2,Light,5514.2,138.2,0.9129,0.7053,0,3.5,0.4979,0.6668,24.7555,1
VH-00333,2023-06-25,18,Medium,5181.5,122.8,0.6536,0.2336,0,1.2,0.6185,0.5915,44.0243,1
VH-00334,2022-05-31,5,Heavy,6764.8,161.6,0.7594,0.6049,1,1.5,0.4505,0.8761,27.7705,1
VH-00335,2023-11-22,23,Light,5353.7,115.0,0.6703,0.5996,2,19.2,0.4312,0.4711,20.2355,1
VH-00336,2022-09-28,9,Medium,6087.9,144.3,0.4611,0.5907,1,2.6,0.2594,0.6888,56.6384,0
VH-00337,2023-09-23,21,Light,5215.6,113.7,0.8847,0.5713,0,9.9,0.1182,0.531,38.9685,1
VH-00338,2023-11-22,23,Heavy,5969.9,126.0,0.9652,0.1963,1,0.4,0.2405,0.6686,65.8648,0
VH-00339,2023-02-25,14,Light,2569.3,85.6,0.9134,0.4228,2,5.1,0.4891,0.6919,21.3808,0
VH-00340,2022-08-29,8,Heavy,4317.4,61.0,0.8315,0.7478,1,5.2,0.8078,0.8129,13.0781,1
VH-00341,2022-06-30,6,Light,4441.5,70.6,0.4774,0.2639,0,4.3,0.0564,0.7186,43.7703,0
VH-00342,2023-11-22,23,Heavy,4134.4,97.6,0.5106,0.3281,2,7.1,0.4106,0.6619,27.5009,1
VH-00343,2023-08-24,20,Heavy,5165.8,110.8,0.7884,0.7401,3,0.3,0.459,0.7017,25.5598,0
VH-00344,2023-10-23,22,Medium,5451.6,99.6,0.902,0.4979,1,5.2,0.8564,0.5846,15.6638,1
VH-00345,2023-06-25,18,Heavy,5088.4,97.3,0.7647,0.707,2,3.5,0.4064,0.5123,19.8158,1
VH-00346,2022-10-28,10,Heavy,4234.6,80.2,0.9258,0.5618,2,3.4,0.4623,0.8405,26.0953,1
VH-00347,2022-01-01,0,Heavy,3396.4,88.9,0.4654,0.583,1,3.4,0.5427,0.7009,43.1129,0
VH-00348,2022-03-02,2,Medium,6145.8,154.8,0.6033,0.6424,0,6.3,0.4229,0.6261,45.952,1
VH-00349,2023-09-23,21,Medium,5024.6,136.3,0.8038,0.3506,1,3.6,0.638,0.319,7.2717,1
VH-00350,2022-04-01,3,Light,2972.1,42.2,0.6131,0.7002,1,3.7,0.6466,0.4831,25.299,0
VH-00351,2023-02-25,14,Medium,4209.5,73.0,0.5659,0.7361,1,3.1,0.3207,0.9131,30.4351,1
VH-00352,2022-05-01,4,Light,1885.1,20.4,0.904,0.7075,1,19.4,0.5616,0.8755,55.4486,0
VH-00353,2022-07-30,7,Medium,4553.1,120.5,0.3882,0.3734,1,0.4,0.9168,0.9163,38.4408,0
VH-00354,2023-03-27,15,Medium,4202.4,99.6,0.8271,0.4743,0,4.6,0.5834,0.9644,23.413,0
VH-00355,2023-03-27,15,Medium,3638.3,82.1,0.7566,0.6166,2,2.7,0.6093,0.5668,18.4454,0
VH-00356,2022-12-27,12,Medium,6876.9,156.3,0.8284,0.0465,0,2.7,0.9406,0.6041,29.9154,1
VH-00357,2023-08-24,20,Heavy,2765.8,60.6,0.9592,0.47,0,0.8,0.5063,0.7355,3.8797,1
VH-00358,2023-06-25,18,Heavy,5559.6,106.7,0.8373,0.5336,0,1.2,0.6886,0.7029,5.3936,1
VH-00359,2022-03-02,2,Medium,7780.1,180.6,0.9374,0.4507,2,7.9,0.6678,0.6222,12.5169,1
VH-00360,2023-01-26,13,Medium,6115.9,133.1,0.6508,0.3725,0,10.8,0.4901,0.6919,13.9681,1
VH-00361,2023-01-26,13,Heavy,4452.7,80.9,0.7507,0.44,0,1.1,0.6768,0.7792,7.9294,1
VH-00362,2023-03-27,15,Light,2798.9,70.8,0.8604,0.4195,0,6.4,0.5551,0.4928,18.9502,1
VH-00363,2022-07-30,7,Light,2456.9,48.2,0.6356,0.5014,0,6.6,0.6557,0.687,36.1494,0
VH-00364,2023-01-26,13,Light,3882.7,89.7,0.8462,0.1056,0,5.7,0.3965,0.6794,55.6724,0
VH-00365,2023-11-22,23,Medium,3469.5,75.2,0.654,0.0794,0,4.8,0.6088,0.9025,22.288,0
VH-00366,2022-07-30,7,Medium,3420.7,89.4,0.7191,0.3343,0,8.9,0.5896,0.8921,34.4626,1
VH-00367,2022-04-01,3,Heavy,4010.5,92.4,0.8097,0.873,0,1.9,0.246,0.809,42.7939,0
VH-00368,2022-09-28,9,Medium,4346.6,83.3,0.9514,0.3646,0,2.1,0.8295,0.4871,12.8228,1
VH-00369,2023-08-24,20,Medium,5227.8,121.0,0.6586,0.7125,2,6.2,0.9103,0.9027,39.5162,1
VH-00370,2022-06-30,6,Heavy,2643.3,64.1,0.8683,0.3935,0,7.6,0.6638,0.7043,22.6441,1
VH-00371,2023-02-25,14,Heavy,3476.6,84.9,0.6294,0.5408,0,4.7,0.2216,0.8035,55.5777,0
VH-00372,2022-08-29,8,Medium,4260.5,110.2,0.6194,0.3303,1,5.0,0.3653,0.7661,41.8954,0
VH-00373,2023-02-25,14,Medium,4206.8,84.2,0.575,0.5214,0,9.3,0.246,0.8557,40.1323,0
VH-00374,2023-02-25,14,Medium,7254.6,171.2,0.7888,0.5205,1,11.1,0.6976,0.4235,9.9867,1
VH-00375,2022-01-01,0,Light,4848.4,81.9,0.8417,0.1536,1,18.5,0.4642,0.7663,30.143,1
VH-00376,2022-03-02,2,Light,2079.6,44.4,0.9449,0.4079,1,1.9,0.1925,0.8415,38.0434,0
VH-00377,2023-05-26,17,Heavy,5127.3,109.8,0.3997,0.272,2,1.9,0.44,0.6803,68.7503,0
VH-00378,2022-05-31,5,Medium,5318.5,139.9,0.5768,0.3367,0,22.7,0.6302,0.4464,27.3265,0
VH-00379,2022-03-02,2,Medium,4312.3,93.5,0.6454,0.1272,1,5.2,0.3873,0.7795,71.9141,0
VH-00380,2022-11-27,11,Heavy,2679.9,68.7,0.7329,0.4187,1,7.5,0.7135,0.836,16.6391,1
VH-00381,2022-05-01,4,Medium,7137.1,132.2,0.6955,0.5397,0,3.1,0.5859,0.404,33.9197,1
VH-00382,2022-09-28,9,Heavy,2895.2,59.1,0.7872,0.5658,1,8.9,0.7394,0.6117,24.6042,1
VH-00383,2023-07-25,19,Heavy,5491.2,109.3,0.7711,0.4802,3,1.1,0.4977,0.71,19.736,0
VH-00384,2022-12-27,12,Medium,4800.1,143.8,0.766,0.4766,1,1.3,0.454,0.8315,18.0893,0
VH-00385,2023-08-24,20,Medium,5401.2,110.0,0.6006,0.556,3,13.9,0.5986,0.5278,36.796,1
VH-00386,2023-07-25,19,Heavy,7060.3,158.0,0.3524,0.3885,0,8.9,0.6721,0.6927,37.8692,1
VH-00387,2023-08-24,20,Heavy,5342.5,120.6,0.6011,0.4917,0,3.0,0.6073,0.5797,44.2842,1
VH-00388,2022-01-31,1,Heavy,3662.0,57.5,0.8097,0.3194,1,9.0,0.8745,0.7881,25.2484,0
VH-00389,2022-12-27,12,Light,6159.0,129.0,0.834,0.9641,0,4.6,0.2529,0.9607,53.8648,0
VH-00390,2023-08-24,20,Heavy,3553.4,85.0,0.6964,0.386,0,1.4,0.4194,0.7118,37.9675,0
VH-00391,2022-04-01,3,Medium,4745.3,106.7,0.5705,0.5464,0,5.8,0.5301,0.9037,36.0913,0
VH-00392,2022-01-01,0,Light,2560.4,22.4,0.8112,0.42,0,4.8,0.4984,0.9158,42.5458,0
VH-00393,2022-12-27,12,Medium,2950.1,57.1,0.355,0.5471,0,2.5,0.8419,0.8618,46.7658,0
VH-00394,2022-05-31,5,Medium,4577.1,117.0,0.8557,0.2365,0,1.8,0.4136,0.7989,3.2903,1
VH-00395,2023-09-23,21,Light,5052.1,121.1,0.9162,0.1496,2,9.3,0.4956,0.8606,33.2054,1
VH-00396,2022-01-31,1,Medium,1946.4,61.5,0.8151,0.7578,1,5.4,0.1141,0.8419,54.4544,1
VH-00397,2023-01-26,13,Heavy,5245.9,101.8,0.4052,0.4368,0,5.2,0.3647,0.8431,25.721,0
VH-00398,2022-04-01,3,Medium,3270.9,91.9,0.8565,0.1937,2,1.3,0.4663,0.7456,41.4382,1
VH-00399,2022-10-28,10,Medium,6419.5,142.0,0.8576,0.3481,1,3.3,0.6862,0.7207,26.8115,0
VH-00400,2023-02-25,14,Medium,3972.1,112.2,0.7773,0.4371,0,5.7,0.5054,0.685,50.8026,1
VH-00401,2022-06-30,6,Medium,2814.6,62.6,0.7519,0.1239,0,1.8,0.6866,0.5581,44.8455,0
VH-00402,2023-11-22,23,Heavy,4613.7,71.8,0.5033,0.1979,1,10.3,0.4399,0.7566,61.8191,1
VH-00403,2022-01-01,0,Heavy,3125.6,82.2,0.947,0.0912,0,14.8,0.4748,0.6556,11.7313,1
VH-00404,2023-02-25,14,Light,6403.4,135.6,0.7278,0.3799,0,8.0,0.6482,0.566,41.1745,1
VH-00405,2022-11-27,11,Heavy,4500.8,94.4,0.6807,0.6652,0,8.4,0.6397,0.4656,13.8505,1
VH-00406,2022-10-28,10,Heavy,4272.5,73.1,0.7079,0.2071,1,5.3,0.3759,0.7188,49.1472,0
VH-00407,2022-01-31,1,Medium,5387.7,144.1,0.6131,0.0924,1,10.0,0.771,0.6491,41.0092,0
VH-00408,2022-06-30,6,Heavy,2992.6,58.7,0.7763,0.0915,0,7.1,0.4292,0.4417,51.6836,0
VH-00409,2022-11-27,11,Light,2566.3,80.7,0.5925,0.5278,1,6.1,0.4858,0.8663,70.0735,0
VH-00410,2023-11-22,23,Heavy,5112.5,107.1,0.6982,0.1847,1,7.5,0.5213,0.8283,24.1486,0
VH-00411,2022-05-01,4,Medium,2850.5,49.4,0.721,0.3561,0,4.0,0.7221,0.7671,35.0455,0
VH-00412,2022-08-29,8,Medium,2850.0,83.1,0.6918,0.7046,1,17.9,0.438,0.7721,54.8153,1
VH-00413,2023-10-23,22,Light,5755.1,126.8,0.7979,0.3962,0,1.4,0.7829,0.8158,33.0024,0
VH-00414,2022-08-29,8,Heavy,5287.6,116.5,0.9238,0.5089,0,7.9,0.628,0.9364,39.373,0
VH-00415,2022-12-27,12,Light,2619.3,39.0,0.8444,0.1991,0,1.2,0.699,0.6974,23.3462,0
VH-00416,2022-03-02,2,Light,3571.3,72.5,0.9693,0.4752,1,4.3,0.6166,0.5931,23.6723,0
VH-00417,2022-04-01,3,Light,3144.4,76.3,0.4224,0.1458,0,6.2,0.4678,0.8864,39.7189,0
VH-00418,2023-02-25,14,Heavy,7164.5,139.7,0.6629,0.5625,0,3.6,0.748,0.8839,6.5727,1
VH-00419,2022-08-29,8,Light,5859.0,122.1,0.7399,0.4895,0,5.4,0.3831,0.7323,23.2102,0
VH-00420,2023-11-22,23,Heavy,3868.7,79.7,0.8222,0.789,2,0.6,0.553,0.904,11.3901,1
VH-00421,2022-04-01,3,Medium,5364.3,120.2,0.9086,0.7837,1,4.8,0.4768,0.7396,27.1367,0
VH-00422,2022-12-27,12,Light,2465.7,77.0,0.5707,0.2455,1,3.0,0.844,0.7601,63.9503,0
VH-00423,2023-09-23,21,Light,3491.0,73.1,0.5886,0.0501,0,6.1,0.6359,0.2556,57.4615,0
VH-00424,2022-11-27,11,Light,4657.3,93.1,0.8573,0.3205,0,4.0,0.8368,0.3656,22.0035,1
VH-00425,2023-02-25,14,Medium,5178.3,156.3,0.6292,0.3733,2,1.1,0.4675,0.7865,31.4603,1
VH-00426,2023-03-27,15,Heavy,4353.8,90.3,0.8876,0.1628,0,4.4,0.7735,0.7425,38.3331,0
VH-00427,2023-08-24,20,Light,4872.0,105.4,0.9599,0.6826,1,2.3,0.3492,0.8619,29.1243,0
VH-00428,2022-08-29,8,Heavy,4617.5,97.2,0.5594,0.7405,0,5.2,0.4754,0.7806,22.2275,0
VH-00429,2023-07-25,19,Light,4254.6,90.4,0.6417,0.502,0,2.1,0.4456,0.6804,35.5314,0
VH-00430,2022-04-01,3,Heavy,4055.8,91.3,0.4213,0.5202,0,2.9,0.3847,0.419,21.2452,0
VH-00431,2023-04-26,16,Heavy,3860.6,99.6,0.6038,0.683,1,3.5,0.228,0.6037,26.1849,0
VH-00432,2022-09-28,9,Heavy,4847.9,113.8,0.4634,0.8087,0,9.3,0.3672,0.5526,52.6946,1
VH-00433,2022-10-28,10,Medium,5116.2,129.9,0.7558,0.4328,2,2.6,0.6104,0.8321,11.0077,1
VH-00434,2023-10-23,22,Heavy,4797.5,122.3,0.7377,0.2116,1,2.4,0.5681,0.8341,27.481,0
VH-00435,2022-04-01,3,Light,2732.1,63.8,0.4242,0.612,0,2.2,0.8792,0.9034,49.6298,0
VH-00436,2022-06-30,6,Light,3001.6,72.3,0.8794,0.3029,1,3.6,0.6263,0.6289,47.1058,1
VH-00437,2023-03-27,15,Light,5098.3,129.9,0.8058,0.1966,0,18.5,0.6272,0.9435,28.634,0
VH-00438,2022-01-31,1,Medium,6707.5,132.4,0.9452,0.3617,0,7.1,0.1859,0.9918,38.2916,0
VH-00439,2023-03-27,15,Heavy,4728.6,142.6,0.7073,0.439,3,15.8,0.6532,0.5529,34.7571,1
VH-00440,2023-02-25,14,Medium,3882.5,78.6,0.8033,0.2448,0,3.8,0.8358,0.8005,19.6068,0
VH-00441,2022-11-27,11,Heavy,4836.5,102.2,0.6711,0.3928,1,4.4,0.4859,0.5187,9.3872,1
VH-00442,2023-04-26,16,Light,2794.8,43.9,0.7324,0.5732,2,5.1,0.7427,0.2587,28.7113,1
VH-00443,2023-02-25,14,Heavy,6463.4,125.9,0.7482,0.7849,1,5.9,0.8188,0.759,16.9867,1
VH-00444,2023-06-25,18,Light,4779.9,120.8,0.9395,0.3522,0,6.8,0.6021,0.8093,32.9736,1
VH-00445,2023-04-26,16,Medium,3495.8,111.7,0.8712,0.3962,0,1.3,0.2486,0.5934,49.3623,0
VH-00446,2022-04-01,3,Heavy,4249.8,85.9,0.7954,0.5858,2,3.7,0.4552,0.9845,46.7708,0
VH-00447,2022-04-01,3,Heavy,3709.4,87.6,0.5967,0.3746,0,2.9,0.4941,0.8596,18.1307,0
VH-00448,2022-10-28,10,Medium,6467.5,147.0,0.6808,0.3893,2,9.3,0.3052,0.6512,17.8076,1
VH-00449,2023-09-23,21,Light,4196.6,108.3,0.8956,0.3627,1,6.4,0.5415,0.6405,29.8263,0
VH-00450,2022-01-01,0,Medium,4733.0,138.5,0.8915,0.3883,0,3.4,0.8261,0.5758,5.0021,1
VH-00451,2022-06-30,6,Light,5360.6,141.9,0.6689,0.6676,0,6.6,0.3041,0.7747,25.8938,1
VH-00452,2022-10-28,10,Heavy,3388.9,71.7,0.7201,0.2821,0,7.4,0.7612,0.4904,56.2453,1
VH-00453,2022-09-28,9,Heavy,4790.6,114.4,0.7242,0.2416,1,7.9,0.8105,0.63,20.2156,1
VH-00454,2023-03-27,15,Light,4911.7,118.6,0.5173,0.2005,0,2.3,0.7862,0.5741,55.9011,0
VH-00455,2022-08-29,8,Light,2168.9,47.9,0.8725,0.0716,0,5.6,0.5337,0.9039,50.4229,0
VH-00456,2022-07-30,7,Light,4879.0,92.0,0.6898,0.7543,0,3.3,0.3657,0.774,26.38,1
VH-00457,2023-02-25,14,Heavy,4431.4,86.5,0.7614,0.6031,0,4.0,0.6262,0.5104,29.6065,1
VH-00458,2022-11-27,11,Medium,4694.9,121.6,0.8325,0.1653,1,2.4,0.7225,0.8834,25.9034,0
VH-00459,2023-03-27,15,Heavy,4553.4,120.0,0.5484,0.1594,0,7.3,0.5834,0.6101,62.8631,0
VH-00460,2022-01-31,1,Medium,4888.8,105.5,0.8119,0.7666,1,8.3,0.5911,0.5699,16.5118,1
VH-00461,2022-08-29,8,Medium,6506.0,148.5,0.9632,0.675,0,5.6,0.6117,0.359,11.5035,1
VH-00462,2023-08-24,20,Light,2730.7,78.6,0.4657,0.3654,0,8.0,0.3556,0.7376,55.9649,1
VH-00463,2022-01-31,1,Heavy,3986.8,63.0,0.724,0.5834,1,1.9,0.4318,0.7273,41.159,0
VH-00464,2022-11-27,11,Medium,5499.9,115.5,0.8566,0.3419,1,11.4,0.5192,0.6017,19.1163,1
VH-00465,2023-05-26,17,Medium,5221.4,146.3,0.6424,0.3057,1,2.7,0.5799,0.7517,44.3943,0
VH-00466,2022-01-31,1,Medium,5189.1,119.8,0.2996,0.5663,1,7.5,0.2963,0.6854,46.3652,0
VH-00467,2023-04-26,16,Medium,8630.4,174.8,0.7412,0.5248,0,3.0,0.4429,0.9437,28.4227,0
VH-00468,2022-05-01,4,Heavy,5421.2,122.2,0.9435,0.332,0,12.3,0.3873,0.9068,28.5514,1
VH-00469,2023-04-26,16,Light,6196.4,153.0,0.7133,0.3193,1,5.5,0.1514,0.912,18.6386,0
VH-00470,2022-09-28,9,Medium,4039.4,51.6,0.7571,0.6021,0,6.6,0.677,0.4885,17.5969,1
VH-00471,2022-01-01,0,Medium,3010.6,69.5,0.5096,0.5495,0,4.3,0.5106,0.8963,34.6126,0
VH-00472,2023-04-26,16,Medium,4028.5,83.9,0.7844,0.4203,1,7.6,0.6955,0.666,53.3973,1
VH-00473,2022-05-31,5,Light,5567.9,99.1,0.5364,0.1189,0,9.2,0.7421,0.5144,51.0309,0
VH-00474,2023-08-24,20,Light,5110.2,114.8,0.5086,0.7192,1,11.4,0.7159,0.7904,56.4678,0
VH-00475,2023-05-26,17,Medium,5104.9,111.4,0.5312,0.2212,1,1.3,0.3643,0.5454,42.0891,0
VH-00476,2022-05-01,4,Medium,4178.5,92.5,0.9024,0.0628,1,0.5,0.3063,0.6296,49.2278,0
VH-00477,2023-11-22,23,Medium,3939.3,82.3,0.4367,0.4823,2,1.1,0.7171,0.886,52.5811,0
VH-00478,2023-07-25,19,Medium,4230.2,78.7,0.25,0.3855,3,6.6,0.6192,0.5879,47.2943,0
VH-00479,2022-12-27,12,Medium,5586.7,102.3,0.6323,0.2696,3,3.7,0.9079,0.9264,34.3787,0
VH-00480,2022-04-01,3,Medium,5761.1,117.7,0.7739,0.6132,1,5.3,0.6781,0.5312,1.9556,1
VH-00481,2022-01-31,1,Medium,2990.6,79.3,0.8914,0.2535,0,2.2,0.4498,0.7286,31.9797,0
VH-00482,2022-10-28,10,Light,5643.5,128.9,0.5157,0.3662,1,3.7,0.4088,0.7062,27.0058,0
VH-00483,2023-04-26,16,Medium,3523.9,77.3,0.8445,0.5831,0,9.6,0.5124,0.5421,55.2397,1
VH-00484,2023-09-23,21,Medium,5203.4,100.0,0.7018,0.348,2,3.4,0.4509,0.9223,61.7694,1
VH-00485,2023-10-23,22,Light,4212.1,88.0,0.8832,0.4035,1,2.2,0.5919,0.733,48.7685,1
VH-00486,2022-05-01,4,Medium,6848.7,163.3,0.8339,0.6929,1,12.3,0.2891,0.6486,11.6713,1
VH-00487,2023-07-25,19,Medium,3872.9,93.6,0.4158,0.6414,1,14.5,0.4672,0.6937,68.1428,0
VH-00488,2023-03-27,15,Light,4767.9,98.8,0.9552,0.1005,2,0.7,0.5631,0.8881,43.0584,0
VH-00489,2023-10-23,22,Medium,5409.9,81.0,0.5546,0.1879,3,6.5,0.4961,0.5222,46.1515,0
VH-00490,2023-03-27,15,Medium,3189.1,60.7,0.8946,0.1429,1,9.3,0.4299,0.6784,40.5573,0
VH-00491,2023-07-25,19,Heavy,4390.7,90.3,0.6813,0.3731,2,1.5,0.356,0.615,21.3332,0
VH-00492,2022-05-01,4,Medium,4100.1,77.5,0.797,0.3779,2,4.1,0.8111,0.774,36.1976,1
VH-00493,2023-10-23,22,Medium,3729.3,76.7,0.6363,0.3048,0,7.0,0.5963,0.8235,27.6401,1
VH-00494,2022-01-01,0,Medium,3840.4,97.6,0.9169,0.7512,1,1.3,0.318,0.5178,8.2703,1
VH-00495,2022-04-01,3,Heavy,6168.0,136.5,0.7611,0.3237,1,3.0,0.2859,0.9074,28.6226,1
VH-00496,2022-03-02,2,Medium,3602.2,94.9,0.5464,0.6212,1,4.3,0.4656,0.4929,28.528,0
VH-00497,2022-10-28,10,Medium,5349.6,96.3,0.7586,0.2987,0,7.2,0.5727,0.5703,38.4898,0
VH-00498,2023-08-24,20,Medium,4971.9,105.9,0.8043,0.6191,1,1.5,0.7315,0.7432,29.3758,1
VH-00499,2023-11-22,23,Medium,2404.5,24.3,0.816,0.5027,0,4.2,0.8482,0.7266,42.3149,0
VH-00500,2022-05-31,5,Medium,5278.8,110.9,0.4477,0.3048,1,4.6,0.7567,0.6174,23.2753,0
VH-00501,2022-08-29,8,Heavy,2379.7,37.2,0.6194,0.4391,0,4.3,0.902,0.645,54.1427,0
VH-00502,2022-01-31,1,Heavy,5442.1,140.2,0.6757,0.3428,1,21.4,0.5813,0.8812,10.589,1
VH-00503,2023-11-22,23,Heavy,3739.2,89.2,0.6762,0.2117,2,3.2,0.5101,0.6934,46.0234,0
VH-00504,2022-09-28,9,Medium,4512.6,115.5,0.4473,0.4685,1,5.1,0.4643,0.7853,48.3993,0
VH-00505,2022-01-01,0,Medium,2558.6,50.4,0.8456,0.5207,2,9.9,0.7039,0.6218,30.9426,1
VH-00506,2022-12-27,12,Heavy,4683.6,88.8,0.7237,0.2367,0,7.8,0.6628,0.5282,33.0532,0
VH-00507,2022-07-30,7,Medium,5890.4,115.1,0.5776,0.5228,0,4.3,0.8877,0.7119,18.1361,1
VH-00508,2023-06-25,18,Heavy,3289.6,77.1,0.7241,0.7011,2,6.3,0.6526,0.9196,33.0019,0
VH-00509,2022-08-29,8,Medium,3589.2,106.9,0.7318,0.2882,2,5.9,0.5981,0.1277,28.6574,1
VH-00510,2023-06-25,18,Light,5181.9,121.3,0.5045,0.2765,1,8.6,0.371,0.9055,64.9162,0
VH-00511,2022-03-02,2,Light,5219.4,110.4,0.7333,0.8345,2,1.8,0.194,0.7313,20.5333,1
VH-00512,2023-11-22,23,Heavy,848.7,20.0,0.8055,0.5844,0,6.9,0.7458,0.6659,27.0717,0
VH-00513,2023-07-25,19,Light,7523.1,166.7,0.7148,0.4804,0,2.3,0.8645,0.6907,38.2719,1
VH-00514,2023-08-24,20,Medium,5292.8,148.0,0.6007,0.2653,2,11.1,0.5112,0.9213,37.0913,0
VH-00515,2022-01-01,0,Medium,5545.4,141.7,0.7531,0.3137,1,2.4,0.3581,0.7656,29.2235,0
VH-00516,2022-07-30,7,Light,4284.7,99.1,0.5776,0.4369,1,3.3,0.3806,0.6613,27.5894,0
VH-00517,2022-05-31,5,Medium,1717.0,39.8,0.6944,0.7732,1,2.1,0.3828,0.8885,52.5258,0
VH-00518,2023-10-23,22,Heavy,5512.1,127.0,0.8223,0.2386,0,1.7,0.6173,0.7441,24.3769,0
VH-00519,2023-04-26,16,Light,3652.2,88.6,0.709,0.5765,1,5.0,0.319,0.3891,17.1936,1
VH-00520,2022-03-02,2,Heavy,5315.9,111.9,0.8082,0.3939,0,2.0,0.7079,0.8016,13.1785,1
VH-00521,2023-01-26,13,Heavy,4171.8,80.0,0.4471,0.9017,1,3.8,0.3708,0.6242,48.5712,0
VH-00522,2022-05-01,4,Medium,4857.1,123.4,0.8129,0.2795,1,7.7,0.4177,0.5656,19.4419,1
VH-00523,2023-10-23,22,Light,3337.5,74.5,0.6971,0.4133,0,5.6,0.8027,0.7112,32.8213,0
VH-00524,2022-10-28,10,Medium,5796.6,143.0,0.7847,0.4615,0,2.3,0.6965,0.5123,27.9323,1
VH-00525,2023-09-23,21,Light,2717.4,85.1,0.8773,0.3514,0,5.6,0.3863,0.8138,23.7422,0
VH-00526,2022-12-27,12,Medium,7868.4,182.7,0.5069,0.7196,2,2.4,0.344,0.6267,9.8208,1
VH-00527,2023-07-25,19,Heavy,7856.9,180.0,0.831,0.0595,0,1.0,0.4285,0.2947,17.2524,1
VH-00528,2023-06-25,18,Heavy,6949.0,202.4,0.8775,0.1333,0,2.4,0.8963,0.791,19.8097,1
VH-00529,2023-11-22,23,Heavy,6413.2,145.6,0.6964,0.3854,0,1.3,0.6607,0.8403,26.082,1
VH-00530,2023-02-25,14,Medium,4373.2,80.8,0.8532,0.1303,0,1.8,0.8566,0.8103,33.1023,1
VH-00531,2022-03-02,2,Medium,6249.8,134.7,0.7012,0.5438,0,7.3,0.3096,0.6585,37.9274,0
VH-00532,2022-10-28,10,Heavy,4355.7,120.1,0.4856,0.3559,1,4.2,0.5029,0.6604,22.8787,0
VH-00533,2023-02-25,14,Medium,2169.7,28.8,0.8453,0.5763,0,6.1,0.6808,0.7064,20.864,1
VH-00534,2023-08-24,20,Medium,6754.8,138.8,0.6062,0.3093,2,2.7,0.6056,0.7951,13.6686,1
VH-00535,2022-05-31,5,Light,6193.2,154.2,0.798,0.4391,0,5.7,0.5754,0.8024,50.2873,1
VH-00536,2023-10-23,22,Light,4453.0,94.9,0.9004,0.1497,3,1.6,0.8218,0.8472,15.6472,1
VH-00537,2023-01-26,13,Medium,2662.2,57.5,0.827,0.2,0,4.2,0.8283,0.8017,53.2447,0
VH-00538,2022-09-28,9,Light,3620.7,96.6,0.8212,0.269,1,2.9,0.5413,0.7082,40.323,0
VH-00539,2022-09-28,9,Light,1768.3,28.5,0.7206,0.783,2,7.4,0.7839,0.6454,21.2838,1
VH-00540,2023-02-25,14,Heavy,5917.6,109.5,0.6471,0.0889,0,13.8,0.6826,0.5058,42.1626,1
VH-00541,2023-01-26,13,Heavy,2095.0,25.7,0.8735,0.2613,2,2.5,0.4299,0.5707,25.887,0
VH-00542,2022-03-02,2,Medium,4930.2,118.3,0.4182,0.6816,2,3.0,0.9747,0.5288,4.6731,1
VH-00543,2023-04-26,16,Heavy,3234.5,75.8,0.5515,0.4136,0,3.9,0.3955,0.6286,34.6005,1
VH-00544,2023-09-23,21,Heavy,2359.9,42.1,0.7382,0.6595,2,2.2,0.7853,0.6531,2.8901,1
VH-00545,2022-04-01,3,Light,4857.5,90.6,0.7684,0.7022,0,3.2,0.3153,0.9394,36.7944,0
VH-00546,2023-04-26,16,Medium,3999.3,84.8,0.8486,0.0531,0,5.5,0.4631,0.6538,45.3901,1
VH-00547,2023-05-26,17,Medium,5757.3,144.7,0.6886,0.542,0,15.5,0.1644,0.6353,58.6919,1
VH-00548,2022-04-01,3,Light,2598.6,45.2,0.8248,0.6692,0,4.1,0.4557,0.6081,43.8461,1
VH-00549,2023-02-25,14,Heavy,3364.0,64.8,0.7605,0.2435,1,1.4,0.5767,0.6358,64.5557,1
VH-00550,2022-11-27,11,Medium,918.5,20.0,0.8093,0.7022,0,1.7,0.4876,0.8369,9.3559,1
VH-00551,2022-01-31,1,Medium,1223.5,21.7,0.9268,0.3344,1,3.4,0.7074,0.9409,35.9532,0
VH-00552,2022-01-01,0,Light,7197.3,165.0,0.3451,0.3788,0,5.6,0.3575,0.7129,62.2163,0
VH-00553,2022-11-27,11,Light,7625.4,201.2,0.4881,0.5969,1,3.8,0.5052,0.365,15.8529,1
VH-00554,2023-07-25,19,Heavy,4639.1,106.4,0.91,0.1913,0,10.1,0.6438,0.3118,17.2102,1
VH-00555,2023-07-25,19,Light,3264.3,71.7,0.5628,0.6518,0,5.3,0.435,0.585,57.8692,0
VH-00556,2022-01-31,1,Light,4052.3,103.0,0.3756,0.1644,1,7.4,0.6133,0.7125,35.9756,0
VH-00557,2022-05-31,5,Medium,5810.4,139.6,0.4516,0.666,1,6.3,0.3264,0.934,36.1776,1
VH-00558,2022-01-01,0,Medium,3728.4,74.2,0.836,0.6392,2,11.3,0.2879,0.7098,66.891,0
VH-00559,2023-03-27,15,Medium,4856.5,142.5,0.602,0.1767,1,5.3,0.1012,0.6563,50.7249,0
VH-00560,2023-08-24,20,Medium,4480.9,99.2,0.6954,0.3009,0,2.9,0.2436,0.7912,71.9698,0
VH-00561,2023-08-24,20,Light,3646.8,84.6,0.735,0.389,0,14.1,0.6883,0.6441,36.1756,0
VH-00562,2023-01-26,13,Light,3710.7,90.7,0.6796,0.6942,1,2.5,0.7273,0.8693,29.7154,0
VH-00563,2023-07-25,19,Heavy,4940.0,115.0,0.7225,0.7975,0,4.4,0.5518,0.3764,13.6788,1
VH-00564,2022-09-28,9,Medium,3034.7,90.3,0.8186,0.1443,4,11.4,0.4865,0.5922,43.0474,0
VH-00565,2023-01-26,13,Medium,5177.6,106.2,0.9249,0.4669,0,9.1,0.1328,0.7651,46.3615,1
VH-00566,2022-06-30,6,Medium,3792.6,96.0,0.887,0.6715,0,3.3,0.7303,0.8423,21.3747,1
VH-00567,2022-05-31,5,Heavy,4691.1,106.7,0.8243,0.1695,3,11.3,0.5365,0.9233,22.4284,0
VH-00568,2022-05-01,4,Light,6575.9,160.9,0.9123,0.6005,2,5.7,0.8673,0.8155,20.3999,1
VH-00569,2022-09-28,9,Medium,4247.7,91.2,0.7912,0.6686,2,8.2,0.4081,0.8467,62.9877,0
VH-00570,2022-09-28,9,Medium,5879.7,125.4,0.8017,0.229,0,3.4,0.5313,0.7068,15.568,1
VH-00571,2023-07-25,19,Medium,1812.0,51.2,0.5017,0.6764,3,3.0,0.2413,0.7703,55.1988,0
VH-00572,2023-05-26,17,Heavy,3794.5,89.7,0.477,0.1243,0,2.4,0.3582,0.9098,62.9602,0
VH-00573,2023-05-26,17,Medium,4541.5,88.6,0.8654,0.4665,0,0.7,0.8497,0.8164,24.2515,1
VH-00574,2022-07-30,7,Heavy,7385.0,184.3,0.412,0.4656,0,7.0,0.5113,0.4266,47.8639,0
VH-00575,2022-05-01,4,Heavy,1560.1,45.7,0.6425,0.3829,0,8.8,0.7655,0.5004,50.3759,1
VH-00576,2023-11-22,23,Medium,4355.7,95.7,0.6809,0.4474,0,4.9,0.431,0.7002,38.9635,0
VH-00577,2023-09-23,21,Heavy,6685.0,141.5,0.7676,0.1132,2,4.4,0.929,0.8548,24.7291,1
VH-00578,2022-09-28,9,Medium,3322.5,79.3,0.6064,0.7125,0,0.7,0.798,0.6899,39.5534,0
VH-00579,2022-01-01,0,Heavy,4180.7,102.8,0.7901,0.3936,0,5.0,0.5383,0.5388,58.4773,0
VH-00580,2022-01-31,1,Medium,4997.6,87.1,0.9282,0.438,0,13.1,0.409,0.7921,40.5239,1
VH-00581,2023-06-25,18,Medium,4776.8,111.8,0.9499,0.4159,1,4.4,0.3213,0.8252,38.1604,0
VH-00582,2022-05-01,4,Medium,6848.7,162.0,0.6943,0.1854,0,3.5,0.5077,0.6103,54.6332,0
VH-00583,2022-09-28,9,Light,5172.7,79.7,0.6119,0.6936,1,4.0,0.6678,0.5213,31.6642,0
VH-00584,2022-01-31,1,Medium,6491.7,147.2,0.5921,0.1761,0,7.5,0.3757,0.8035,25.7206,0
VH-00585,2023-08-24,20,Heavy,3960.0,98.4,0.6316,0.4254,3,3.5,0.6901,0.8961,24.928,0
VH-00586,2022-10-28,10,Medium,3389.2,84.0,0.6873,0.3629,0,5.6,0.613,0.3625,34.1915,0
VH-00587,2022-08-29,8,Light,4161.4,104.5,0.6385,0.5623,0,9.6,0.5952,0.752,16.988,1
VH-00588,2023-07-25,19,Medium,2761.3,56.4,0.8226,0.4372,0,4.7,0.9295,0.4356,28.8831,0
VH-00589,2023-05-26,17,Light,5225.3,100.5,0.7243,0.2491,3,9.3,0.5738,0.9196,69.057,0
VH-00590,2023-06-25,18,Light,3921.2,60.1,0.5638,0.1266,1,3.7,0.4382,0.7684,65.9829,0
VH-00591,2022-12-27,12,Heavy,3492.3,94.0,0.8806,0.0528,1,6.0,0.6513,0.5768,21.1042,1
VH-00592,2023-01-26,13,Medium,5248.0,127.2,0.4208,0.1104,0,2.8,0.1167,0.9455,42.6291,0
VH-00593,2023-08-24,20,Medium,2784.4,79.4,0.8183,0.5543,2,5.5,0.5712,0.9655,35.6417,0
VH-00594,2022-05-31,5,Medium,5655.8,114.8,0.2209,0.669,0,10.2,0.2973,0.9034,44.5911,0
VH-00595,2022-01-01,0,Light,3782.5,96.1,0.5467,0.1708,1,8.3,0.8382,0.7601,30.2868,0
VH-00596,2023-04-26,16,Medium,6238.6,116.1,0.8069,0.1548,1,5.7,0.3859,0.7741,23.2836,0
VH-00597,2022-08-29,8,Heavy,3910.9,73.9,0.6289,0.4758,1,5.4,0.2889,0.7688,40.7692,0
VH-00598,2023-03-27,15,Medium,5447.9,123.0,0.9209,0.526,1,9.0,0.6821,0.6415,11.7162,1
VH-00599,2023-09-23,21,Heavy,4769.3,115.9,0.7738,0.4366,0,5.2,0.4404,0.7527,13.1283,1
VH-00600,2022-11-27,11,Medium,5615.9,150.0,0.6907,0.4956,3,7.4,0.505,0.9374,52.3799,1
VH-00601,2022-01-31,1,Medium,4664.9,100.1,0.8516,0.4214,0,5.2,0.1893,0.707,46.8848,0
VH-00602,2022-12-27,12,Heavy,2004.9,31.6,0.4354,0.5938,2,8.7,0.1543,0.8723,33.4524,0
VH-00603,2023-02-25,14,Heavy,6013.2,119.9,0.9761,0.5852,0,4.2,0.5196,0.7066,22.0156,1
VH-00604,2022-11-27,11,Heavy,4368.5,86.8,0.799,0.8444,1,3.9,0.3708,0.534,28.5904,1
VH-00605,2022-04-01,3,Heavy,5684.3,159.6,0.456,0.26,3,3.9,0.2006,0.5589,70.3561,0
VH-00606,2022-04-01,3,Heavy,5535.4,134.4,0.8061,0.1213,1,3.9,0.6728,0.8857,32.0557,0
VH-00607,2023-08-24,20,Heavy,3340.1,90.9,0.7416,0.0577,0,4.6,0.7668,0.537,44.4757,1
VH-00608,2023-03-27,15,Light,3127.8,65.9,0.6917,0.3865,0,1.4,0.2275,0.8024,35.4476,0
VH-00609,2022-08-29,8,Heavy,5483.0,121.8,0.4502,0.1476,1,1.8,0.6861,0.5108,60.8358,0
VH-00610,2022-01-31,1,Medium,4045.1,100.4,0.4011,0.3671,1,0.9,0.5508,0.6435,62.3764,0
VH-00611,2022-11-27,11,Medium,5904.6,123.6,0.5432,0.2604,0,0.8,0.4142,0.9248,71.4646,0
VH-00612,2023-01-26,13,Medium,4232.7,89.7,0.5957,0.8033,1,4.5,0.5253,0.8788,17.2714,1
VH-00613,2022-09-28,9,Heavy,6035.1,124.0,0.7028,0.8445,0,0.4,0.6244,0.7368,12.3261,1
VH-00614,2023-06-25,18,Heavy,5135.0,107.4,0.6938,0.4551,1,3.6,0.8743,0.8219,25.9371,0
VH-00615,2023-11-22,23,Medium,4932.0,110.3,0.8748,0.441,0,9.8,0.4925,0.7546,25.2343,1
VH-00616,2022-08-29,8,Heavy,3939.0,75.2,0.6369,0.1196,0,2.4,0.7079,0.9407,44.7582,0
VH-00617,2022-03-02,2,Heavy,4848.6,112.0,0.7729,0.3484,1,2.9,0.6052,0.788,15.2073,1
VH-00618,2023-08-24,20,Medium,6289.3,144.0,0.5423,0.8048,1,6.4,0.3585,0.5695,39.4876,0
VH-00619,2023-11-22,23,Light,4418.7,95.5,0.742,0.5183,1,9.1,0.5699,0.5376,15.3393,1
VH-00620,2022-07-30,7,Light,5296.8,105.3,0.7002,0.5369,0,5.2,0.7646,0.8519,36.6534,1
VH-00621,2023-01-26,13,Heavy,4569.5,103.1,0.4744,0.4178,1,6.0,0.7311,0.9324,48.7766,0
VH-00622,2023-08-24,20,Medium,4686.9,96.6,0.6095,0.41,0,5.0,0.2898,0.8776,40.6124,0
VH-00623,2022-04-01,3,Heavy,7085.1,158.1,0.8554,0.9578,0,5.2,0.4053,0.5853,11.9669,1
VH-00624,2023-11-22,23,Medium,6302.6,156.5,0.8578,0.6384,0,12.7,0.4382,0.4295,7.1347,1
VH-00625,2023-03-27,15,Heavy,4619.1,83.9,0.6332,0.7754,1,6.0,0.5073,0.8012,39.704,0
VH-00626,2023-01-26,13,Medium,4821.7,139.8,0.5233,0.4242,1,4.3,0.7493,0.7728,48.6207,0
VH-00627,2023-01-26,13,Heavy,3447.2,75.5,0.8079,0.5459,3,4.5,0.5102,0.8784,23.7619,1
VH-00628,2023-10-23,22,Light,4240.5,100.4,0.6469,0.2491,0,21.4,0.3435,0.6274,54.8667,0
VH-00629,2023-01-26,13,Medium,4964.1,99.0,0.8805,0.5432,1,10.1,0.4262,0.6748,59.5039,0
VH-00630,2022-09-28,9,Heavy,5775.9,145.5,0.6932,0.279,0,3.5,0.5041,0.7221,32.8929,0
VH-00631,2022-03-02,2,Heavy,5623.8,123.1,0.5456,0.7853,0,0.7,0.6931,0.8369,37.6165,0
VH-00632,2023-07-25,19,Heavy,2836.1,57.1,0.6775,0.6832,0,11.2,0.1407,0.7962,49.8881,0
VH-00633,2022-10-28,10,Light,5965.5,123.9,0.6681,0.3328,0,6.2,0.1639,0.649,50.4992,0
VH-00634,2022-08-29,8,Medium,4366.8,93.0,0.8053,0.2823,2,19.3,0.7096,0.7659,44.0839,1
VH-00635,2022-01-31,1,Light,3019.5,73.4,0.3288,0.3826,1,18.8,0.7478,0.8485,67.9193,0
VH-00636,2023-10-23,22,Light,6504.6,147.1,0.8238,0.497,1,4.3,0.4179,0.8607,13.8641,1
VH-00637,2023-03-27,15,Medium,6694.9,148.2,0.7699,0.0834,1,2.6,0.425,0.4674,29.5694,0
VH-00638,2022-10-28,10,Heavy,4895.6,98.1,0.865,0.1819,0,4.2,0.8098,0.7131,53.1993,1
VH-00639,2023-01-26,13,Heavy,5563.2,112.1,0.238,0.519,1,3.7,0.4562,0.4234,1.5801,1
VH-00640,2023-09-23,21,Heavy,5651.2,118.7,0.8063,0.3737,0,4.8,0.4666,0.7577,15.1064,1
VH-00641,2022-01-31,1,Heavy,6593.7,153.4,0.7261,0.7979,0,11.6,0.5992,0.8659,23.6317,1
VH-00642,2022-09-28,9,Heavy,5592.1,134.2,0.6358,0.7506,1,3.6,0.4918,0.6706,21.4138,1
VH-00643,2022-01-31,1,Light,2508.5,67.7,0.7785,0.3876,1,4.2,0.4541,0.8659,68.6532,1
VH-00644,2022-12-27,12,Light,7514.7,167.0,0.7222,0.4028,0,2.3,0.5628,0.8986,44.3465,1
VH-00645,2023-10-23,22,Medium,6098.5,141.3,0.7389,0.3823,2,6.1,0.4535,0.8948,35.9257,0
VH-00646,2022-04-01,3,Heavy,3735.7,80.5,0.8696,0.0801,0,1.0,0.3409,0.7171,57.9093,0
VH-00647,2023-03-27,15,Light,2955.6,39.5,0.589,0.1887,0,1.3,0.7954,0.3099,25.8653,1
VH-00648,2022-08-29,8,Medium,5257.2,113.6,0.7504,0.2131,0,4.3,0.6495,0.6877,60.6276,0
VH-00649,2022-05-31,5,Medium,4082.6,85.1,0.9605,0.6191,2,5.2,0.4182,0.894,22.8,0
VH-00650,2022-03-02,2,Light,4995.0,95.4,0.7736,0.2872,0,7.1,0.4429,0.668,44.894,0
VH-00651,2023-03-27,15,Medium,5615.1,116.3,0.7081,0.246,0,5.9,0.4051,0.735,42.0504,0
VH-00652,2023-01-26,13,Heavy,3650.3,83.1,0.8854,0.2804,0,9.3,0.5978,0.6317,41.1883,1
VH-00653,2022-05-01,4,Medium,2825.8,45.8,0.7766,0.1274,1,12.7,0.7644,0.7643,42.5669,0
VH-00654,2023-03-27,15,Light,5078.7,102.2,0.8723,0.3299,2,7.7,0.449,0.6633,38.3457,0
VH-00655,2023-06-25,18,Heavy,3699.9,105.4,0.7573,0.6347,0,10.6,0.6655,0.6497,22.2451,1
VH-00656,2023-08-24,20,Medium,4719.1,80.8,0.5666,0.1757,0,17.5,0.6442,0.7952,31.871,0
VH-00657,2022-04-01,3,Heavy,2485.0,52.5,0.7603,0.3264,1,17.0,0.6622,0.234,29.9834,1
VH-00658,2022-04-01,3,Medium,4121.7,74.1,0.8819,0.2495,1,2.0,0.4243,0.6423,51.8014,1
VH-00659,2023-05-26,17,Medium,5572.4,112.6,0.7655,0.54,0,8.9,0.3016,0.692,28.1038,1
VH-00660,2022-09-28,9,Medium,5408.9,117.2,0.7548,0.5905,2,3.1,0.3447,0.4781,18.979,0
VH-00661,2022-01-01,0,Medium,3317.5,58.9,0.7287,0.6285,2,6.6,0.3881,0.9466,30.5185,1
VH-00662,2022-05-01,4,Heavy,2747.6,69.7,0.7662,0.7054,2,1.8,0.7099,0.2423,19.4258,1
VH-00663,2022-09-28,9,Light,4523.6,120.8,0.8547,0.6318,0,1.5,0.8629,0.5292,20.4304,1
VH-00664,2022-09-28,9,Light,5341.5,131.3,0.6855,0.475,0,10.0,0.6127,0.5364,19.265,1
VH-00665,2023-09-23,21,Medium,5107.8,128.9,0.6002,0.5564,0,2.9,0.6657,0.8783,32.9574,1
VH-00666,2022-12-27,12,Heavy,3731.8,62.2,0.9375,0.4225,3,6.9,0.7374,0.7851,21.5242,1
VH-00667,2022-12-27,12,Heavy,4946.7,106.3,0.7896,0.7438,1,6.3,0.4991,0.5671,32.4944,1
VH-00668,2023-01-26,13,Heavy,6753.5,157.1,0.9352,0.6509,0,4.6,0.2935,0.7383,7.7888,1
VH-00669,2023-01-26,13,Medium,4807.7,119.9,0.5077,0.1841,0,7.7,0.7601,0.7391,25.8413,1
VH-00670,2022-01-31,1,Medium,2050.3,71.9,0.6703,0.3361,3,12.5,0.4469,0.7866,61.6467,0
VH-00671,2023-09-23,21,Light,4804.8,122.8,0.7576,0.0878,3,6.4,0.201,0.5366,71.1735,0
VH-00672,2022-09-28,9,Medium,7565.9,181.6,0.6336,0.4929,0,3.0,0.8772,0.7111,28.6308,0
VH-00673,2023-08-24,20,Heavy,2568.9,96.6,0.6684,0.6482,3,4.5,0.4546,0.8726,5.7569,1
VH-00674,2022-01-01,0,Heavy,4544.6,102.4,0.9818,0.1693,0,5.5,0.7222,0.9359,30.3604,0
VH-00675,2022-05-31,5,Medium,4160.5,88.1,0.8334,0.4112,0,7.7,0.7377,0.7747,35.9581,0
VH-00676,2022-11-27,11,Medium,4643.8,105.9,0.8462,0.6749,2,5.8,0.7595,0.6702,3.6113,1
VH-00677,2022-01-01,0,Heavy,4791.4,92.7,0.7927,0.7961,1,5.7,0.8122,0.8161,17.5722,1
VH-00678,2023-07-25,19,Medium,6210.0,139.0,0.7673,0.3785,1,3.1,0.7704,0.7985,17.4244,1
VH-00679,2023-06-25,18,Light,4627.2,76.9,0.7759,0.1491,2,5.4,0.7417,0.8429,53.3412,1
VH-00680,2023-06-25,18,Medium,6415.9,134.6,0.5751,0.1357,1,2.0,0.5385,0.8794,21.3611,0
VH-00681,2023-10-23,22,Light,4323.5,94.3,0.9725,0.4574,3,8.5,0.8931,0.9306,27.3501,0
VH-00682,2022-05-01,4,Light,3974.8,102.6,0.937,0.3739,0,5.7,0.5026,0.4045,32.0011,1
VH-00683,2022-05-01,4,Light,3496.2,94.4,0.8341,0.4387,1,10.8,0.5235,0.8228,54.0727,1
VH-00684,2022-01-31,1,Medium,1774.4,25.0,0.8166,0.5304,0,5.7,0.7733,0.5564,16.6823,1
VH-00685,2023-11-22,23,Medium,4913.7,140.3,0.5431,0.5115,1,4.3,0.1524,0.6073,47.1711,0
VH-00686,2023-10-23,22,Medium,7581.0,170.7,0.726,0.4363,1,10.9,0.8298,0.9803,48.1585,1
VH-00687,2022-05-31,5,Medium,5187.4,118.9,0.7145,0.4648,0,7.9,0.5711,0.7986,61.4624,1
VH-00688,2022-08-29,8,Heavy,5530.1,98.6,0.8032,0.435,1,4.6,0.3374,0.8577,29.8534,0
VH-00689,2022-08-29,8,Heavy,3880.5,76.9,0.503,0.5297,0,2.2,0.1057,0.6465,22.1155,0
VH-00690,2022-06-30,6,Medium,4133.5,107.6,0.8483,0.3599,0,1.5,0.737,0.7805,41.9719,0
VH-00691,2022-06-30,6,Medium,5977.0,135.4,0.8052,0.9314,1,2.8,0.3643,0.6962,25.4999,0
VH-00692,2022-07-30,7,Heavy,7513.0,168.6,0.6676,0.3612,0,0.7,0.8204,0.845,34.7779,1
VH-00693,2023-09-23,21,Light,6731.9,153.0,0.9266,0.5843,1,2.2,0.4381,0.4093,15.5245,1
VH-00694,2022-09-28,9,Medium,5707.9,105.2,0.6922,0.4789,0,12.2,0.5127,0.9068,61.2027,0
VH-00695,2022-12-27,12,Heavy,4552.7,99.7,0.7865,0.62,2,6.3,0.2465,0.9312,53.7098,1
VH-00696,2022-09-28,9,Medium,4814.6,128.1,0.9178,0.734,1,7.0,0.6158,0.6815,29.7701,1
VH-00697,2022-08-29,8,Heavy,3369.7,91.2,0.5589,0.7434,3,2.9,0.6398,0.4682,8.9283,1
VH-00698,2023-05-26,17,Medium,2327.7,49.8,0.9234,0.4266,0,3.7,0.3157,0.8199,9.5471,1
VH-00699,2022-01-01,0,Medium,2809.8,85.9,0.8196,0.4797,0,6.5,0.4399,0.8347,41.3849,0
VH-00700,2022-11-27,11,Medium,4574.7,82.8,0.8416,0.3759,0,3.1,0.4586,0.6566,37.8619,0
VH-00701,2022-06-30,6,Light,4062.0,75.7,0.9718,0.6342,0,2.9,0.4289,0.686,13.9226,1
VH-00702,2023-08-24,20,Medium,2295.8,79.0,0.929,0.4811,0,2.4,0.5935,0.4695,38.5442,1
VH-00703,2022-04-01,3,Light,4444.0,107.4,0.9693,0.6387,2,9.3,0.6548,0.4928,12.5812,1
VH-00704,2022-04-01,3,Heavy,4022.4,85.1,0.5865,0.6225,1,8.2,0.4289,0.8925,33.8568,0
VH-00705,2023-06-25,18,Medium,2740.7,60.1,0.7841,0.5542,1,15.2,0.5481,0.5721,16.969,1
VH-00706,2022-11-27,11,Medium,3944.7,75.6,0.9255,0.2794,0,1.5,0.157,0.5483,39.5335,0
VH-00707,2022-12-27,12,Heavy,4018.6,93.5,0.6569,0.6162,0,2.9,0.5319,0.7345,60.5321,0
VH-00708,2023-10-23,22,Heavy,3575.0,82.4,0.7099,0.2073,0,7.8,0.6016,0.935,27.075,0
VH-00709,2023-03-27,15,Medium,5890.0,131.2,0.9673,0.0619,1,18.7,0.5244,0.2885,9.0214,1
VH-00710,2022-08-29,8,Medium,1645.6,20.0,0.6406,0.7674,1,9.8,0.8326,0.6625,3.4067,1
VH-00711,2022-09-28,9,Heavy,1521.3,37.8,0.853,0.224,0,1.1,0.3826,0.4918,17.2622,1
VH-00712,2023-06-25,18,Medium,4504.9,92.2,0.7732,0.1191,1,15.2,0.2115,0.5796,14.5444,1
VH-00713,2023-10-23,22,Heavy,4644.2,88.4,0.7611,0.0898,1,10.4,0.3976,0.6416,62.7011,0
VH-00714,2022-08-29,8,Heavy,5106.3,132.5,0.6711,0.3519,2,5.0,0.4039,0.7156,20.6783,0
VH-00715,2022-10-28,10,Heavy,3691.5,114.6,0.687,0.4147,1,8.2,0.7091,0.8802,61.7426,0
VH-00716,2023-09-23,21,Light,3123.1,98.5,0.7956,0.5811,1,13.1,0.2224,0.6076,34.8863,0
VH-00717,2023-10-23,22,Medium,4489.0,109.5,0.5651,0.4753,1,4.0,0.8236,0.8218,54.7977,0
VH-00718,2023-07-25,19,Light,3837.6,81.3,0.7704,0.4959,1,8.6,0.2719,0.5475,51.158,0
VH-00719,2023-09-23,21,Medium,6826.6,150.6,0.7597,0.4708,1,17.4,0.7812,0.5779,11.0778,1
VH-00720,2022-12-27,12,Heavy,4013.7,95.3,0.712,0.3182,1,1.2,0.7031,0.8423,21.8252,1
VH-00721,2023-11-22,23,Medium,4420.2,91.9,0.4284,0.2349,0,8.5,0.4596,0.4253,22.9741,0
VH-00722,2023-10-23,22,Medium,8213.1,202.3,0.9275,0.5668,0,11.7,0.2947,0.6646,7.8915,1
VH-00723,2022-09-28,9,Light,4207.9,63.0,0.6511,0.4727,0,3.8,0.6446,0.9327,55.9904,0
VH-00724,2022-05-31,5,Heavy,5334.2,114.1,0.7852,0.2822,2,3.1,0.3655,0.5527,50.3727,1
VH-00725,2022-01-31,1,Light,5469.5,133.6,0.8124,0.5167,2,1.5,0.4487,0.7855,33.0613,0
VH-00726,2022-09-28,9,Light,5597.1,111.7,0.8852,0.0833,0,2.7,0.4837,0.7775,35.7666,0
VH-00727,2023-02-25,14,Light,4934.2,106.0,0.7957,0.2981,1,1.0,0.8044,0.5811,24.8843,1
VH-00728,2023-02-25,14,Light,4790.8,115.4,0.703,0.4653,1,1.7,0.431,0.6041,35.4618,1
VH-00729,2022-09-28,9,Medium,4650.5,126.1,0.7732,0.5111,0,3.3,0.9157,0.846,5.3872,1
VH-00730,2023-11-22,23,Medium,3636.0,61.4,0.3662,0.1381,0,1.5,0.3396,0.9615,38.8958,0
VH-00731,2022-09-28,9,Medium,4988.3,90.3,0.9038,0.4963,2,4.8,0.6315,0.9096,18.3875,1
VH-00732,2023-04-26,16,Light,7543.0,153.4,0.9104,0.8882,0,4.6,0.8415,0.788,21.4973,1
VH-00733,2023-04-26,16,Light,6316.0,117.3,0.7403,0.4314,0,1.1,0.5897,0.7812,33.1618,0
VH-00734,2022-05-01,4,Medium,4955.9,88.1,0.9372,0.6021,2,5.1,0.5935,0.6788,27.1161,0
VH-00735,2022-06-30,6,Light,5783.7,113.9,0.7676,0.6381,1,6.9,0.8009,0.9468,44.9116,0
VH-00736,2023-02-25,14,Medium,3196.2,89.5,0.9842,0.164,2,10.6,0.1391,0.7381,58.269,0
VH-00737,2022-05-31,5,Light,4109.2,86.6,0.8033,0.8318,3,12.6,0.1826,0.4069,29.3563,0
VH-00738,2022-01-31,1,Medium,5921.8,132.1,0.9576,0.2871,0,10.4,0.5331,0.5834,15.9329,1
VH-00739,2023-08-24,20,Medium,6730.8,135.2,0.711,0.7014,0,6.6,0.3652,0.5813,35.0876,1
VH-00740,2022-01-31,1,Medium,3343.7,83.8,0.6239,0.0402,0,5.9,0.7939,0.7621,69.91,0
VH-00741,2022-06-30,6,Light,3774.6,112.0,0.875,0.2655,0,7.7,0.735,0.7963,19.2292,1
VH-00742,2023-06-25,18,Light,7772.1,159.4,0.4777,0.6518,0,3.7,0.6926,0.9642,61.512,0
VH-00743,2022-04-01,3,Heavy,4644.4,129.1,0.7599,0.0442,1,4.8,0.9273,0.6659,13.0084,1
VH-00744,2022-08-29,8,Light,7235.0,166.2,0.9815,0.3981,2,2.7,0.2833,0.7434,30.8256,1
VH-00745,2022-08-29,8,Medium,4810.3,107.1,0.4841,0.3687,0,3.4,0.4574,0.8999,26.9,0
VH-00746,2022-01-01,0,Medium,4869.3,114.2,0.8489,0.1665,2,3.7,0.511,0.912,26.9207,0
VH-00747,2023-07-25,19,Medium,4041.8,95.7,0.6675,0.4751,0,0.9,0.4966,0.5157,25.9959,0
VH-00748,2023-04-26,16,Medium,5913.8,159.3,0.4561,0.2879,1,9.0,0.4947,0.7485,71.9985,0
VH-00749,2022-05-01,4,Heavy,6536.7,153.1,0.9024,0.3887,0,4.6,0.2351,0.5045,31.5126,1
VH-00750,2022-05-31,5,Heavy,2947.5,73.6,0.8053,0.4415,0,8.1,0.7077,0.669,2.34,1
VH-00751,2022-05-31,5,Medium,3971.3,81.9,0.5806,0.1305,1,3.0,0.8966,0.4911,26.9118,0
VH-00752,2023-01-26,13,Medium,5872.6,143.1,0.9753,0.5157,1,3.8,0.7865,0.7048,18.6741,1
VH-00753,2022-06-30,6,Light,4305.7,81.3,0.875,0.1235,1,4.7,0.2809,0.5819,18.0318,0
VH-00754,2022-09-28,9,Medium,3759.9,85.2,0.6888,0.9117,1,4.7,0.386,0.5978,12.5309,1
VH-00755,2023-02-25,14,Medium,6014.3,176.9,0.7247,0.0422,2,3.0,0.6377,0.6001,27.6619,1
VH-00756,2023-02-25,14,Light,6155.2,99.2,0.6347,0.1877,1,8.0,0.5708,0.9387,24.7613,0
VH-00757,2022-08-29,8,Medium,3825.5,88.5,0.4123,0.1157,0,0.9,0.4036,0.5938,46.2061,0
VH-00758,2022-01-31,1,Heavy,4818.5,111.2,0.589,0.6831,0,7.8,0.385,0.8203,41.589,0
VH-00759,2022-09-28,9,Light,2687.3,56.3,0.5207,0.359,0,0.8,0.8119,0.8958,57.6977,0
VH-00760,2022-05-31,5,Medium,3156.8,67.1,0.333,0.2078,1,9.2,0.592,0.5979,65.4707,0
VH-00761,2022-04-01,3,Heavy,4686.2,105.5,0.5027,0.1594,0,0.6,0.6096,0.7218,58.1367,0
VH-00762,2022-09-28,9,Light,4547.1,97.3,0.7476,0.4285,0,3.4,0.7284,0.6534,63.5079,1
VH-00763,2022-09-28,9,Light,3049.7,71.1,0.4379,0.8093,2,5.5,0.527,0.7867,38.4247,0
VH-00764,2022-10-28,10,Light,3426.0,68.8,0.3172,0.4806,1,3.8,0.7298,0.7648,29.4974,0
VH-00765,2022-05-01,4,Heavy,2902.4,94.8,0.538,0.6545,0,0.5,0.9396,0.7821,24.1885,0
VH-00766,2022-12-27,12,Light,5182.6,111.4,0.4598,0.114,0,1.4,0.5474,0.6593,49.0019,0
VH-00767,2023-09-23,21,Light,1548.5,43.0,0.6562,0.3682,2,6.7,0.4055,0.3966,45.2352,0
VH-00768,2022-01-31,1,Light,2982.6,56.2,0.8434,0.6719,1,3.8,0.45,0.6237,39.5438,0
VH-00769,2022-11-27,11,Light,1705.6,51.9,0.7716,0.6859,0,7.5,0.8931,0.6479,22.9004,0
VH-00770,2023-02-25,14,Medium,5128.5,125.0,0.7393,0.511,2,5.5,0.7308,0.6611,43.6967,0
VH-00771,2023-03-27,15,Light,1795.9,46.2,0.7292,0.5598,1,3.3,0.2762,0.7722,61.7325,0
VH-00772,2023-07-25,19,Medium,4547.6,85.6,0.9657,0.2702,1,2.2,0.6415,0.7829,22.7733,0
VH-00773,2023-10-23,22,Medium,6959.3,143.4,0.7956,0.3685,1,12.6,0.7281,0.8219,22.1855,1
VH-00774,2022-12-27,12,Heavy,7010.2,181.1,0.8079,0.8052,0,5.5,0.4691,0.7103,6.1122,1
VH-00775,2022-08-29,8,Light,1791.1,28.4,0.6415,0.4547,0,4.2,0.2763,0.8774,22.8523,0
VH-00776,2022-07-30,7,Heavy,4947.6,119.6,0.6863,0.5685,1,13.8,0.5321,0.463,39.0495,1
VH-00777,2023-01-26,13,Medium,3016.5,52.9,0.8324,0.4013,0,9.3,0.4092,0.7844,66.8047,0
VH-00778,2022-05-31,5,Light,2710.3,75.4,0.777,0.0888,0,15.0,0.6212,0.8169,21.9509,0
VH-00779,2022-01-31,1,Heavy,4329.8,85.9,0.6986,0.5365,0,8.8,0.7581,0.8798,19.7251,0
VH-00780,2022-05-01,4,Heavy,6342.4,126.5,0.606,0.2469,2,7.9,0.6799,0.8063,19.8874,0
VH-00781,2022-01-01,0,Medium,5399.5,109.3,0.6589,0.5685,1,6.0,0.2885,0.6392,20.9315,0
VH-00782,2023-01-26,13,Heavy,3427.3,67.9,0.7802,0.5686,1,6.9,0.3939,0.8236,48.3525,1
VH-00783,2023-02-25,14,Medium,5557.6,129.6,0.7683,0.088,0,1.2,0.4374,0.7263,22.8691,0
VH-00784,2022-05-31,5,Medium,1134.4,26.3,0.848,0.4479,0,1.7,0.3095,0.9674,49.0521,0
VH-00785,2023-08-24,20,Heavy,3370.6,58.5,0.9649,0.3353,0,1.4,0.2973,0.7228,43.7472,0
VH-00786,2023-10-23,22,Medium,3264.2,72.1,0.7452,0.6821,0,5.8,0.5987,0.8383,42.1676,1
VH-00787,2023-02-25,14,Heavy,4617.5,85.5,0.466,0.5663,1,5.8,0.7123,0.9564,38.3616,0
VH-00788,2023-02-25,14,Medium,4195.8,102.9,0.5282,0.5957,2,6.7,0.5017,0.8222,42.1913,0
VH-00789,2022-06-30,6,Heavy,4287.8,107.7,0.5617,0.1725,0,7.7,0.6122,0.5028,30.5207,1
VH-00790,2022-12-27,12,Medium,4237.9,93.8,0.7763,0.4852,3,8.1,0.611,0.6044,18.8028,1
VH-00791,2023-04-26,16,Light,4533.6,104.8,0.7268,0.4588,2,6.2,0.387,0.6727,42.54,0
VH-00792,2023-05-26,17,Medium,5310.2,144.3,0.8582,0.5622,0,6.7,0.6559,0.3845,17.3617,1
VH-00793,2023-07-25,19,Medium,4724.0,102.6,0.8006,0.2479,1,3.3,0.4795,0.7802,18.579,0
VH-00794,2022-03-02,2,Light,4073.5,76.4,0.5243,0.1059,0,1.4,0.4607,0.7061,32.0786,0
VH-00795,2022-07-30,7,Light,5102.6,122.1,0.7695,0.5945,3,3.5,0.4818,0.5512,31.8706,1
VH-00796,2023-10-23,22,Medium,5739.2,110.5,0.8623,0.4336,1,12.6,0.5104,0.5248,16.6217,1
VH-00797,2023-04-26,16,Light,3666.0,78.3,0.4843,0.543,1,1.6,0.3671,0.79,21.706,0
VH-00798,2023-02-25,14,Light,4410.9,89.0,0.4225,0.8319,0,3.2,0.5543,0.8466,41.725,0
VH-00799,2023-05-26,17,Heavy,6242.9,128.2,0.4806,0.632,1,8.3,0.5964,0.8944,42.1035,1
VH-00800,2022-11-27,11,Heavy,2845.9,59.5,0.591,0.353,1,1.3,0.5877,0.5995,21.0611,1
VH-00801,2022-11-27,11,Heavy,7207.1,173.7,0.5686,0.3349,2,10.0,0.4688,0.7779,51.255,0
VH-00802,2023-02-25,14,Medium,2491.3,71.9,0.778,0.4845,0,0.4,0.5307,0.8471,21.6841,0
VH-00803,2022-12-27,12,Heavy,3982.0,102.4,0.8441,0.4541,1,3.9,0.7865,0.5684,18.4144,1
VH-00804,2022-03-02,2,Medium,3074.7,73.4,0.5715,0.594,1,6.8,0.7985,0.345,21.6879,1
VH-00805,2022-06-30,6,Light,7781.9,169.1,0.5776,0.1084,2,11.1,0.4892,0.8474,47.5825,0
VH-00806,2023-07-25,19,Light,3745.0,47.9,0.3867,0.2983,1,3.8,0.4357,0.9219,25.1356,0
VH-00807,2023-10-23,22,Medium,3748.7,88.8,0.4936,0.6345,1,8.6,0.3575,0.6495,20.023,0
VH-00808,2023-08-24,20,Light,3943.9,53.5,0.8048,0.5863,0,5.6,0.3935,0.6409,64.1654,0
VH-00809,2023-04-26,16,Medium,4643.4,74.3,0.691,0.6898,1,7.8,0.5635,0.4024,36.8614,1
VH-00810,2022-05-31,5,Heavy,4007.3,86.6,0.8106,0.2901,2,5.6,0.9035,0.9218,29.1575,1
VH-00811,2023-02-25,14,Light,4300.7,99.5,0.8267,0.5135,0,6.0,0.6673,0.7406,50.5123,0
VH-00812,2022-01-31,1,Light,800.0,20.0,0.5938,0.3794,0,11.1,0.956,0.9592,25.8316,0
VH-00813,2022-12-27,12,Heavy,4585.7,124.9,0.6075,0.3931,1,4.2,0.3507,0.6878,34.251,1
VH-00814,2022-01-01,0,Medium,4526.7,107.5,0.773,0.7562,0,6.7,0.3193,0.6067,37.4988,1
VH-00815,2023-01-26,13,Light,6057.9,130.9,0.7893,0.1561,2,1.0,0.3585,0.6368,45.1178,1
VH-00816,2023-05-26,17,Heavy,6463.6,164.4,0.6042,0.6292,0,7.1,0.3671,0.6149,55.3924,1
VH-00817,2022-01-01,0,Heavy,4218.4,117.2,0.6904,0.6647,0,1.3,0.6758,0.8718,63.591,0
VH-00818,2022-03-02,2,Medium,5724.3,134.9,0.9757,0.2511,2,1.6,0.8864,0.7193,13.9935,1
VH-00819,2022-01-31,1,Medium,2847.6,51.7,0.5344,0.1991,1,8.4,0.5608,0.8563,28.1257,0
VH-00820,2023-03-27,15,Medium,5651.0,117.3,0.9349,0.119,2,7.3,0.4455,0.893,70.2789,0
VH-00821,2022-11-27,11,Light,3641.3,59.2,0.8637,0.3128,0,2.0,0.4034,0.8085,30.1294,1
VH-00822,2023-07-25,19,Medium,2723.0,59.9,0.7252,0.3355,0,2.5,0.4492,0.593,47.0523,0
VH-00823,2022-03-02,2,Medium,4221.6,78.1,0.7027,0.1839,0,1.9,0.6463,0.6557,33.8175,0
VH-00824,2022-03-02,2,Medium,6600.7,141.7,0.967,0.622,0,12.9,0.7489,0.9602,44.3657,0
VH-00825,2022-05-31,5,Heavy,4771.5,109.9,0.8824,0.6762,2,9.5,0.949,0.7966,17.9493,1
VH-00826,2023-01-26,13,Light,6744.7,120.1,0.7426,0.15,0,1.9,0.1535,0.6338,40.8866,0
VH-00827,2023-06-25,18,Medium,3376.9,56.1,0.9139,0.1957,0,5.7,0.6848,0.5786,32.0461,1
VH-00828,2022-01-01,0,Light,6071.8,127.3,0.7203,0.7539,3,3.7,0.4597,0.8732,14.0515,1
VH-00829,2022-12-27,12,Heavy,3521.8,77.5,0.5462,0.3876,0,2.1,0.1836,0.3463,34.3244,1
VH-00830,2023-06-25,18,Medium,4838.0,100.1,0.6877,0.3076,2,3.3,0.4748,0.631,33.2285,0
VH-00831,2023-03-27,15,Medium,4825.0,103.2,0.7748,0.3703,0,4.9,0.5502,0.5039,37.9856,0
VH-00832,2022-01-31,1,Medium,5492.2,111.5,0.7509,0.3818,2,1.3,0.5876,0.9494,18.4493,0
VH-00833,2023-04-26,16,Medium,4876.1,86.6,0.9557,0.7256,2,2.8,0.6924,0.7488,17.8501,1
VH-00834,2022-12-27,12,Medium,3391.2,67.3,0.8734,0.0481,2,11.0,0.6699,0.6976,36.9829,0
VH-00835,2023-11-22,23,Heavy,5820.5,126.1,0.927,0.6612,1,9.5,0.862,0.8661,28.8639,1
VH-00836,2023-07-25,19,Medium,7097.5,153.1,0.8532,0.7331,1,5.9,0.3739,0.7185,13.5642,1
VH-00837,2022-05-31,5,Heavy,3624.3,82.2,0.8058,0.3455,0,4.8,0.4451,0.7837,14.5999,1
VH-00838,2023-10-23,22,Heavy,1747.2,45.1,0.3637,0.6258,0,3.4,0.3098,0.7849,58.7802,0
VH-00839,2023-03-27,15,Medium,5249.0,126.9,0.7114,0.5951,0,8.0,0.4756,0.6821,51.0856,0
VH-00840,2022-04-01,3,Medium,4003.2,79.5,0.5894,0.3356,0,1.5,0.7356,0.8075,30.287,0
VH-00841,2022-04-01,3,Light,4303.3,72.0,0.8353,0.8474,1,4.9,0.6003,0.7673,33.227,0
VH-00842,2022-11-27,11,Heavy,5334.3,137.6,0.7101,0.4813,2,0.5,0.5633,0.8778,34.4621,0
VH-00843,2023-11-22,23,Medium,3815.4,90.6,0.7677,0.2494,0,3.0,0.6393,0.7806,36.3331,0
VH-00844,2022-10-28,10,Medium,4096.7,76.7,0.8103,0.1445,0,5.7,0.7732,0.8644,43.6276,0
VH-00845,2023-09-23,21,Light,4349.8,100.8,0.6032,0.7616,1,14.9,0.421,0.6861,51.6622,1
VH-00846,2022-07-30,7,Heavy,6704.6,165.0,0.8326,0.5798,0,6.2,0.3055,0.8921,21.3508,1
VH-00847,2022-04-01,3,Medium,4545.1,126.9,0.7099,0.6321,1,7.6,0.5963,0.6737,24.1226,1
VH-00848,2022-04-01,3,Medium,2646.5,62.6,0.8056,0.4357,3,11.9,0.4426,0.6526,31.7071,1
VH-00849,2022-09-28,9,Light,2706.2,76.0,0.6332,0.4951,0,4.0,0.5236,0.9108,53.1451,0
VH-00850,2022-10-28,10,Heavy,4708.8,86.5,0.5178,0.3993,1,1.8,0.5809,0.8593,69.9167,0
VH-00851,2023-03-27,15,Light,2805.9,61.8,0.6378,0.3385,1,2.9,0.51,0.4135,47.8302,1
VH-00852,2023-08-24,20,Light,2156.5,42.9,0.5162,0.4141,0,6.7,0.5974,0.8458,50.2644,1
VH-00853,2022-08-29,8,Heavy,5453.3,126.3,0.5683,0.2543,0,3.4,0.4558,0.8337,31.6151,1
VH-00854,2022-05-31,5,Heavy,5526.7,147.0,0.8542,0.1741,1,8.4,0.4093,0.465,34.0583,1
VH-00855,2023-03-27,15,Light,3947.8,91.5,0.877,0.5356,1,5.9,0.492,0.8711,30.0609,0
VH-00856,2022-01-31,1,Medium,4940.5,95.7,0.629,0.777,0,2.0,0.2611,0.7913,37.2341,0
VH-00857,2022-03-02,2,Heavy,4782.2,87.3,0.8978,0.6739,1,3.7,0.2206,0.6361,37.2779,1
VH-00858,2022-03-02,2,Heavy,5403.6,144.8,0.7536,0.681,0,10.7,0.5908,0.6586,31.0794,1
VH-00859,2023-08-24,20,Medium,5407.1,127.9,0.6328,0.4452,2,5.0,0.9146,0.9423,15.3747,1
VH-00860,2023-06-25,18,Medium,800.0,24.5,0.674,0.5392,1,11.2,0.8557,0.5965,66.7264,0
VH-00861,2022-05-01,4,Heavy,4139.3,86.8,0.8026,0.2199,0,1.7,0.2907,0.6037,34.2388,0
VH-00862,2023-07-25,19,Heavy,5276.9,121.3,0.8985,0.4889,0,32.2,0.5072,0.764,9.5993,1
VH-00863,2022-05-31,5,Heavy,3884.3,71.5,0.7861,0.8565,0,4.9,0.762,0.934,34.3216,1
VH-00864,2022-10-28,10,Medium,4554.3,107.0,0.4376,0.5809,1,9.5,0.463,0.8757,55.9511,0
VH-00865,2022-09-28,9,Light,5626.0,107.4,0.82,0.3561,0,13.9,0.2897,0.6174,25.2034,0
VH-00866,2022-10-28,10,Heavy,4621.4,97.3,0.433,0.2848,0,11.1,0.3457,0.4404,54.7335,0
VH-00867,2022-12-27,12,Heavy,6761.9,140.6,0.4258,0.3419,2,4.4,0.4415,0.9045,11.8265,1
VH-00868,2022-03-02,2,Heavy,6190.5,88.7,0.3612,0.529,0,8.5,0.9414,0.8968,24.8171,0
VH-00869,2022-07-30,7,Light,4322.2,90.8,0.8481,0.5917,0,12.4,0.5639,0.4204,20.9528,1
VH-00870,2023-03-27,15,Light,4202.9,79.9,0.8262,0.4653,2,8.9,0.5029,0.939,53.3895,0
VH-00871,2023-09-23,21,Heavy,800.0,20.0,0.3273,0.5932,0,2.0,0.6799,0.9526,51.3596,0
VH-00872,2023-01-26,13,Light,4010.2,89.1,0.8622,0.2681,1,8.1,0.7564,0.934,36.0006,1
VH-00873,2022-05-01,4,Heavy,2470.1,81.4,0.7949,0.4865,0,5.6,0.7015,0.4911,22.1415,1
VH-00874,2022-05-31,5,Medium,4831.8,111.9,0.4431,0.4653,0,3.6,0.7719,0.9251,55.1674,0
VH-00875,2022-07-30,7,Heavy,4729.3,110.1,0.9257,0.0561,2,12.1,0.5091,0.7288,28.0605,0
VH-00876,2023-11-22,23,Heavy,5543.8,130.6,0.6131,0.3849,1,1.4,0.3232,0.5598,39.9653,0
VH-00877,2022-03-02,2,Medium,6595.0,159.6,0.862,0.5868,2,9.0,0.1745,0.6778,24.286,0
VH-00878,2022-12-27,12,Medium,4460.6,105.9,0.8514,0.7535,0,4.6,0.3752,0.6704,43.1595,1
VH-00879,2023-04-26,16,Medium,7920.6,180.2,0.7195,0.5374,2,10.7,0.5744,0.8424,36.8103,1
VH-00880,2022-10-28,10,Medium,4848.7,118.4,0.6805,0.2274,1,3.6,0.326,0.9402,34.4933,0
VH-00881,2022-10-28,10,Medium,2534.7,20.0,0.5016,0.2335,2,8.7,0.5955,0.5439,36.4563,0
VH-00882,2023-08-24,20,Medium,3656.9,112.6,0.9396,0.381,1,2.6,0.486,0.5086,44.7746,0
VH-00883,2023-01-26,13,Heavy,3940.9,111.4,0.6068,0.4161,0,5.5,0.5523,0.9671,55.8957,0
VH-00884,2022-11-27,11,Medium,5388.2,123.0,0.564,0.2667,1,5.0,0.4134,0.7648,45.1161,1
VH-00885,2023-01-26,13,Light,3079.1,47.2,0.8083,0.3812,0,8.1,0.387,0.829,46.2561,0
VH-00886,2022-09-28,9,Medium,4053.0,108.2,0.7281,0.4855,2,5.3,0.9403,0.7689,15.2879,1
VH-00887,2022-09-28,9,Medium,4258.4,84.2,0.7945,0.5079,0,5.1,0.5394,0.6803,35.3692,1
VH-00888,2022-01-01,0,Light,3827.8,93.1,0.7297,0.2849,2,2.9,0.6716,0.6563,44.7396,1
VH-00889,2023-03-27,15,Light,5717.1,107.8,0.7203,0.1866,3,11.2,0.3586,0.7418,21.9552,0
VH-00890,2022-08-29,8,Medium,5462.0,154.8,0.8101,0.3135,1,11.3,0.6886,0.7288,47.5486,1
VH-00891,2022-03-02,2,Medium,6249.9,117.3,0.6945,0.4125,2,14.3,0.7557,0.4802,17.8837,1
VH-00892,2023-11-22,23,Heavy,4003.5,90.0,0.3651,0.0969,3,5.3,0.6443,0.541,45.7184,0
VH-00893,2022-11-27,11,Light,6303.8,108.3,0.8212,0.3678,1,2.4,0.6502,0.9432,37.1278,1
VH-00894,2022-12-27,12,Light,2454.0,53.9,0.2954,0.4027,2,3.4,0.7034,0.5732,70.0673,0
VH-00895,2022-01-31,1,Heavy,2417.4,47.3,0.4839,0.1405,1,10.1,0.5373,0.7209,35.3953,0
VH-00896,2023-04-26,16,Heavy,2679.3,76.6,0.7378,0.8542,1,9.3,0.6903,0.8152,71.3444,0
VH-00897,2022-10-28,10,Medium,4513.8,93.9,0.809,0.4627,1,0.7,0.5455,0.5438,45.847,1
VH-00898,2023-02-25,14,Light,6303.6,157.2,0.7154,0.4352,0,0.8,0.6622,0.8953,62.8461,0
VH-00899,2023-02-25,14,Light,3596.8,64.6,0.7185,0.9484,0,1.5,0.2303,0.7775,45.7292,0
VH-00900,2023-09-23,21,Medium,3785.0,79.9,0.775,0.7424,0,3.5,0.7303,0.8154,56.0358,1
VH-00901,2023-06-25,18,Medium,4176.0,88.9,0.8554,0.6954,0,3.6,0.1753,0.6494,53.7789,0
VH-00902,2023-09-23,21,Medium,5359.2,126.5,0.5985,0.7168,1,5.3,0.7644,0.8498,53.0059,0
VH-00903,2023-04-26,16,Light,3783.6,89.6,0.8758,0.1431,0,3.0,0.7391,0.8445,18.3388,0
VH-00904,2023-03-27,15,Medium,3699.9,93.1,0.6854,0.4041,0,3.6,0.4781,0.7744,35.6017,0
VH-00905,2023-01-26,13,Heavy,2481.9,59.2,0.8733,0.1475,1,5.6,0.8181,0.6997,53.469,1
VH-00906,2022-01-31,1,Medium,3642.4,90.9,0.5587,0.4332,0,6.1,0.4857,0.6297,35.4588,0
VH-00907,2022-05-01,4,Medium,6266.2,125.8,0.8534,0.1987,0,3.9,0.4553,0.6536,50.4798,0
VH-00908,2023-08-24,20,Light,4636.4,108.9,0.2748,0.8242,0,1.6,0.462,0.5957,34.0934,1
VH-00909,2022-01-31,1,Medium,3390.2,99.5,0.8079,0.8851,1,10.6,0.5031,0.7439,29.8631,1
VH-00910,2023-11-22,23,Medium,6354.2,116.0,0.53,0.474,0,3.2,0.3788,0.5897,38.0541,0
VH-00911,2023-11-22,23,Heavy,3622.2,87.8,0.7151,0.3275,0,11.3,0.6161,0.3135,52.6378,1
VH-00912,2022-11-27,11,Heavy,6629.9,157.5,0.8875,0.4239,2,12.3,0.5545,0.9437,21.7797,1
VH-00913,2023-05-26,17,Heavy,6605.4,168.7,0.9289,0.419,2,8.1,0.6097,0.6556,9.4472,1
VH-00914,2022-04-01,3,Heavy,4584.0,112.8,0.7461,0.5205,1,11.2,0.4205,0.6575,29.9169,0
VH-00915,2022-04-01,3,Heavy,2252.2,51.6,0.8887,0.2806,0,5.8,0.8288,0.8284,60.3166,1
VH-00916,2022-11-27,11,Heavy,7934.3,182.8,0.7852,0.5045,1,5.5,0.3739,0.8837,18.9454,0
VH-00917,2023-11-22,23,Light,5080.9,101.9,0.7824,0.2634,0,8.1,0.7488,0.8264,51.0915,1
VH-00918,2023-02-25,14,Light,4014.2,83.4,0.9613,0.5717,0,5.4,0.8401,0.7774,27.4901,1
VH-00919,2023-08-24,20,Medium,5934.2,111.8,0.7649,0.436,3,2.9,0.1882,0.7239,38.883,1
VH-00920,2022-06-30,6,Medium,5553.5,145.7,0.778,0.3217,0,6.0,0.751,0.7727,64.3463,1
VH-00921,2022-12-27,12,Light,6466.4,150.5,0.7557,0.4183,1,4.5,0.5008,0.8371,23.2848,1
VH-00922,2023-06-25,18,Heavy,3506.5,64.2,0.5763,0.3867,0,12.5,0.2648,0.7395,64.381,0
VH-00923,2022-07-30,7,Medium,4977.7,114.7,0.961,0.7753,0,3.4,0.845,0.6107,6.9947,1
VH-00924,2022-05-01,4,Medium,2721.2,77.9,0.5424,0.7379,0,0.3,0.6613,0.3665,24.0298,1
VH-00925,2022-03-02,2,Light,5499.5,137.1,0.7866,0.4785,2,11.7,0.4577,0.7637,10.5424,1
VH-00926,2023-09-23,21,Medium,4465.6,85.3,0.7123,0.5842,2,1.2,0.3019,0.5938,17.2917,1
VH-00927,2022-11-27,11,Light,4921.5,62.4,0.8965,0.6175,1,1.4,0.7535,0.861,25.909,0
VH-00928,2023-02-25,14,Heavy,4280.5,101.1,0.7972,0.1964,0,3.6,0.3306,0.7509,62.748,0
VH-00929,2023-07-25,19,Medium,4123.5,78.3,0.8675,0.4784,0,1.8,0.4585,0.7436,35.4451,0
VH-00930,2022-11-27,11,Heavy,3197.7,80.4,0.561,0.7183,0,3.9,0.4781,0.4459,45.0275,0
VH-00931,2023-09-23,21,Medium,5685.6,140.6,0.8507,0.0959,0,3.8,0.399,0.8976,41.5632,0
VH-00932,2022-01-01,0,Medium,6734.6,166.4,0.7162,0.4884,0,14.2,0.509,0.7168,19.1721,1
VH-00933,2022-12-27,12,Medium,3665.0,107.6,0.5448,0.2621,1,4.2,0.754,0.6647,27.2044,1
VH-00934,2023-08-24,20,Heavy,5330.3,137.0,0.7602,0.3757,0,15.1,0.7828,0.6479,18.7271,1
VH-00935,2022-05-01,4,Heavy,5148.3,140.6,0.8951,0.5104,1,0.8,0.4892,0.6574,41.5181,1
VH-00936,2023-03-27,15,Light,4512.1,121.0,0.8653,0.2343,1,9.0,0.399,0.8236,53.3452,1
VH-00937,2023-02-25,14,Heavy,2210.1,71.1,0.6465,0.4332,0,3.5,0.7403,0.9885,54.6246,0
VH-00938,2022-07-30,7,Light,2547.6,56.0,0.8118,0.2871,0,9.6,0.7612,0.66,28.9215,0
VH-00939,2023-05-26,17,Heavy,3328.5,54.6,0.6608,0.406,0,10.7,0.5222,0.6429,44.9164,1
VH-00940,2023-01-26,13,Light,1291.5,65.9,0.7662,0.2388,1,7.1,0.4814,0.8618,64.8357,0
VH-00941,2022-09-28,9,Medium,6612.0,147.9,0.4904,0.4569,3,13.8,0.4949,0.8023,51.1077,0
VH-00942,2023-05-26,17,Heavy,5051.6,130.7,0.3435,0.5734,0,4.9,0.389,0.5505,38.8027,0
VH-00943,2022-07-30,7,Light,4455.1,90.7,0.729,0.3678,1,11.4,0.4828,0.6914,40.5149,0
VH-00944,2022-08-29,8,Medium,1214.6,41.5,0.867,0.101,1,3.8,0.4961,0.8682,29.9301,0
VH-00945,2023-03-27,15,Medium,1764.2,20.0,0.4395,0.4304,1,3.8,0.643,0.8492,43.948,0
VH-00946,2022-11-27,11,Light,4496.5,93.8,0.7211,0.4919,1,10.7,0.5691,0.8367,31.9586,1
VH-00947,2023-06-25,18,Heavy,7455.7,164.2,0.8008,0.6625,0,1.9,0.7303,0.8415,22.7638,0
VH-00948,2023-06-25,18,Heavy,3452.0,83.7,0.7108,0.8475,2,6.3,0.6359,0.6013,17.7746,1
VH-00949,2022-05-01,4,Heavy,5795.7,144.9,0.9278,0.2871,0,6.9,0.6368,0.7138,33.4924,1
VH-00950,2022-04-01,3,Medium,3780.1,67.6,0.5925,0.2067,1,10.7,0.7027,0.9621,37.2911,0
VH-00951,2022-01-01,0,Medium,4582.9,111.7,0.8725,0.4508,1,3.5,0.4707,0.8456,31.2454,1
VH-00952,2023-08-24,20,Light,6322.0,158.9,0.6003,0.3836,0,9.5,0.7648,0.7542,21.5672,1
VH-00953,2023-02-25,14,Light,3981.1,123.7,0.7803,0.1086,1,2.6,0.28,0.8093,30.5228,0
VH-00954,2022-05-31,5,Light,3464.8,87.6,0.8243,0.3499,1,8.1,0.7747,0.7424,39.7159,0
VH-00955,2022-03-02,2,Heavy,6627.1,140.4,0.6571,0.3122,0,4.1,0.5484,0.8674,59.2814,0
VH-00956,2022-09-28,9,Heavy,4568.3,82.4,0.2061,0.4088,0,3.5,0.7303,0.7665,28.3327,0
VH-00957,2022-01-31,1,Heavy,6136.8,163.8,0.8287,0.5276,0,9.1,0.4395,0.7364,44.5303,1
VH-00958,2023-06-25,18,Medium,3472.1,88.2,0.6076,0.7525,1,1.3,0.7637,0.8262,63.4047,0
VH-00959,2022-01-31,1,Medium,6610.0,146.6,0.6469,0.3335,2,6.3,0.598,0.8174,26.7194,0
VH-00960,2022-05-01,4,Medium,4910.4,84.8,0.5785,0.5953,2,1.1,0.5387,0.8352,51.1236,0
VH-00961,2022-03-02,2,Medium,5152.2,100.5,0.9336,0.4494,2,4.3,0.4124,0.6238,26.209,1
VH-00962,2022-07-30,7,Medium,4697.4,113.9,0.7687,0.5655,0,2.2,0.7269,0.4407,9.2711,1
VH-00963,2023-11-22,23,Light,3741.8,88.5,0.8075,0.0571,1,4.0,0.31,0.6421,69.9109,0
VH-00964,2023-01-26,13,Light,4497.5,70.7,0.7619,0.1037,0,3.0,0.7017,0.5909,13.0621,1
VH-00965,2023-09-23,21,Heavy,3836.1,94.7,0.5769,0.5174,0,3.6,0.4708,0.834,58.4302,0
VH-00966,2023-06-25,18,Medium,5939.3,108.5,0.7184,0.4566,2,2.1,0.7691,0.6592,25.1394,1
VH-00967,2022-10-28,10,Heavy,4195.4,113.5,0.6966,0.395,1,3.0,0.6192,0.5401,48.7908,0
VH-00968,2022-10-28,10,Light,2255.2,53.2,0.8809,0.4976,1,0.9,0.2755,0.7035,24.9994,0
VH-00969,2023-08-24,20,Medium,1980.9,37.1,0.8403,0.2954,1,10.2,0.6981,0.819,34.1073,0
VH-00970,2023-08-24,20,Light,1909.9,57.3,0.8541,0.6657,1,2.1,0.4898,0.8193,30.2638,0
VH-00971,2023-10-23,22,Medium,5427.0,125.9,0.9397,0.2082,1,7.8,0.478,0.5217,18.0914,0
VH-00972,2022-05-31,5,Light,2772.7,81.5,0.8215,0.2548,0,5.9,0.8491,0.6865,53.5049,0
VH-00973,2023-05-26,17,Light,4950.1,111.2,0.4924,0.2779,0,0.1,0.4953,0.693,59.67,0
VH-00974,2023-09-23,21,Heavy,4704.9,106.6,0.713,0.7474,0,10.0,0.2823,0.7539,58.6548,1
VH-00975,2023-06-25,18,Medium,4402.9,93.6,0.5419,0.6932,0,6.8,0.6449,0.4326,67.3697,0
VH-00976,2023-06-25,18,Medium,5157.6,118.6,0.5499,0.6645,0,6.5,0.3529,0.802,65.6535,0
VH-00977,2022-03-02,2,Medium,4737.5,130.7,0.7801,0.5825,1,4.4,0.4547,0.8351,21.8195,1
VH-00978,2022-05-31,5,Medium,800.0,20.0,0.5628,0.363,0,10.1,0.399,0.6824,32.095,0
VH-00979,2023-10-23,22,Medium,4014.6,98.9,0.9604,0.3848,0,4.0,0.3554,0.9083,65.1175,0
VH-00980,2023-07-25,19,Light,5137.7,101.0,0.4097,0.1823,0,7.0,0.3822,0.4097,23.4817,0
VH-00981,2022-05-01,4,Heavy,6960.4,123.7,0.4438,0.1117,2,6.8,0.4083,0.5076,63.7044,0
VH-00982,2022-01-01,0,Heavy,7029.7,159.3,0.544,0.4193,1,5.6,0.7576,0.5648,25.2666,1
VH-00983,2022-10-28,10,Heavy,2455.3,60.1,0.9299,0.4802,0,1.6,0.8522,0.7347,22.1817,1
VH-00984,2022-10-28,10,Medium,3975.4,86.7,0.6329,0.7674,0,6.4,0.7202,0.9141,32.0145,1
VH-00985,2023-03-27,15,Light,2150.8,25.4,0.7385,0.0977,1,3.5,0.8271,0.8116,35.7597,0
VH-00986,2022-12-27,12,Heavy,6779.8,155.2,0.7554,0.4051,0,12.6,0.8045,0.8765,23.5099,1
VH-00987,2023-01-26,13,Medium,6019.3,137.8,0.676,0.1948,0,9.8,0.5997,0.9426,36.1749,0
VH-00988,2023-05-26,17,Light,5025.9,98.4,0.4987,0.3056,0,9.6,0.477,0.7846,39.3945,0
VH-00989,2022-09-28,9,Medium,4749.1,85.2,0.4132,0.4355,1,4.0,0.4544,0.6463,42.7962,0
VH-00990,2023-02-25,14,Heavy,6570.9,142.2,0.8606,0.5141,0,17.2,0.1445,0.4575,31.8657,1
VH-00991,2023-08-24,20,Medium,6317.0,150.2,0.9333,0.2148,0,4.7,0.4273,0.7438,59.8026,1
VH-00992,2023-07-25,19,Heavy,6237.1,144.9,0.77,0.5161,0,3.0,0.6679,0.8878,24.0071,0
VH-00993,2023-03-27,15,Heavy,5185.0,102.0,0.584,0.4433,1,4.9,0.3489,0.6502,30.9027,0
VH-00994,2022-05-01,4,Light,3976.2,90.4,0.1871,0.4332,1,3.1,0.6544,0.7892,33.7848,0
VH-00995,2023-01-26,13,Heavy,5650.7,138.9,0.8425,0.2292,1,6.6,0.6182,0.6414,15.1461,1
VH-00996,2022-09-28,9,Medium,5724.1,109.6,0.6352,0.2468,0,4.6,0.5708,0.6793,27.727,0
VH-00997,2023-10-23,22,Medium,4214.0,94.6,0.4771,0.4299,1,17.8,0.3225,0.8239,62.5198,0
VH-00998,2022-09-28,9,Light,3973.1,108.4,0.9285,0.3538,0,1.2,0.0966,0.9288,40.5454,0
VH-00999,2022-10-28,10,Heavy,6200.0,118.7,0.5838,0.3701,1,9.9,0.111,0.8375,49.022,0
VH-01000,2023-08-24,20,Medium,6996.2,172.8,0.8984,0.3912,1,16.1,0.656,0.7549,14.5752,1
VH-01001,2022-07-30,7,Light,3375.9,99.3,0.7407,0.3145,2,2.7,0.3473,0.5311,66.1318,0
VH-01002,2022-06-30,6,Medium,4104.9,87.9,0.9462,0.4874,0,8.1,0.1786,0.7248,23.4955,0
VH-01003,2023-08-24,20,Light,5026.4,106.6,0.674,0.3893,1,3.6,0.4965,0.7219,31.9059,0
VH-01004,2022-05-31,5,Light,5229.9,131.7,0.7173,0.4264,0,3.9,0.5352,0.6044,25.2086,0
VH-01005,2023-07-25,19,Medium,3716.5,79.8,0.7453,0.2974,1,14.8,0.5724,0.698,18.274,1
VH-01006,2022-10-28,10,Medium,7325.3,127.5,0.7683,0.2513,1,3.4,0.5955,0.9215,37.2366,0
VH-01007,2022-09-28,9,Heavy,5133.1,112.6,0.6265,0.6495,2,7.1,0.7429,0.5185,23.7209,1
VH-01008,2022-01-01,0,Medium,5297.1,124.8,0.7826,0.6843,2,13.7,0.5231,0.8051,10.8386,1
VH-01009,2023-08-24,20,Heavy,7138.3,169.7,0.5716,0.2541,0,12.1,0.6367,0.3746,27.5319,1
VH-01010,2022-05-31,5,Medium,3826.4,71.8,0.9521,0.3368,3,7.2,0.3665,0.9529,62.4922,0
VH-01011,2023-06-25,18,Medium,4367.4,93.0,0.3443,0.6653,1,7.3,0.4891,0.9182,71.3988,0
VH-01012,2022-05-31,5,Medium,2620.0,72.9,0.6046,0.4683,0,1.3,0.6333,0.8255,43.5824,1
VH-01013,2023-08-24,20,Medium,4241.5,93.4,0.4758,0.677,1,8.5,0.5343,0.8826,53.1328,0
VH-01014,2022-10-28,10,Heavy,2266.6,27.4,0.5245,0.3382,1,3.2,0.709,0.52,35.0785,0
VH-01015,2022-12-27,12,Medium,5621.8,143.5,0.2794,0.6462,1,4.7,0.2885,0.7929,52.142,0
VH-01016,2023-03-27,15,Light,5130.0,110.8,0.7799,0.3169,2,10.9,0.5311,0.5441,38.8931,0
VH-01017,2022-08-29,8,Medium,4084.4,107.1,0.741,0.524,1,4.7,0.7464,0.8617,50.2596,1
VH-01018,2023-05-26,17,Heavy,4349.4,75.7,0.8533,0.4892,0,11.7,0.571,0.6862,43.6144,1
VH-01019,2023-03-27,15,Light,5642.2,123.6,0.9305,0.6914,2,2.2,0.7798,0.4815,11.1229,1
VH-01020,2023-10-23,22,Medium,2796.3,69.8,0.8638,0.7477,2,1.4,0.798,0.9521,24.5679,0
VH-01021,2023-02-25,14,Heavy,4806.3,105.5,0.8954,0.4238,0,1.9,0.4952,0.8365,30.5587,0
VH-01022,2022-09-28,9,Heavy,5549.3,105.6,0.6796,0.1882,2,0.4,0.7377,0.6495,46.29,0
VH-01023,2022-12-27,12,Heavy,1826.6,20.0,0.6116,0.7914,0,0.9,0.3059,0.7378,41.3807,0
VH-01024,2023-09-23,21,Medium,5527.4,145.7,0.8269,0.1388,0,11.0,0.408,0.8431,48.5775,0
VH-01025,2022-11-27,11,Medium,1988.9,47.9,0.839,0.4684,2,19.6,0.4759,0.8282,36.4421,0
VH-01026,2023-07-25,19,Medium,4323.6,113.6,0.8772,0.3373,1,10.3,0.3346,0.5278,28.5904,0
VH-01027,2022-05-01,4,Heavy,2754.9,75.2,0.599,0.4479,1,4.0,0.7569,0.3693,18.2544,1
VH-01028,2022-10-28,10,Medium,6646.9,156.7,0.8461,0.2648,0,3.3,0.2368,0.7477,16.8133,1
VH-01029,2023-01-26,13,Heavy,2764.3,56.6,0.4535,0.4681,0,10.8,0.8421,0.979,19.4894,0
VH-01030,2023-04-26,16,Medium,2024.7,52.3,0.6686,0.5028,0,1.2,0.5216,0.6683,50.2864,0
VH-01031,2023-06-25,18,Medium,4700.0,125.9,0.857,0.5374,1,3.5,0.6281,0.1736,22.946,1
VH-01032,2022-03-02,2,Heavy,3879.4,87.5,0.7593,0.6193,0,18.3,0.6032,0.4214,9.241,1
VH-01033,2023-06-25,18,Medium,2243.1,78.4,0.4557,0.2763,0,2.8,0.3332,0.54,25.2236,0
VH-01034,2023-10-23,22,Heavy,5288.7,95.0,0.5279,0.8646,1,4.6,0.7429,0.7858,54.6146,1
VH-01035,2022-03-02,2,Medium,1512.8,20.0,0.7393,0.5652,2,2.1,0.4542,0.7575,62.9889,0
VH-01036,2023-05-26,17,Medium,2945.6,80.3,0.6184,0.2721,0,5.4,0.559,0.6291,61.676,0
VH-01037,2022-10-28,10,Medium,3637.2,68.5,0.6712,0.592,0,6.4,0.1493,0.4629,31.1621,0
VH-01038,2023-10-23,22,Medium,5703.3,157.4,0.9608,0.076,1,5.6,0.5245,0.5447,24.6065,1
VH-01039,2023-06-25,18,Medium,6443.2,163.2,0.7344,0.4565,0,11.9,0.7025,0.5288,10.4112,1
VH-01040,2022-01-31,1,Light,6154.2,160.6,0.7735,0.7451,1,1.9,0.5145,0.8606,42.5381,0
VH-01041,2022-08-29,8,Light,4270.1,108.2,0.8802,0.1257,0,6.1,0.1799,0.9011,34.8085,1
VH-01042,2022-08-29,8,Medium,859.0,20.0,0.6843,0.445,0,3.7,0.8668,0.9098,59.5871,0
VH-01043,2022-04-01,3,Medium,5086.3,88.1,0.683,0.5764,1,6.0,0.1454,0.9174,51.7385,0
VH-01044,2023-02-25,14,Medium,6705.9,171.4,0.7777,0.1611,1,1.0,0.2297,0.7721,58.318,0
VH-01045,2022-10-28,10,Light,6350.7,118.6,0.8282,0.2494,2,3.1,0.5007,0.6857,34.5223,1
VH-01046,2022-05-31,5,Medium,5194.4,139.2,0.6939,0.2953,1,1.2,0.4108,0.6278,9.1572,1
VH-01047,2022-06-30,6,Light,2715.7,70.4,0.7496,0.1245,0,6.0,0.3872,0.9558,53.3567,0
VH-01048,2023-07-25,19,Heavy,3712.0,81.3,0.6251,0.5655,0,3.1,0.5711,0.8471,49.0719,0
VH-01049,2022-11-27,11,Heavy,7400.7,171.1,0.6665,0.266,4,0.9,0.6861,0.8283,44.9491,0
VH-01050,2022-06-30,6,Light,2374.9,59.8,0.8465,0.4273,0,5.0,0.4828,0.8913,13.5035,1
VH-01051,2023-10-23,22,Medium,2778.2,58.7,0.9851,0.1118,1,5.3,0.6024,0.671,19.9642,0
VH-01052,2022-05-01,4,Light,5913.8,152.8,0.6919,0.4841,0,3.5,0.7429,0.9019,29.8146,1
VH-01053,2023-03-27,15,Medium,3853.3,106.5,0.9372,0.1623,1,7.7,0.3931,0.4994,55.2584,0
VH-01054,2022-05-01,4,Light,2727.4,62.9,0.6942,0.8373,1,8.9,0.4891,0.7391,59.7348,0
VH-01055,2023-01-26,13,Medium,6792.0,141.9,0.6805,0.2546,0,12.6,0.7934,0.7166,8.0621,1
VH-01056,2023-05-26,17,Medium,5191.6,135.0,0.6618,0.5683,1,13.3,0.5754,0.6286,22.2494,1
VH-01057,2022-11-27,11,Heavy,3927.3,56.9,0.9501,0.3887,2,9.6,0.2397,0.6456,47.9917,1
VH-01058,2022-07-30,7,Light,2781.3,68.5,0.901,0.5802,0,8.8,0.4946,0.5268,36.1589,0
VH-01059,2022-10-28,10,Medium,7571.1,179.3,0.7351,0.6769,2,7.8,0.5247,0.9451,20.1117,0
VH-01060,2023-08-24,20,Heavy,4463.3,86.8,0.94,0.1516,1,2.3,0.6071,0.8078,28.7463,1
VH-01061,2023-05-26,17,Heavy,6596.0,161.2,0.4667,0.2121,1,8.2,0.5604,0.8551,55.3451,0
VH-01062,2023-01-26,13,Medium,5840.5,129.4,0.4134,0.2754,1,1.7,0.8927,0.8939,41.9784,0
VH-01063,2023-07-25,19,Medium,3718.6,74.5,0.6322,0.3006,0,9.7,0.8656,0.4953,66.982,0
VH-01064,2022-04-01,3,Medium,3730.6,97.4,0.926,0.4432,0,11.2,0.6162,0.5854,5.1145,1
VH-01065,2023-06-25,18,Medium,6669.5,131.9,0.7702,0.4627,2,2.7,0.3924,0.2427,14.3681,1
VH-01066,2022-07-30,7,Heavy,6693.8,161.8,0.5641,0.5858,0,4.7,0.5113,0.8332,51.6155,0
VH-01067,2022-01-31,1,Medium,1684.6,20.0,0.6298,0.7331,1,5.4,0.464,0.5932,36.0513,0
VH-01068,2023-11-22,23,Medium,5324.7,122.6,0.7571,0.3936,0,7.0,0.4492,0.8193,37.1611,1
VH-01069,2022-07-30,7,Light,4318.2,96.6,0.2729,0.0502,0,9.0,0.4335,0.7159,57.1072,0
VH-01070,2022-05-31,5,Medium,2950.0,57.5,0.8145,0.3661,1,11.7,0.1969,0.8223,7.1449,1
VH-01071,2023-04-26,16,Heavy,4892.6,114.6,0.5986,0.6348,0,5.9,0.2798,0.7851,28.7123,0
VH-01072,2022-03-02,2,Medium,2475.6,53.8,0.8912,0.1845,0,3.2,0.2273,0.7206,26.8552,0
VH-01073,2022-03-02,2,Medium,3800.3,100.3,0.8893,0.3771,0,5.7,0.2218,0.6365,31.2091,0
VH-01074,2022-01-01,0,Heavy,3302.3,81.8,0.5669,0.2931,0,3.3,0.2719,0.7416,51.6322,0
VH-01075,2023-08-24,20,Heavy,3750.3,90.1,0.6685,0.474,1,3.2,0.7354,0.7713,38.8626,0
VH-01076,2022-03-02,2,Medium,4392.8,102.0,0.8421,0.6131,0,4.6,0.4749,0.8596,24.2947,0
VH-01077,2022-08-29,8,Medium,2976.7,59.1,0.7583,0.4681,0,2.0,0.7586,0.2434,22.7506,1
VH-01078,2022-07-30,7,Medium,6859.8,147.9,0.8946,0.7291,1,7.5,0.4605,0.7898,19.6293,1
VH-01079,2022-12-27,12,Medium,5239.9,120.2,0.8367,0.285,0,8.7,0.8505,0.8758,30.1917,1
VH-01080,2022-07-30,7,Medium,7191.8,157.2,0.7958,0.5622,2,20.0,0.5466,0.8471,31.7834,1
VH-01081,2023-01-26,13,Light,4259.9,111.3,0.5391,0.1249,0,4.4,0.5254,0.7424,46.3031,0
VH-01082,2022-01-31,1,Heavy,3676.8,83.1,0.5045,0.3226,2,2.1,0.8773,0.6389,4.9081,1
VH-01083,2023-11-22,23,Heavy,7137.6,164.3,0.3017,0.074,0,11.7,0.7077,0.7905,40.8747,0
VH-01084,2022-10-28,10,Heavy,3632.9,59.7,0.7637,0.3181,3,6.0,0.7005,0.6674,32.5624,0
VH-01085,2023-05-26,17,Heavy,4232.6,108.2,0.8702,0.1424,1,0.2,0.0927,0.8974,24.5856,0
VH-01086,2023-07-25,19,Heavy,5580.1,115.3,0.8861,0.8229,1,3.9,0.4184,0.7155,26.497,1
VH-01087,2023-10-23,22,Heavy,2643.4,43.1,0.5801,0.5136,1,4.3,0.6084,0.2977,24.8132,1
VH-01088,2022-04-01,3,Heavy,5566.9,148.4,0.8495,0.4671,1,3.3,0.3171,0.3418,41.4629,1
VH-01089,2022-01-01,0,Medium,5375.0,129.9,0.6994,0.1664,3,10.5,0.6396,0.6875,29.2406,0
VH-01090,2022-12-27,12,Medium,6404.0,157.0,0.9346,0.6109,0,2.8,0.6397,0.6812,33.2855,0
VH-01091,2022-05-31,5,Light,5835.1,136.5,0.7469,0.4357,0,17.1,0.4872,0.9163,19.9986,1
VH-01092,2023-11-22,23,Medium,6450.0,141.9,0.5133,0.706,1,8.0,0.7183,0.9034,32.2978,0
VH-01093,2023-09-23,21,Medium,4334.4,92.1,0.8611,0.4406,0,5.1,0.355,0.5795,26.1067,1
VH-01094,2022-03-02,2,Medium,3206.0,82.9,0.9182,0.3258,1,0.7,0.8926,0.8,22.8307,1
VH-01095,2022-08-29,8,Medium,7665.0,187.3,0.554,0.4976,1,5.9,0.6656,0.8472,35.5505,1
VH-01096,2022-12-27,12,Medium,2210.0,48.1,0.7436,0.2121,0,7.4,0.4274,0.9312,28.0308,0
VH-01097,2022-09-28,9,Light,2360.2,83.5,0.7196,0.3884,3,2.6,0.3246,0.4275,50.8168,0
VH-01098,2023-03-27,15,Heavy,5347.7,115.9,0.8316,0.5713,2,3.5,0.6451,0.4751,13.4572,1
VH-01099,2022-07-30,7,Heavy,6937.5,133.3,0.788,0.482,0,8.1,0.8831,0.7449,21.8725,0
VH-01100,2022-09-28,9,Light,4784.3,80.5,0.7987,0.3824,0,6.9,0.575,0.6818,12.6206,1
VH-01101,2023-08-24,20,Light,5999.0,108.0,0.8731,0.3334,4,3.4,0.4291,0.8625,39.1275,1
VH-01102,2022-06-30,6,Medium,1506.3,27.3,0.618,0.3443,1,4.8,0.7226,0.8143,35.3599,0
VH-01103,2023-04-26,16,Heavy,3750.7,79.9,0.9276,0.5674,0,1.8,0.2875,0.8596,70.7204,0
VH-01104,2023-06-25,18,Heavy,1689.1,47.8,0.7114,0.3067,0,3.3,0.838,0.7674,27.1082,0
VH-01105,2022-03-02,2,Light,5670.6,125.6,0.7983,0.2124,2,4.3,0.8295,0.7656,44.1814,0
VH-01106,2023-01-26,13,Heavy,2179.2,61.1,0.6736,0.371,1,3.4,0.5125,0.8789,52.1962,0
VH-01107,2023-01-26,13,Light,2583.3,58.1,0.6081,0.2858,1,1.9,0.5523,0.7388,41.6766,0
VH-01108,2023-01-26,13,Medium,5271.0,117.3,0.6933,0.5121,1,15.4,0.4994,0.7486,42.9296,1
VH-01109,2023-07-25,19,Heavy,6092.7,126.7,0.6168,0.7756,1,1.5,0.7244,0.5056,9.0125,1
VH-01110,2023-02-25,14,Light,4261.5,116.0,0.2526,0.3056,0,5.7,0.4848,0.4282,52.94,0
VH-01111,2022-01-31,1,Light,5355.3,96.0,0.7346,0.4702,1,12.6,0.314,0.3683,38.6831,0
VH-01112,2023-04-26,16,Medium,5306.7,122.4,0.736,0.7172,0,2.8,0.6414,0.3186,12.4161,1
VH-01113,2022-05-01,4,Medium,4176.9,90.1,0.7476,0.3283,0,0.5,0.6552,0.4984,30.1473,1
VH-01114,2023-02-25,14,Heavy,2857.9,75.2,0.9541,0.5721,0,5.3,0.4278,0.7225,12.5898,1
VH-01115,2022-01-01,0,Heavy,5347.3,118.5,0.7496,0.5534,1,3.2,0.8441,0.8783,42.0407,0
VH-01116,2022-05-01,4,Light,5419.6,120.6,0.8763,0.4217,0,3.2,0.5071,0.8337,54.2211,1
VH-01117,2023-05-26,17,Light,5841.0,125.8,0.7163,0.5931,0,8.5,0.5532,0.8493,42.4008,0
VH-01118,2023-05-26,17,Heavy,4968.1,131.3,0.6002,0.8484,0,8.4,0.5576,0.6183,33.7014,1
VH-01119,2023-04-26,16,Medium,2747.3,61.1,0.9422,0.3546,0,4.1,0.8312,0.8751,37.3952,0
VH-01120,2023-10-23,22,Heavy,5535.5,152.6,0.4097,0.4771,0,3.4,0.6159,0.8853,57.4442,0
VH-01121,2023-10-23,22,Medium,4497.9,104.0,0.8073,0.2635,0,5.8,0.4257,0.3119,21.2091,0
VH-01122,2022-04-01,3,Light,3775.9,84.2,0.9684,0.0382,1,2.7,0.2471,0.5359,19.8616,0
VH-01123,2022-01-01,0,Heavy,4058.0,88.0,0.7125,0.5396,0,4.2,0.8329,0.6767,26.8471,1
VH-01124,2022-12-27,12,Light,3464.6,85.5,0.9092,0.3949,0,4.8,0.8698,0.9376,54.5323,0
VH-01125,2023-07-25,19,Medium,5833.3,120.8,0.6526,0.1433,2,15.3,0.4693,0.2207,25.3494,0
VH-01126,2023-03-27,15,Medium,2372.8,54.9,0.591,0.7872,3,2.9,0.49,0.6532,21.0573,1
VH-01127,2023-04-26,16,Medium,3009.8,67.0,0.9715,0.6477,1,4.1,0.3167,0.5826,54.5511,0
VH-01128,2023-09-23,21,Medium,4006.8,93.9,0.9099,0.2077,0,8.8,0.8994,0.6006,9.127,1
VH-01129,2022-06-30,6,Medium,6920.6,159.0,0.4635,0.5979,1,9.1,0.5548,0.7413,34.9582,1
VH-01130,2023-01-26,13,Heavy,6081.4,141.2,0.5697,0.4974,1,4.0,0.8147,0.7402,31.6905,0
VH-01131,2022-01-31,1,Heavy,2038.7,46.7,0.8153,0.541,0,0.4,0.705,0.5039,20.329,1
VH-01132,2022-07-30,7,Medium,6527.0,168.6,0.9324,0.3314,2,10.0,0.3876,0.8626,25.3881,0
VH-01133,2023-07-25,19,Light,6524.1,151.3,0.9723,0.3615,2,10.4,0.3563,0.5889,30.8879,1
VH-01134,2022-12-27,12,Heavy,2739.0,100.0,0.7846,0.2313,0,6.0,0.5605,0.7706,24.461,0
VH-01135,2022-05-01,4,Heavy,800.0,20.0,0.7873,0.1283,0,1.0,0.6328,0.8366,18.7296,0
VH-01136,2023-05-26,17,Medium,4391.7,112.0,0.8784,0.2595,1,3.4,0.5817,0.8326,32.1442,1
VH-01137,2022-06-30,6,Medium,6183.6,126.5,0.606,0.6419,1,2.3,0.7207,0.583,4.7895,1
VH-01138,2022-06-30,6,Medium,6886.9,174.1,0.8356,0.3404,1,2.8,0.5751,0.8057,30.5288,1
VH-01139,2022-09-28,9,Light,3193.8,60.4,0.8287,0.6881,1,4.5,0.4639,0.7905,50.8007,0
VH-01140,2023-09-23,21,Medium,7128.0,165.2,0.3586,0.4652,1,15.2,0.1867,0.9363,39.9128,0
VH-01141,2023-09-23,21,Medium,1158.1,21.8,0.4855,0.2534,0,3.2,0.3724,0.3682,18.0757,0
VH-01142,2023-04-26,16,Heavy,3947.9,94.5,0.9585,0.4702,3,11.1,0.8507,0.566,12.2039,1
VH-01143,2023-10-23,22,Heavy,3874.2,82.6,0.9087,0.4044,0,10.0,0.7788,0.355,9.6264,1
VH-01144,2022-05-01,4,Heavy,6228.5,126.6,0.6977,0.2886,0,1.5,0.1147,0.5801,58.6647,0
VH-01145,2023-05-26,17,Medium,6447.5,139.2,0.9646,0.4234,3,0.8,0.5416,0.8633,28.2939,1
VH-01146,2023-08-24,20,Medium,5931.3,154.9,0.9409,0.4216,1,3.4,0.4314,0.5617,6.6942,1
VH-01147,2023-08-24,20,Heavy,2474.2,62.0,0.5978,0.1931,0,7.6,0.6373,0.7877,25.2747,0
VH-01148,2023-05-26,17,Heavy,5793.9,109.4,0.5858,0.5756,1,10.0,0.5806,0.4993,29.8175,0
VH-01149,2023-03-27,15,Medium,5263.6,133.4,0.8242,0.7083,1,11.3,0.532,0.7328,34.9024,1
VH-01150,2022-09-28,9,Heavy,1993.1,30.9,0.5146,0.2321,1,5.5,0.1923,0.635,48.7826,0
VH-01151,2022-05-01,4,Light,1399.5,42.2,0.8425,0.6648,0,10.4,0.4867,0.8034,26.9032,1
VH-01152,2022-10-28,10,Heavy,6057.0,142.9,0.9506,0.2701,0,1.4,0.5287,0.6214,26.4713,0
VH-01153,2022-09-28,9,Light,4229.9,103.2,0.7028,0.3478,2,1.8,0.6584,0.926,21.55,0
VH-01154,2022-07-30,7,Light,2572.2,85.0,0.5456,0.3919,1,4.4,0.9008,0.6202,33.5154,0
VH-01155,2023-07-25,19,Medium,4187.7,80.6,0.6618,0.2399,3,6.7,0.4075,0.4408,21.7793,0
VH-01156,2022-08-29,8,Light,5046.1,121.3,0.7872,0.5294,1,3.8,0.8326,0.7416,21.9103,1
VH-01157,2022-12-27,12,Light,4375.7,116.1,0.453,0.8298,1,3.4,0.2781,0.5466,58.6519,0
VH-01158,2023-10-23,22,Light,2172.0,38.6,0.7078,0.2653,0,4.6,0.561,0.6462,67.2349,0
VH-01159,2022-01-31,1,Medium,7328.3,151.7,0.8781,0.3256,0,5.3,0.5245,0.5123,47.3371,1
VH-01160,2022-05-31,5,Heavy,6006.3,129.2,0.5589,0.4312,2,15.4,0.9289,0.5898,29.992,1
VH-01161,2022-05-31,5,Light,3996.9,93.7,0.8726,0.3498,0,1.5,0.3978,0.784,48.2713,0
VH-01162,2022-08-29,8,Medium,4057.4,69.0,0.7642,0.3075,0,2.9,0.5374,0.8403,19.0996,1
VH-01163,2022-11-27,11,Heavy,5039.2,120.3,0.7455,0.3761,1,3.4,0.1364,0.794,39.869,0
VH-01164,2023-06-25,18,Light,2805.6,41.2,0.9827,0.5852,1,12.8,0.496,0.8804,32.4477,1
VH-01165,2023-02-25,14,Light,4984.0,130.2,0.9025,0.3173,2,15.4,0.3947,0.771,20.7827,0
VH-01166,2023-07-25,19,Heavy,2503.9,63.3,0.8883,0.326,0,12.8,0.8456,0.7007,46.7501,0
VH-01167,2023-10-23,22,Heavy,4394.2,126.3,0.4027,0.5824,2,3.7,0.535,0.6587,31.9801,0
VH-01168,2022-06-30,6,Medium,2747.1,71.1,0.6688,0.084,1,3.4,0.7504,0.6188,24.453,0
VH-01169,2022-01-31,1,Heavy,2822.9,58.2,0.5559,0.2067,1,6.0,0.289,0.6832,50.3551,0
VH-01170,2022-03-02,2,Light,6968.6,142.9,0.3317,0.1539,1,16.5,0.1454,0.4463,17.1384,1
VH-01171,2022-05-31,5,Medium,4588.8,105.6,0.7315,0.2725,0,7.2,0.6235,0.7492,32.5001,0
VH-01172,2023-11-22,23,Heavy,4811.1,106.5,0.784,0.6682,1,6.2,0.5008,0.8278,32.8344,0
VH-01173,2022-08-29,8,Medium,1482.9,50.7,0.3259,0.5687,0,4.3,0.2058,0.6022,18.0975,0
VH-01174,2023-02-25,14,Heavy,3604.5,66.2,0.7036,0.4909,1,6.6,0.7452,0.833,44.5094,0
VH-01175,2023-08-24,20,Medium,5191.8,145.7,0.8359,0.56,3,0.8,0.6523,0.7606,10.5839,1
VH-01176,2023-03-27,15,Heavy,4791.2,125.6,0.4657,0.1038,1,8.9,0.6825,0.6447,33.3366,0
VH-01177,2022-09-28,9,Medium,1269.0,25.1,0.7936,0.7171,0,5.2,0.5158,0.8581,35.2296,1
VH-01178,2022-11-27,11,Medium,4810.7,133.9,0.695,0.6962,0,9.3,0.3784,0.5042,46.1405,1
VH-01179,2022-06-30,6,Light,5049.8,100.5,0.6262,0.2901,0,5.8,0.0763,0.823,52.984,0
VH-01180,2023-03-27,15,Light,6425.6,145.9,0.4371,0.6824,0,14.4,0.6319,0.8341,36.0355,1
VH-01181,2022-01-01,0,Heavy,3517.2,59.0,0.6789,0.1715,3,2.4,0.7958,0.9887,23.8161,0
VH-01182,2023-05-26,17,Light,1136.9,53.0,0.6371,0.6044,1,1.5,0.4477,0.5876,42.4202,0
VH-01183,2023-07-25,19,Light,3004.8,42.1,0.654,0.3941,1,2.9,0.2467,0.9265,58.6934,0
VH-01184,2022-09-28,9,Light,2854.4,41.8,0.7319,0.6537,1,3.1,0.647,0.8332,22.8101,0
VH-01185,2023-02-25,14,Light,5605.1,115.0,0.7119,0.4908,2,9.8,0.6323,0.486,32.232,1
VH-01186,2023-02-25,14,Heavy,800.0,37.6,0.7885,0.7878,2,9.1,0.6157,0.9241,27.7865,0
VH-01187,2023-04-26,16,Medium,3827.5,99.4,0.8516,0.3285,1,15.3,0.4148,0.726,27.6024,1
VH-01188,2022-05-31,5,Heavy,6638.7,149.4,0.781,0.6508,0,1.8,0.5374,0.359,14.2338,1
VH-01189,2023-09-23,21,Light,4510.8,115.5,0.6223,0.1304,1,6.3,0.3254,0.9014,44.1829,0
VH-01190,2022-07-30,7,Medium,5844.5,128.1,0.7592,0.3762,0,8.3,0.3183,0.9094,33.889,1
VH-01191,2022-06-30,6,Medium,2037.3,51.6,0.5588,0.3792,1,0.8,0.8843,0.8035,36.9479,0
VH-01192,2022-01-31,1,Medium,2097.0,71.4,0.7828,0.3505,0,2.2,0.6752,0.9757,38.3157,0
VH-01193,2023-05-26,17,Heavy,6655.9,144.2,0.6475,0.4093,2,5.1,0.8761,0.771,13.7265,1
VH-01194,2022-03-02,2,Heavy,4651.8,91.9,0.4126,0.564,1,1.1,0.7451,0.946,71.1574,0
VH-01195,2022-11-27,11,Heavy,4654.9,110.5,0.9537,0.5552,1,10.9,0.361,0.657,17.8087,1
VH-01196,2023-07-25,19,Light,2822.8,73.8,0.8591,0.6906,0,13.8,0.5411,0.5759,41.7953,1
VH-01197,2023-03-27,15,Light,4651.2,105.0,0.9506,0.3409,2,13.7,0.4765,0.6796,31.7166,1
VH-01198,2023-07-25,19,Medium,2781.1,76.9,0.828,0.2387,0,4.3,0.6273,0.6649,26.9682,0
VH-01199,2022-03-02,2,Medium,6280.3,136.5,0.6475,0.0717,1,0.4,0.8464,0.9425,30.8443,0
VH-01200,2023-10-23,22,Heavy,8591.7,192.8,0.7407,0.7068,0,1.9,0.8711,0.815,12.5886,1
VH-01201,2022-10-28,10,Medium,5225.9,121.7,0.6748,0.5463,0,3.5,0.4795,0.8924,47.2308,0
VH-01202,2023-07-25,19,Medium,3547.6,83.1,0.9057,0.2199,1,1.7,0.6481,0.8147,46.0109,0
VH-01203,2023-02-25,14,Heavy,800.0,42.0,0.6429,0.2292,2,8.6,0.2454,0.5683,28.4424,0
VH-01204,2022-11-27,11,Heavy,1973.3,49.4,0.724,0.6567,1,0.6,0.3351,0.6307,30.741,1
VH-01205,2022-04-01,3,Light,6832.3,147.3,0.7918,0.387,0,2.9,0.442,0.7648,26.9638,0
VH-01206,2022-03-02,2,Light,2956.2,73.6,0.735,0.4493,0,2.7,0.566,0.8694,43.7772,1
VH-01207,2023-01-26,13,Medium,3943.7,102.8,0.707,0.4687,0,13.8,0.7775,0.8761,39.825,0
VH-01208,2023-09-23,21,Medium,5483.0,133.5,0.4141,0.5804,0,2.9,0.8212,0.7055,62.5539,1
VH-01209,2022-05-01,4,Medium,6723.4,160.2,0.7429,0.3776,1,5.2,0.5006,0.7702,44.5469,1
VH-01210,2022-05-01,4,Medium,4200.6,70.9,0.5084,0.1891,0,5.1,0.5633,0.6244,27.9488,0
VH-01211,2022-11-27,11,Heavy,3893.0,49.1,0.5292,0.3074,2,5.3,0.5452,0.7247,28.6045,0
VH-01212,2023-02-25,14,Heavy,4607.4,121.5,0.5289,0.4717,0,9.4,0.5236,0.8429,42.2097,0
VH-01213,2022-01-31,1,Medium,3558.5,85.7,0.4503,0.2568,1,4.4,0.8317,0.859,39.6952,0
VH-01214,2023-09-23,21,Medium,3639.3,80.5,0.851,0.4181,1,8.6,0.5272,0.9255,32.4443,0
VH-01215,2022-08-29,8,Medium,5117.8,124.1,0.7115,0.4609,5,2.6,0.2819,0.9896,48.6567,0
VH-01216,2022-05-01,4,Medium,4777.9,135.1,0.8519,0.5232,2,5.6,0.3065,0.6099,43.8675,0
VH-01217,2022-11-27,11,Medium,7697.4,192.3,0.3827,0.7727,0,2.8,0.7229,0.7128,8.1978,1
VH-01218,2023-01-26,13,Medium,5158.3,129.1,0.7163,0.3631,2,3.0,0.4035,0.6211,36.0521,0
VH-01219,2023-01-26,13,Medium,6226.7,125.1,0.5928,0.1749,0,3.5,0.7221,0.713,41.2342,0
VH-01220,2022-09-28,9,Light,2893.1,52.9,0.6969,0.7965,1,9.5,0.3672,0.8472,31.1228,0
VH-01221,2023-06-25,18,Light,5287.7,81.7,0.703,0.1671,2,0.8,0.2335,0.5294,21.2068,0
VH-01222,2022-01-31,1,Light,3415.5,85.4,0.7006,0.6007,0,1.0,0.2846,0.7097,35.1167,0
VH-01223,2023-04-26,16,Heavy,5093.2,129.8,0.6404,0.3668,2,4.7,0.7514,0.4615,15.7378,1
VH-01224,2022-05-31,5,Medium,5532.8,140.8,0.7845,0.5464,1,10.1,0.4719,0.8069,40.6924,0
VH-01225,2022-04-01,3,Light,4574.8,111.8,0.8897,0.8408,0,6.6,0.6368,0.4629,17.9953,1
VH-01226,2022-05-31,5,Heavy,8111.0,177.9,0.8493,0.3043,1,14.8,0.5835,0.8796,16.7953,1
VH-01227,2022-10-28,10,Medium,6642.0,139.1,0.5491,0.292,0,4.8,0.6769,0.5851,23.4631,0
VH-01228,2023-08-24,20,Medium,6265.9,126.9,0.8203,0.3983,1,0.5,0.5392,0.6676,30.64,0
VH-01229,2022-05-01,4,Heavy,5646.4,123.0,0.6245,0.8358,1,7.9,0.7008,0.9553,40.2952,1
VH-01230,2022-04-01,3,Light,7145.0,144.1,0.865,0.4463,3,18.8,0.2008,0.6619,10.7472,1
VH-01231,2022-01-01,0,Light,2344.5,78.4,0.9109,0.1784,2,3.7,0.7407,0.7841,47.9902,0
VH-01232,2023-11-22,23,Medium,6555.4,126.1,0.8123,0.3992,0,8.7,0.553,0.4376,19.594,1
VH-01233,2022-10-28,10,Light,3013.1,64.0,0.8616,0.3665,2,6.9,0.7314,0.6776,29.3928,0
VH-01234,2023-04-26,16,Medium,3653.5,52.1,0.8858,0.1968,0,5.7,0.857,0.5874,54.7894,0
VH-01235,2022-05-31,5,Light,5342.1,123.2,0.7299,0.8023,2,5.0,0.5284,0.8029,51.7925,1
VH-01236,2023-01-26,13,Light,6349.8,141.1,0.4332,0.5999,0,5.9,0.7376,0.6036,42.2227,0
VH-01237,2022-10-28,10,Light,2769.6,56.2,0.7405,0.0825,1,20.8,0.5551,0.9064,47.0661,1
VH-01238,2022-01-31,1,Medium,3731.2,68.9,0.9108,0.4042,0,0.8,0.7706,0.6661,3.4483,1
VH-01239,2022-07-30,7,Light,4646.3,103.3,0.5837,0.2846,1,4.9,0.1338,0.6618,61.7981,1
VH-01240,2023-08-24,20,Light,4220.5,85.6,0.4935,0.1983,0,1.3,0.5249,0.8398,24.179,0
VH-01241,2022-12-27,12,Heavy,5781.0,126.4,0.7243,0.2939,0,7.4,0.4633,0.7411,53.5371,0
VH-01242,2022-01-01,0,Medium,9000.0,220.0,0.8287,0.0929,1,2.2,0.6269,0.6791,7.109,1
VH-01243,2023-01-26,13,Medium,5129.0,116.6,0.8107,0.3384,0,3.3,0.8259,0.5511,15.437,1
VH-01244,2023-11-22,23,Light,3397.2,83.5,0.7475,0.1997,1,1.5,0.5914,0.8769,50.1565,0
VH-01245,2022-08-29,8,Medium,2555.2,49.8,0.6839,0.3097,1,9.1,0.8157,0.8959,68.0439,0
VH-01246,2022-05-01,4,Medium,4012.1,77.4,0.9555,0.2854,2,7.9,0.7138,0.5578,28.2024,1
VH-01247,2022-07-30,7,Medium,3089.6,68.3,0.3335,0.5201,1,4.0,0.3864,0.8595,60.7727,0
VH-01248,2022-04-01,3,Light,5201.3,153.1,0.636,0.6841,1,5.3,0.6109,0.8854,38.3582,1
VH-01249,2022-05-01,4,Heavy,5178.0,110.8,0.8617,0.4512,0,0.3,0.7331,0.8367,30.4693,0
VH-01250,2023-01-26,13,Heavy,3805.2,90.0,0.8538,0.349,1,6.4,0.798,0.7446,41.1962,0
VH-01251,2022-10-28,10,Light,7477.4,153.7,0.5718,0.764,1,4.3,0.5165,0.3656,18.0688,0
VH-01252,2022-03-02,2,Light,3396.8,34.2,0.9028,0.5263,0,2.1,0.4067,0.6893,48.2229,1
VH-01253,2023-01-26,13,Light,4320.9,84.2,0.6856,0.5285,1,12.7,0.5746,0.8163,35.0391,1
VH-01254,2022-01-31,1,Medium,5458.7,157.0,0.6212,0.7193,2,3.5,0.4213,0.4857,27.5625,1
VH-01255,2023-04-26,16,Light,5838.1,138.7,0.7981,0.4877,1,0.4,0.3469,0.5547,20.6966,1
VH-01256,2023-11-22,23,Heavy,6416.4,167.2,0.7506,0.1584,1,16.6,0.451,0.7752,42.6767,0
VH-01257,2022-11-27,11,Heavy,5142.7,109.1,0.7787,0.7966,2,4.3,0.7796,0.9557,28.6149,1
VH-01258,2023-03-27,15,Heavy,6076.4,99.7,0.8,0.5517,0,3.3,0.4763,0.5505,20.2216,0
VH-01259,2022-09-28,9,Medium,3502.3,61.2,0.6932,0.4646,2,22.9,0.9401,0.8861,43.8888,1
VH-01260,2023-01-26,13,Heavy,5877.1,136.6,0.9239,0.8275,1,7.7,0.7404,0.8929,23.9463,1
VH-01261,2022-05-01,4,Light,5857.1,133.7,0.6378,0.4513,2,5.8,0.4451,0.8861,29.056,0
VH-01262,2022-01-31,1,Medium,6769.3,150.3,0.7009,0.2768,2,1.9,0.6408,0.67,17.1089,1
VH-01263,2023-02-25,14,Medium,1997.3,36.4,0.4063,0.1619,0,8.8,0.2642,0.8641,69.3089,0
VH-01264,2022-12-27,12,Heavy,3139.2,83.9,0.8686,0.3478,2,3.2,0.652,0.7926,35.4076,1
VH-01265,2022-01-31,1,Medium,5734.7,119.9,0.4216,0.2924,0,6.7,0.1897,0.8732,65.3378,0
VH-01266,2023-08-24,20,Heavy,800.0,22.4,0.6918,0.5396,2,4.7,0.4364,0.7886,10.378,1
VH-01267,2022-01-31,1,Light,5238.0,119.3,0.5936,0.6153,0,1.5,0.6742,0.878,40.5365,0
VH-01268,2022-11-27,11,Heavy,6089.7,129.8,0.8994,0.1448,0,10.5,0.4696,0.7239,23.0612,0
VH-01269,2023-02-25,14,Medium,3635.4,67.6,0.5837,0.214,2,24.3,0.6854,0.5609,18.0683,0
VH-01270,2023-09-23,21,Medium,3854.7,79.3,0.8103,0.206,0,5.1,0.8107,0.8543,64.1739,1
VH-01271,2022-08-29,8,Heavy,2888.8,92.3,0.7294,0.6464,2,4.3,0.2407,0.7842,22.8403,0
VH-01272,2023-07-25,19,Medium,3717.7,99.3,0.83,0.3279,3,6.4,0.8897,0.7617,23.6967,1
VH-01273,2022-04-01,3,Medium,3761.1,98.9,0.5836,0.5426,0,7.1,0.794,0.7407,23.8858,1
VH-01274,2023-07-25,19,Medium,3475.7,65.4,0.7794,0.4184,1,3.3,0.5512,0.6764,39.4047,1
VH-01275,2023-09-23,21,Light,3393.5,53.8,0.6106,0.5302,1,5.5,0.4913,0.6262,39.1386,0
VH-01276,2022-11-27,11,Medium,4093.5,107.4,0.4982,0.3391,1,6.3,0.4923,0.8617,63.87,1
VH-01277,2022-06-30,6,Light,4075.3,104.1,0.797,0.3992,0,4.9,0.3469,0.899,42.8317,0
VH-01278,2023-01-26,13,Light,7311.2,164.5,0.8296,0.4879,2,9.0,0.2345,0.8229,31.6862,0
VH-01279,2022-03-02,2,Heavy,3908.7,81.3,0.7195,0.4865,1,10.3,0.6572,0.4864,29.6514,1
VH-01280,2022-04-01,3,Medium,5016.2,89.5,0.6777,0.4959,0,5.8,0.1584,0.322,22.9254,0
VH-01281,2023-09-23,21,Medium,3634.7,93.8,0.7191,0.2336,0,9.9,0.2767,0.7471,30.9815,0
VH-01282,2022-06-30,6,Medium,3615.6,98.1,0.6341,0.224,1,9.7,0.1818,0.9135,27.8387,0
VH-01283,2022-09-28,9,Medium,1943.4,33.0,0.8856,0.8382,1,3.2,0.6969,0.6973,25.567,1
VH-01284,2022-08-29,8,Medium,2143.0,36.2,0.733,0.6709,0,4.0,0.5976,0.8197,51.2343,1
VH-01285,2023-07-25,19,Heavy,2689.5,78.4,0.6243,0.6299,0,11.6,0.7491,0.719,40.3052,0
VH-01286,2023-11-22,23,Heavy,4775.5,96.5,0.4031,0.2009,0,9.8,0.4875,0.8787,47.3897,0
VH-01287,2022-07-30,7,Medium,6114.3,162.6,0.6627,0.5741,1,3.3,0.7777,0.7343,45.7349,1
VH-01288,2022-12-27,12,Medium,1820.0,38.8,0.8325,0.6291,0,3.4,0.3641,0.6965,27.5373,0
VH-01289,2022-01-01,0,Medium,3676.4,75.9,0.6564,0.1803,0,1.3,0.4923,0.7973,44.7004,0
VH-01290,2023-07-25,19,Medium,2449.7,55.1,0.5378,0.3593,1,6.9,0.1983,0.7458,71.9509,0
VH-01291,2022-10-28,10,Medium,4103.6,85.4,0.8274,0.7942,0,2.2,0.44,0.4539,16.9483,1
VH-01292,2022-05-01,4,Medium,6113.7,152.8,0.6439,0.695,1,2.9,0.32,0.5062,54.5575,1
VH-01293,2022-01-01,0,Medium,3829.7,98.4,0.964,0.172,0,1.9,0.6635,0.6986,28.1355,1
VH-01294,2022-05-31,5,Medium,4428.7,114.7,0.8507,0.2203,2,5.4,0.7438,0.8858,26.344,0
VH-01295,2023-07-25,19,Medium,6682.8,151.3,0.8289,0.8015,0,2.5,0.8669,0.6755,21.6102,0
VH-01296,2022-08-29,8,Medium,5186.9,108.4,0.7457,0.4717,1,2.9,0.1915,0.7369,16.5634,1
VH-01297,2022-07-30,7,Light,3359.9,74.5,0.4692,0.1855,1,5.3,0.1439,0.7238,41.4314,0
VH-01298,2022-12-27,12,Light,4738.4,98.9,0.9159,0.6212,0,5.9,0.3193,0.7936,32.6719,1
VH-01299,2022-12-27,12,Heavy,3258.7,94.4,0.5784,0.3293,0,3.8,0.2553,0.6566,46.7391,0
VH-01300,2022-01-31,1,Medium,5130.7,129.1,0.5156,0.2377,0,6.1,0.5147,0.7965,44.6703,0
VH-01301,2022-11-27,11,Light,5273.0,115.8,0.7678,0.3799,0,0.6,0.8311,0.5633,24.5214,0
VH-01302,2022-01-31,1,Medium,2449.3,40.5,0.8218,0.631,1,4.6,0.6755,0.6522,17.2944,1
VH-01303,2022-05-31,5,Heavy,4762.7,129.0,0.4496,0.0467,1,5.0,0.7021,0.5525,47.205,0
VH-01304,2023-11-22,23,Medium,4323.6,98.1,0.9009,0.7937,1,7.0,0.5629,0.7311,38.2292,1
VH-01305,2023-10-23,22,Heavy,5317.0,116.2,0.7997,0.7136,1,6.7,0.1207,0.9042,18.2157,1
VH-01306,2023-04-26,16,Heavy,5747.0,151.0,0.7363,0.4371,2,2.4,0.3537,0.7406,65.1589,0
VH-01307,2023-06-25,18,Medium,5216.2,108.3,0.6582,0.2753,1,9.7,0.1449,0.5041,18.5432,0
VH-01308,2022-01-31,1,Medium,4045.2,85.1,0.6839,0.125,0,25.4,0.5911,0.5094,26.6438,1
VH-01309,2023-07-25,19,Light,5900.0,127.6,0.5241,0.1677,1,4.1,0.8619,0.8138,57.0332,0
VH-01310,2023-02-25,14,Heavy,3190.4,51.1,0.6108,0.0583,1,9.2,0.117,0.7299,20.5299,0
VH-01311,2022-03-02,2,Medium,2519.2,60.7,0.7065,0.8486,2,4.2,0.2637,0.6334,35.2562,0
VH-01312,2022-05-31,5,Heavy,800.0,20.0,0.521,0.7773,2,2.1,0.7899,0.5326,35.7184,0
VH-01313,2022-03-02,2,Medium,4394.8,89.1,0.5459,0.3982,0,14.0,0.6297,0.7704,25.8128,0
VH-01314,2022-05-01,4,Light,3267.7,62.0,0.6455,0.483,2,3.5,0.4244,0.6228,24.9354,0
VH-01315,2022-04-01,3,Light,5096.6,104.5,0.6749,0.3465,0,18.1,0.452,0.786,59.8341,0
VH-01316,2022-03-02,2,Medium,1543.2,21.7,0.9009,0.2159,0,2.8,0.3794,0.5557,27.9252,0
VH-01317,2023-04-26,16,Medium,3529.2,82.1,0.6918,0.6501,2,9.3,0.8206,0.8297,33.9351,1
VH-01318,2023-01-26,13,Light,5205.4,113.3,0.4781,0.1465,1,10.3,0.4088,0.8275,67.4565,0
VH-01319,2023-03-27,15,Heavy,2955.2,66.4,0.9322,0.1301,0,1.7,0.2741,0.9889,37.3552,0
VH-01320,2023-05-26,17,Heavy,5113.9,148.9,0.8459,0.5168,0,1.8,0.8922,0.8196,35.561,1
VH-01321,2022-11-27,11,Medium,3664.5,79.1,0.7148,0.4135,0,2.7,0.6825,0.5686,28.4971,0
VH-01322,2023-05-26,17,Medium,4450.8,108.0,0.5885,0.1406,0,2.9,0.5232,0.6764,49.2287,0
VH-01323,2023-07-25,19,Light,5392.7,130.6,0.7847,0.347,1,12.6,0.4547,0.7806,38.5845,1
VH-01324,2022-01-01,0,Heavy,5929.2,130.8,0.7219,0.8037,0,25.0,0.6066,0.9953,24.6266,0
VH-01325,2023-04-26,16,Medium,4638.7,107.2,0.6516,0.2811,1,3.6,0.5136,0.7488,50.4373,0
VH-01326,2023-09-23,21,Heavy,3279.0,73.2,0.5723,0.5433,0,2.1,0.6914,0.7129,27.8282,0
VH-01327,2023-01-26,13,Medium,3812.9,87.8,0.9226,0.8429,1,4.8,0.461,0.7703,27.413,1
VH-01328,2023-01-26,13,Medium,5455.4,112.4,0.3933,0.332,0,12.7,0.6093,0.6401,39.2131,0
VH-01329,2023-06-25,18,Medium,2968.1,58.5,0.4122,0.0416,0,2.6,0.1584,0.6384,38.552,0
VH-01330,2022-10-28,10,Light,4232.9,94.3,0.5857,0.4257,1,1.2,0.5892,0.8855,42.8406,0
VH-01331,2023-10-23,22,Heavy,3921.2,57.6,0.6766,0.2195,0,5.1,0.5792,0.641,19.5886,0
VH-01332,2023-05-26,17,Medium,4345.0,119.0,0.703,0.8195,1,6.3,0.748,0.8535,39.5996,1
VH-01333,2022-05-31,5,Medium,2986.1,98.8,0.657,0.6934,1,3.2,0.3706,0.7684,63.7327,0
VH-01334,2022-11-27,11,Heavy,1722.1,40.8,0.5629,0.8854,2,11.5,0.7852,0.354,13.036,1
VH-01335,2023-04-26,16,Heavy,5281.1,127.3,0.6201,0.6574,1,4.5,0.168,0.758,49.5368,1
VH-01336,2023-11-22,23,Heavy,5946.2,148.4,0.7252,0.3409,0,9.5,0.7432,0.9707,61.9856,1
VH-01337,2022-12-27,12,Light,1811.7,20.4,0.5126,0.4735,0,0.7,0.8445,0.6383,70.9066,0
VH-01338,2022-12-27,12,Medium,5053.4,126.2,0.8301,0.3664,1,2.6,0.6344,0.762,12.2636,1
VH-01339,2022-04-01,3,Heavy,6124.8,129.7,0.8669,0.7608,0,5.3,0.7752,0.8626,31.1561,1
VH-01340,2022-06-30,6,Medium,5393.9,154.2,0.6859,0.1937,1,5.3,0.7691,0.5352,30.2724,1
VH-01341,2023-03-27,15,Light,3875.0,83.3,0.7633,0.6142,2,10.3,0.5157,0.7025,38.3087,1
VH-01342,2023-03-27,15,Heavy,3084.8,82.2,0.4157,0.7029,0,9.3,0.3892,0.7856,25.8703,0
VH-01343,2022-11-27,11,Medium,4621.5,100.0,0.5012,0.6366,0,3.4,0.5969,0.4072,25.3976,0
VH-01344,2022-01-31,1,Medium,4871.7,141.2,0.7665,0.5156,0,2.5,0.7602,0.9208,47.7318,1
VH-01345,2022-05-31,5,Heavy,4643.7,95.5,0.7593,0.2831,1,4.6,0.5404,0.7281,39.8991,1
VH-01346,2022-07-30,7,Medium,4229.8,111.5,0.8866,0.6248,0,6.3,0.587,0.7112,31.9769,0
VH-01347,2023-08-24,20,Medium,2876.0,73.3,0.9024,0.2009,0,2.7,0.7038,0.8788,31.3074,1
VH-01348,2022-08-29,8,Medium,5134.0,120.2,0.3881,0.5619,0,9.7,0.8434,0.7898,28.3618,0
VH-01349,2022-07-30,7,Medium,5206.3,119.1,0.7006,0.2767,0,8.2,0.5351,0.7985,29.4296,0
VH-01350,2022-03-02,2,Light,4801.2,96.7,0.5413,0.1309,0,2.9,0.7072,0.6371,60.1927,0
VH-01351,2022-11-27,11,Heavy,4666.5,64.9,0.2649,0.1902,0,1.9,0.6943,0.6482,36.8645,0
VH-01352,2023-06-25,18,Heavy,7018.9,172.1,0.7659,0.1369,1,10.7,0.5092,0.151,27.4281,1
VH-01353,2022-06-30,6,Medium,3563.4,71.9,0.6621,0.2415,0,16.1,0.3884,0.5822,34.4404,1
VH-01354,2022-09-28,9,Medium,6422.2,160.3,0.9161,0.7866,0,7.9,0.3112,0.949,19.4676,1
VH-01355,2023-07-25,19,Heavy,3399.0,80.8,0.989,0.4919,2,5.8,0.4329,0.8875,30.1978,0
VH-01356,2022-12-27,12,Light,6163.4,155.0,0.8352,0.5853,0,8.9,0.7184,0.6362,20.2173,1
VH-01357,2022-11-27,11,Medium,6350.1,153.1,0.7415,0.0212,0,12.8,0.6649,0.6702,2.1888,1
VH-01358,2022-05-01,4,Medium,4060.4,53.3,0.5127,0.2033,2,5.2,0.5616,0.8667,50.179,0
VH-01359,2022-05-31,5,Medium,6991.4,164.6,0.9267,0.3489,3,0.5,0.432,0.5536,11.2219,1
VH-01360,2023-04-26,16,Light,5203.6,110.5,0.6207,0.5029,2,6.6,0.6745,0.9157,36.2065,0
VH-01361,2022-03-02,2,Medium,3184.1,88.2,0.5191,0.3123,2,6.8,0.6269,0.7589,50.3866,0
VH-01362,2023-11-22,23,Medium,3938.8,96.4,0.9265,0.2949,2,3.1,0.8329,0.8434,32.2862,1
VH-01363,2022-04-01,3,Medium,6199.1,146.8,0.8827,0.3328,0,4.5,0.8829,0.7768,20.0522,1
VH-01364,2022-06-30,6,Light,5884.6,126.7,0.8022,0.1733,2,8.1,0.7061,0.817,31.9569,0
VH-01365,2022-10-28,10,Medium,2912.9,51.0,0.7845,0.3631,2,3.4,0.8675,0.374,24.7094,1
VH-01366,2023-04-26,16,Medium,4291.1,88.9,0.8234,0.6657,0,4.4,0.6264,0.6479,18.139,0
VH-01367,2023-10-23,22,Light,4805.3,79.8,0.5621,0.7509,1,5.5,0.6907,0.8538,60.2972,0
VH-01368,2023-02-25,14,Light,3738.6,74.2,0.6985,0.3952,0,8.1,0.7419,0.8197,18.5033,1
VH-01369,2022-01-01,0,Light,8036.7,156.6,0.5508,0.1788,1,11.8,0.8266,0.8076,34.4338,1
VH-01370,2022-10-28,10,Medium,4850.5,86.2,0.9574,0.2565,0,7.2,0.8047,0.5959,40.2196,0
VH-01371,2022-06-30,6,Light,4407.3,99.7,0.8372,0.2146,0,16.5,0.7078,0.4838,23.665,1
VH-01372,2022-11-27,11,Heavy,6286.3,147.7,0.6366,0.3029,0,3.6,0.1071,0.6191,55.6967,1
VH-01373,2022-01-01,0,Medium,3952.2,87.3,0.8335,0.5499,2,5.3,0.6537,0.8034,31.8485,1
VH-01374,2023-05-26,17,Heavy,6011.1,126.1,0.8983,0.675,1,5.1,0.2999,0.7494,9.5787,1
VH-01375,2022-11-27,11,Heavy,1998.4,30.2,0.6281,0.4205,2,0.9,0.2811,0.718,23.3624,0
VH-01376,2023-07-25,19,Light,3819.5,80.1,0.722,0.2947,0,1.1,0.4623,0.7943,55.2181,0
VH-01377,2022-12-27,12,Medium,6073.6,122.6,0.8298,0.1333,0,1.7,0.6585,0.5371,39.6154,1
VH-01378,2023-03-27,15,Heavy,6855.3,151.4,0.7068,0.5279,1,2.0,0.4631,0.9031,21.6313,0
VH-01379,2023-11-22,23,Medium,3340.1,51.4,0.8878,0.1651,1,2.2,0.5091,0.8674,27.9172,0
VH-01380,2022-10-28,10,Medium,3165.3,80.9,0.6572,0.1539,1,0.6,0.2735,0.459,55.2661,0
VH-01381,2023-07-25,19,Medium,5351.2,110.4,0.9631,0.1966,0,12.2,0.715,0.8147,29.7518,0
VH-01382,2023-09-23,21,Light,3565.4,84.9,0.741,0.5173,1,5.5,0.3948,0.7374,32.9015,1
VH-01383,2023-07-25,19,Medium,4097.1,104.4,0.9526,0.2661,3,8.9,0.2412,0.3232,20.2373,1
VH-01384,2023-07-25,19,Heavy,5814.6,134.1,0.9294,0.3125,1,4.1,0.5313,0.6975,23.0551,0
VH-01385,2022-04-01,3,Heavy,3683.8,93.9,0.9855,0.2914,0,3.2,0.6186,0.7457,44.5288,0
VH-01386,2022-01-31,1,Light,1551.9,20.0,0.8119,0.4745,1,11.3,0.5095,0.8293,38.1502,0
VH-01387,2023-02-25,14,Heavy,2548.4,49.2,0.8273,0.2753,0,9.9,0.6295,0.8512,64.3225,1
VH-01388,2022-04-01,3,Medium,4514.9,116.9,0.9524,0.0782,4,2.8,0.5088,0.7575,33.1437,0
VH-01389,2023-04-26,16,Heavy,1704.9,45.5,0.3399,0.3304,0,2.6,0.4621,0.6029,67.7043,0
VH-01390,2023-06-25,18,Light,4054.3,117.8,0.6792,0.4858,4,15.7,0.5117,0.9465,68.6563,0
VH-01391,2022-11-27,11,Heavy,2411.9,79.2,0.657,0.4105,0,0.6,0.666,0.9058,54.5475,1
VH-01392,2022-10-28,10,Heavy,6959.9,159.2,0.7948,0.7736,0,5.0,0.7241,0.7669,19.7855,1
VH-01393,2022-01-01,0,Light,7747.7,168.4,0.6146,0.42,0,2.5,0.5176,0.7077,42.9605,0
VH-01394,2023-02-25,14,Light,2912.7,50.4,0.7598,0.3442,0,3.4,0.3568,0.5639,29.8428,0
VH-01395,2023-01-26,13,Heavy,4885.1,101.4,0.42,0.4306,0,5.1,0.4591,0.7402,36.6784,0
VH-01396,2023-06-25,18,Light,3059.4,61.9,0.3805,0.4629,1,9.7,0.246,0.619,68.5353,0
VH-01397,2023-10-23,22,Medium,4036.0,80.8,0.8984,0.1562,0,7.0,0.7624,0.5455,24.0726,0
VH-01398,2023-09-23,21,Heavy,7205.2,146.3,0.7763,0.5593,0,0.9,0.7771,0.6974,18.235,1
VH-01399,2022-05-31,5,Medium,3800.0,90.5,0.5628,0.1,2,1.6,0.787,0.6942,36.155,0
VH-01400,2022-07-30,7,Medium,4070.9,115.9,0.8855,0.8175,0,14.7,0.4859,0.9605,57.0094,1
VH-01401,2022-03-02,2,Medium,3086.2,82.6,0.8879,0.093,1,3.0,0.5684,0.7486,29.8671,0
VH-01402,2022-08-29,8,Light,6219.3,133.4,0.6691,0.1473,0,2.7,0.897,0.9256,67.1878,0
VH-01403,2022-10-28,10,Heavy,800.0,33.0,0.7999,0.4971,1,11.1,0.358,0.4959,26.1292,1
VH-01404,2022-01-01,0,Medium,3835.8,90.4,0.4061,0.2128,0,4.6,0.4405,0.6798,27.4155,0
VH-01405,2022-06-30,6,Light,4431.2,97.9,0.8031,0.072,1,3.5,0.8905,0.814,50.21,0
VH-01406,2023-03-27,15,Medium,3508.4,76.4,0.6769,0.6464,2,1.1,0.6994,0.9668,47.7878,0
VH-01407,2022-10-28,10,Heavy,5795.3,125.8,0.8662,0.4683,0,2.3,0.3832,0.5861,20.9135,1
VH-01408,2022-08-29,8,Light,6303.0,149.8,0.5863,0.6023,0,2.4,0.4778,0.7741,52.461,0
VH-01409,2023-07-25,19,Heavy,2381.9,55.0,0.5929,0.0889,0,8.8,0.562,0.7756,61.8971,0
VH-01410,2023-04-26,16,Heavy,7640.2,158.9,0.5263,0.3442,1,3.8,0.3531,0.5315,10.6751,1
VH-01411,2023-05-26,17,Heavy,2365.1,40.9,0.8124,0.2284,2,5.3,0.7953,0.7755,24.9483,1
VH-01412,2022-01-31,1,Heavy,6432.9,147.5,0.6231,0.7428,0,4.6,0.7628,0.5975,17.9015,1
VH-01413,2023-07-25,19,Heavy,4724.7,111.4,0.6116,0.316,0,4.0,0.7662,0.8369,69.3429,1
VH-01414,2022-12-27,12,Heavy,3744.4,78.5,0.5431,0.1802,0,2.4,0.3835,0.6685,53.1996,0
VH-01415,2022-05-01,4,Light,3885.9,69.4,0.918,0.4632,0,7.6,0.4526,0.6642,22.7541,0
VH-01416,2022-03-02,2,Heavy,4449.7,117.6,0.6683,0.0747,0,5.4,0.8378,0.8409,66.4795,1
VH-01417,2022-06-30,6,Medium,4812.6,122.5,0.7796,0.3022,1,2.5,0.5466,0.9775,50.8559,0
VH-01418,2022-11-27,11,Medium,3119.8,39.5,0.5728,0.3094,1,8.1,0.6793,0.4672,24.5541,0
VH-01419,2022-07-30,7,Heavy,4149.1,112.3,0.7287,0.128,1,1.7,0.5644,0.7524,43.9472,0
VH-01420,2022-08-29,8,Heavy,3344.0,71.2,0.5691,0.4502,0,4.4,0.6132,0.7523,41.0137,0
VH-01421,2023-07-25,19,Heavy,2677.4,62.3,0.8252,0.0815,0,4.1,0.5757,0.6521,37.2323,0
VH-01422,2022-01-31,1,Medium,3274.0,89.8,0.8156,0.3351,1,9.1,0.3334,0.5508,22.2749,0
VH-01423,2022-12-27,12,Medium,2775.0,86.5,0.6005,0.5117,1,1.8,0.4855,0.5977,65.2669,0
VH-01424,2022-11-27,11,Medium,3869.8,101.0,0.7435,0.5194,0,0.8,0.1567,0.4717,35.4835,0
VH-01425,2023-04-26,16,Medium,5148.7,118.0,0.5085,0.3499,1,7.1,0.6838,0.7199,22.3346,0
VH-01426,2022-01-31,1,Medium,4681.1,83.4,0.8067,0.9188,0,8.0,0.3887,0.8543,22.8511,0
VH-01427,2023-10-23,22,Light,7461.5,135.4,0.2503,0.3924,2,19.9,0.6731,0.8108,32.2188,0
VH-01428,2022-05-01,4,Light,1184.3,39.5,0.894,0.1697,0,27.1,0.3344,0.4236,27.4963,0
VH-01429,2022-11-27,11,Heavy,5204.0,135.8,0.6427,0.3876,0,1.5,0.4935,0.681,49.7372,0
VH-01430,2023-01-26,13,Medium,4509.6,88.0,0.9376,0.4931,0,11.8,0.6134,0.6614,25.5956,0
VH-01431,2022-09-28,9,Heavy,5723.5,123.1,0.8851,0.5721,0,11.4,0.3621,0.5322,22.8607,0
VH-01432,2022-10-28,10,Medium,5574.7,115.5,0.8604,0.4888,0,8.2,0.536,0.9207,22.7276,1
VH-01433,2023-09-23,21,Light,4252.5,85.7,0.8211,0.3542,0,9.6,0.5847,0.765,56.8683,0
VH-01434,2023-07-25,19,Light,4759.0,121.9,0.6309,0.6898,1,2.4,0.4163,0.7241,60.884,0
VH-01435,2023-01-26,13,Light,3383.9,78.5,0.8888,0.29,0,8.9,0.5466,0.8334,58.6961,0
VH-01436,2022-03-02,2,Heavy,5420.5,117.0,0.7425,0.3732,0,4.8,0.4903,0.6525,57.2682,1
VH-01437,2023-06-25,18,Light,1681.7,77.2,0.5704,0.4119,1,1.0,0.7833,0.7997,18.9558,0
VH-01438,2022-03-02,2,Medium,5665.2,104.4,0.6478,0.3141,0,4.2,0.3888,0.9201,29.8876,0
VH-01439,2023-05-26,17,Heavy,4465.2,107.4,0.8145,0.4903,1,5.6,0.4506,0.88,46.4577,0
VH-01440,2023-01-26,13,Heavy,3769.4,68.0,0.6478,0.2918,1,7.6,0.7668,0.7845,60.8841,0
VH-01441,2022-12-27,12,Light,4151.2,89.9,0.8052,0.2442,0,2.6,0.2666,0.64,36.3213,0
VH-01442,2022-12-27,12,Light,4261.2,96.9,0.6955,0.5946,1,6.4,0.6147,0.7166,46.4572,0
VH-01443,2023-04-26,16,Light,6446.0,155.9,0.965,0.186,0,9.5,0.5586,0.8174,24.9602,0
VH-01444,2022-05-01,4,Light,9000.0,196.1,0.9872,0.5377,0,12.3,0.2719,0.7147,24.4196,1
VH-01445,2023-01-26,13,Light,6329.8,135.2,0.6936,0.5925,1,7.4,0.2521,0.8474,24.8925,0
VH-01446,2022-01-31,1,Medium,3652.0,77.0,0.6685,0.3697,0,3.0,0.4374,0.6935,56.8146,0
VH-01447,2023-01-26,13,Heavy,5444.7,104.8,0.9887,0.2724,0,4.6,0.2392,0.7047,58.2713,0
VH-01448,2023-02-25,14,Medium,5510.0,131.9,0.8386,0.6728,0,5.9,0.6668,0.6875,23.8014,0
VH-01449,2022-05-01,4,Medium,3112.3,73.4,0.6868,0.5882,2,7.4,0.677,0.8149,39.3331,0
VH-01450,2023-06-25,18,Light,2608.8,64.5,0.6025,0.6703,1,11.8,0.2369,0.8844,61.4968,0
VH-01451,2023-06-25,18,Heavy,4405.1,96.8,0.751,0.0801,0,9.3,0.7351,0.7452,47.9458,0
VH-01452,2023-04-26,16,Medium,5711.6,124.0,0.4051,0.3033,0,7.9,0.9028,0.4612,28.8574,0
VH-01453,2022-01-01,0,Heavy,2082.3,63.9,0.7582,0.078,1,0.8,0.8296,0.9339,31.1339,0
VH-01454,2023-11-22,23,Heavy,3418.7,91.3,0.769,0.4526,1,5.6,0.4766,0.6577,25.5285,0
VH-01455,2022-12-27,12,Medium,5359.0,140.3,0.8386,0.5181,0,1.8,0.5157,0.8411,17.2945,1
VH-01456,2023-09-23,21,Light,4562.6,107.0,0.802,0.4078,0,9.4,0.6934,0.7639,39.4673,1
VH-01457,2023-04-26,16,Light,6624.4,167.5,0.7637,0.556,2,5.0,0.5371,0.7546,24.9176,0
VH-01458,2023-06-25,18,Medium,2382.9,46.7,0.5947,0.5003,0,11.2,0.789,0.6067,25.7323,1
VH-01459,2023-08-24,20,Heavy,8028.2,175.4,0.4354,0.1307,2,2.9,0.5295,0.793,18.893,0
VH-01460,2022-09-28,9,Medium,2193.0,66.7,0.8425,0.4287,1,1.8,0.7071,0.8813,33.0509,0
VH-01461,2022-03-02,2,Heavy,1456.3,45.0,0.4022,0.5599,1,5.0,0.7011,0.8223,28.791,0
VH-01462,2023-08-24,20,Medium,4411.6,93.7,0.4985,0.2081,1,2.7,0.7989,0.6308,20.1143,0
VH-01463,2022-08-29,8,Light,2798.3,46.5,0.9313,0.5226,0,7.1,0.5637,0.8004,29.3644,1
VH-01464,2022-09-28,9,Medium,4441.9,95.6,0.688,0.5316,0,5.0,0.0593,0.7664,68.2766,0
VH-01465,2023-03-27,15,Medium,4389.4,87.3,0.7646,0.2252,1,3.1,0.8451,0.782,21.3846,0
VH-01466,2023-03-27,15,Medium,4206.3,119.3,0.5371,0.3561,0,7.7,0.2393,0.9305,38.885,0
VH-01467,2023-06-25,18,Medium,3236.4,83.3,0.9313,0.321,1,2.9,0.7607,0.56,23.0128,0
VH-01468,2023-09-23,21,Light,5149.0,102.9,0.9522,0.3762,1,7.8,0.4807,0.7591,36.476,0
VH-01469,2023-02-25,14,Heavy,4024.0,73.7,0.8875,0.881,1,2.5,0.4703,0.9256,27.9975,1
VH-01470,2023-05-26,17,Light,6155.5,125.1,0.86,0.5069,0,2.3,0.8477,0.5887,14.479,1
VH-01471,2023-02-25,14,Heavy,4229.4,85.6,0.7958,0.4965,2,0.4,0.3398,0.7211,33.7377,0
VH-01472,2022-10-28,10,Light,3053.0,65.3,0.5923,0.3611,1,4.7,0.7502,0.7493,50.2115,0
VH-01473,2023-03-27,15,Light,1968.4,60.5,0.639,0.2848,1,3.1,0.552,0.6005,48.096,0
VH-01474,2022-04-01,3,Medium,4241.8,79.8,0.7748,0.4182,0,4.5,0.7037,0.4825,39.1821,0
VH-01475,2022-09-28,9,Medium,2596.2,92.0,0.8652,0.1215,0,11.4,0.933,0.7922,47.0123,0
VH-01476,2022-08-29,8,Medium,2475.1,40.9,0.5434,0.1174,2,1.4,0.6063,0.4676,25.073,1
VH-01477,2022-11-27,11,Medium,5291.2,96.4,0.5448,0.6921,1,2.2,0.5339,0.5679,36.4617,0
VH-01478,2022-07-30,7,Heavy,1833.5,66.1,0.6962,0.3377,1,2.2,0.6604,0.6183,30.4839,0
VH-01479,2022-10-28,10,Medium,6618.3,166.9,0.6375,0.5095,1,2.0,0.4631,0.6567,36.199,1
VH-01480,2023-01-26,13,Medium,4739.6,102.6,0.9655,0.69,4,1.2,0.3746,0.9218,29.4324,0
VH-01481,2023-10-23,22,Medium,4434.2,104.3,0.7636,0.0993,0,3.8,0.1163,0.8139,19.3535,0
VH-01482,2023-06-25,18,Light,2947.9,71.6,0.6794,0.2877,0,1.5,0.8111,0.5126,40.359,0
VH-01483,2023-01-26,13,Medium,5646.6,127.5,0.6903,0.2144,0,11.6,0.4741,0.4512,66.3502,0
VH-01484,2023-05-26,17,Light,4495.6,80.5,0.7192,0.5676,2,7.0,0.6167,0.8332,21.0383,0
VH-01485,2023-10-23,22,Medium,3470.9,39.9,0.5555,0.4022,1,9.3,0.5324,0.9556,51.4259,0
VH-01486,2022-08-29,8,Light,4799.7,94.0,0.6952,0.7661,3,1.1,0.6831,0.8353,29.4568,0
VH-01487,2023-05-26,17,Heavy,1975.8,71.1,0.9003,0.1394,1,2.5,0.3511,0.9517,45.4416,0
VH-01488,2023-04-26,16,Medium,2047.0,73.3,0.729,0.409,0,4.9,0.1389,0.6929,50.0002,0
VH-01489,2022-07-30,7,Heavy,2819.7,58.7,0.8587,0.517,2,2.7,0.4245,0.8228,66.9631,0
VH-01490,2023-10-23,22,Medium,5024.3,97.3,0.4267,0.6203,0,1.9,0.6987,0.7778,18.6992,0
VH-01491,2022-08-29,8,Light,4495.1,104.1,0.9707,0.6233,1,4.8,0.5098,0.8864,18.0639,1
VH-01492,2023-02-25,14,Heavy,6073.5,141.6,0.5391,0.5112,2,2.0,0.4956,0.8244,38.1599,0
VH-01493,2023-08-24,20,Medium,3120.0,78.3,0.5884,0.5577,0,0.8,0.7429,0.81,29.2102,0
VH-01494,2023-11-22,23,Heavy,5362.0,81.3,0.5969,0.4486,1,4.5,0.8971,0.9544,29.0781,0
VH-01495,2022-09-28,9,Medium,4329.2,143.6,0.7961,0.2736,1,1.5,0.5298,0.723,44.8429,1
VH-01496,2022-05-31,5,Medium,3085.4,85.6,0.7429,0.3575,0,20.5,0.6082,0.9153,59.2368,0
VH-01497,2023-05-26,17,Heavy,5078.0,109.9,0.4983,0.3161,0,10.0,0.7808,0.7129,53.6585,0
VH-01498,2023-09-23,21,Medium,4401.0,87.0,0.951,0.1213,1,6.1,0.7102,0.6524,48.5742,1
VH-01499,2022-05-31,5,Medium,3556.3,93.8,0.8653,0.2598,1,5.9,0.4799,0.516,26.3952,0
VH-01500,2023-09-23,21,Medium,4563.0,108.8,0.3551,0.4593,1,11.8,0.5878,0.3873,29.2004,0
VH-01501,2022-01-31,1,Medium,4305.7,97.1,0.8895,0.5394,0,8.0,0.6609,0.8181,36.7328,0
VH-01502,2023-11-22,23,Heavy,4269.5,101.8,0.7561,0.2194,0,15.4,0.3277,0.778,65.8336,0
VH-01503,2022-05-01,4,Medium,3881.1,84.6,0.6985,0.6971,0,8.1,0.0654,0.8769,50.243,0
VH-01504,2023-08-24,20,Medium,2542.6,62.5,0.6425,0.3315,1,2.6,0.107,0.6381,46.0153,0
VH-01505,2022-03-02,2,Heavy,4612.1,113.4,0.6889,0.2101,0,0.1,0.2751,0.6034,44.7272,1
VH-01506,2022-07-30,7,Medium,3295.9,78.4,0.9895,0.3534,0,13.9,0.2846,0.7884,29.7161,0
VH-01507,2023-09-23,21,Heavy,2969.5,70.4,0.7898,0.5748,2,3.8,0.4074,0.9209,48.3729,0
VH-01508,2023-02-25,14,Medium,4139.0,112.9,0.7263,0.1942,0,10.2,0.3138,0.8555,30.6503,0
VH-01509,2022-01-31,1,Light,5601.0,100.5,0.6323,0.2571,2,12.1,0.2141,0.6814,45.6675,0
VH-01510,2023-06-25,18,Heavy,4778.4,94.2,0.8122,0.2804,0,6.7,0.5098,0.3578,27.7097,0
VH-01511,2023-05-26,17,Light,3703.3,82.7,0.838,0.3952,0,4.3,0.4821,0.5956,20.723,1
VH-01512,2023-07-25,19,Light,3643.0,70.0,0.9816,0.2955,0,9.5,0.4737,0.5997,36.381,1
VH-01513,2023-04-26,16,Medium,5453.7,115.3,0.5943,0.7073,1,0.7,0.9135,0.9001,32.8936,0
VH-01514,2022-05-01,4,Heavy,904.9,39.4,0.4002,0.2634,0,2.3,0.6616,0.3767,57.866,0
VH-01515,2022-08-29,8,Heavy,5696.0,124.3,0.582,0.2685,0,10.2,0.5241,0.7335,27.8314,0
VH-01516,2023-10-23,22,Medium,1689.0,20.0,0.6612,0.2923,0,9.5,0.3292,0.8935,46.8114,0
VH-01517,2023-11-22,23,Light,2376.9,46.5,0.6928,0.08,0,4.7,0.1931,0.8006,38.1426,0
VH-01518,2022-10-28,10,Heavy,3728.6,83.7,0.7153,0.2319,3,10.2,0.3086,0.973,45.1936,1
VH-01519,2022-11-27,11,Light,7755.2,172.9,0.947,0.4472,0,2.1,0.4694,0.8735,16.339,1
VH-01520,2023-11-22,23,Light,7016.1,164.3,0.9008,0.375,0,7.8,0.5999,0.621,32.167,1
VH-01521,2022-01-01,0,Medium,5559.7,130.7,0.9066,0.435,0,0.9,0.6112,0.795,22.0399,0
VH-01522,2022-05-01,4,Medium,5034.8,109.8,0.7807,0.1374,1,8.6,0.761,0.8573,52.534,0
VH-01523,2023-08-24,20,Heavy,1706.6,20.0,0.4967,0.6794,2,12.2,0.9456,0.7084,59.3625,0
VH-01524,2023-05-26,17,Heavy,4735.1,98.6,0.4761,0.0567,1,11.9,0.2069,0.5296,48.2944,0
VH-01525,2023-02-25,14,Heavy,3676.2,72.4,0.86,0.5691,0,2.0,0.5384,0.5389,32.0003,1
VH-01526,2023-01-26,13,Light,3275.0,68.5,0.66,0.8566,2,13.1,0.4428,0.4435,31.884,1
VH-01527,2023-08-24,20,Medium,4732.2,115.5,0.6118,0.3013,0,4.3,0.8139,0.4344,43.2024,1
VH-01528,2022-07-30,7,Medium,3793.3,90.4,0.7601,0.6117,1,1.6,0.6347,0.8804,37.5504,1
VH-01529,2023-07-25,19,Light,5803.9,141.3,0.5359,0.2325,2,4.6,0.7594,0.7803,38.8649,0
VH-01530,2022-06-30,6,Medium,1596.1,29.7,0.4143,0.5168,2,9.6,0.7938,0.704,29.6542,0
VH-01531,2023-04-26,16,Medium,4612.5,125.1,0.9005,0.5295,1,15.0,0.5328,0.6815,25.6782,0
VH-01532,2022-01-01,0,Light,3181.4,80.8,0.8673,0.4013,1,7.6,0.4315,0.7566,34.9453,0
VH-01533,2022-11-27,11,Medium,3885.5,88.0,0.52,0.6239,0,15.0,0.493,0.718,52.5591,0
VH-01534,2023-01-26,13,Heavy,4956.9,119.2,0.8297,0.6182,1,7.4,0.4098,0.9234,33.8747,0
VH-01535,2023-01-26,13,Light,2824.0,52.6,0.9019,0.2567,2,1.5,0.4958,0.8993,22.2803,1
VH-01536,2022-05-01,4,Medium,4746.3,73.8,0.4693,0.4473,2,6.0,0.5598,0.7687,35.5353,0
VH-01537,2022-05-31,5,Heavy,4181.5,83.8,0.9269,0.0593,0,6.4,0.6335,0.9716,33.0132,0
VH-01538,2023-07-25,19,Heavy,3509.1,89.2,0.857,0.2716,1,5.0,0.7732,0.6641,50.8375,1
VH-01539,2022-05-01,4,Heavy,3794.1,85.5,0.4802,0.6187,0,3.4,0.3852,0.8211,45.6313,0
VH-01540,2022-04-01,3,Medium,4268.2,92.8,0.6814,0.6551,2,18.6,0.363,0.7864,63.8346,0
VH-01541,2023-04-26,16,Heavy,3348.2,61.7,0.6269,0.4581,1,2.0,0.7169,0.915,54.8004,0
VH-01542,2022-08-29,8,Light,4510.6,70.9,0.8918,0.7393,0,0.3,0.2359,0.722,37.357,0
VH-01543,2023-04-26,16,Medium,4082.7,112.1,0.6286,0.3568,0,6.3,0.5444,0.6305,26.0433,0
VH-01544,2022-10-28,10,Light,3583.1,76.5,0.9878,0.5423,0,7.5,0.5533,0.7454,47.73,0
VH-01545,2023-03-27,15,Medium,6884.8,146.6,0.898,0.3825,2,3.5,0.544,0.7988,32.4612,1
VH-01546,2023-05-26,17,Medium,5122.9,103.8,0.7712,0.4735,1,2.4,0.2122,0.6336,29.5294,0
VH-01547,2022-10-28,10,Light,3925.9,106.1,0.4473,0.5013,0,13.8,0.5846,0.6824,66.5916,0
VH-01548,2022-03-02,2,Heavy,4718.8,118.1,0.801,0.2851,2,4.1,0.4461,0.7933,64.4715,0
VH-01549,2023-06-25,18,Medium,2959.8,51.3,0.8819,0.6097,0,3.0,0.1398,0.5263,18.9301,1
VH-01550,2022-05-31,5,Medium,3844.8,102.9,0.5899,0.5474,0,1.5,0.5512,0.7373,61.7157,0
VH-01551,2023-03-27,15,Light,4019.9,87.2,0.9899,0.6942,2,3.8,0.3708,0.9121,38.3069,0
VH-01552,2023-06-25,18,Medium,2629.8,49.3,0.7474,0.224,1,18.3,0.7273,0.7242,56.1904,1
VH-01553,2022-12-27,12,Medium,5081.0,108.5,0.6954,0.6948,1,3.3,0.6028,0.3463,16.3239,1
VH-01554,2023-09-23,21,Medium,3741.6,71.4,0.6903,0.7935,2,1.5,0.5469,0.5468,31.8941,0
VH-01555,2022-09-28,9,Light,3966.8,68.3,0.5298,0.2801,0,8.3,0.354,0.6845,59.9905,0
VH-01556,2022-01-01,0,Heavy,3646.9,92.7,0.6532,0.3207,2,7.4,0.5715,0.9359,31.7539,1
VH-01557,2023-03-27,15,Heavy,8938.6,195.3,0.6798,0.6723,1,6.5,0.2941,0.4488,28.9537,1
VH-01558,2022-09-28,9,Medium,3506.1,87.2,0.7466,0.2756,2,5.2,0.5556,0.7017,21.0748,0
VH-01559,2023-10-23,22,Medium,1397.0,35.4,0.7361,0.5348,1,4.4,0.3348,0.7626,25.328,0
VH-01560,2023-11-22,23,Heavy,2100.1,54.9,0.9174,0.0534,0,6.3,0.3265,0.6668,38.4262,0
VH-01561,2023-02-25,14,Heavy,5639.0,94.6,0.8178,0.2693,0,7.6,0.7956,0.5351,37.1323,1
VH-01562,2022-11-27,11,Medium,6504.7,131.5,0.4902,0.2291,0,9.8,0.4301,0.8636,32.9482,0
VH-01563,2023-03-27,15,Heavy,3477.3,85.8,0.6927,0.1993,0,13.8,0.2185,0.8614,30.5422,0
VH-01564,2023-06-25,18,Heavy,6418.4,123.5,0.7835,0.4736,0,5.1,0.6891,0.5464,7.2001,1
VH-01565,2023-06-25,18,Heavy,5612.4,130.3,0.3542,0.2228,1,8.2,0.213,0.9325,28.9882,0
VH-01566,2022-05-31,5,Medium,4215.8,72.8,0.6856,0.4957,1,7.0,0.5944,0.8346,25.4649,0
VH-01567,2022-06-30,6,Light,4109.3,91.6,0.7865,0.6825,0,4.1,0.0897,0.4252,36.6519,0
VH-01568,2023-10-23,22,Light,4771.3,130.2,0.5959,0.4176,1,3.2,0.6597,0.8246,49.8137,0
VH-01569,2023-09-23,21,Medium,5816.2,140.9,0.8959,0.5949,1,3.3,0.6676,0.994,44.8854,1
VH-01570,2023-11-22,23,Medium,5095.9,85.5,0.4461,0.4766,2,1.6,0.3163,0.7087,67.3505,0
VH-01571,2023-09-23,21,Medium,3484.8,90.2,0.6557,0.5011,0,1.0,0.4513,0.5228,64.5684,0
VH-01572,2022-01-31,1,Medium,4238.7,121.5,0.8375,0.3914,0,9.0,0.705,0.8442,38.7214,1
VH-01573,2023-06-25,18,Medium,7471.9,208.0,0.6449,0.71,0,3.6,0.6012,0.824,28.7913,1
VH-01574,2022-12-27,12,Heavy,4876.8,115.5,0.678,0.2231,0,8.2,0.4607,0.8642,56.6731,0
VH-01575,2022-09-28,9,Light,5804.0,108.5,0.7063,0.2729,0,3.3,0.902,0.8354,23.3263,0
VH-01576,2023-09-23,21,Light,5309.8,124.5,0.9422,0.1698,1,6.0,0.4795,0.6686,6.1823,1
VH-01577,2023-01-26,13,Heavy,4910.0,133.1,0.4768,0.7072,0,3.8,0.6089,0.4542,27.7623,0
VH-01578,2022-06-30,6,Heavy,4663.0,100.8,0.8009,0.3537,1,3.3,0.3007,0.9364,51.5466,0
VH-01579,2022-05-31,5,Heavy,5846.1,145.6,0.4043,0.6153,0,5.1,0.8388,0.4109,20.3758,1
VH-01580,2022-09-28,9,Heavy,5578.0,111.4,0.5247,0.5954,0,13.7,0.5254,0.4919,23.9143,0
VH-01581,2022-01-31,1,Heavy,4895.8,114.4,0.8405,0.3321,1,1.6,0.5629,0.8434,20.3074,0
VH-01582,2022-06-30,6,Medium,3459.4,39.5,0.8381,0.2859,1,8.8,0.7839,0.6425,39.7995,0
VH-01583,2022-08-29,8,Medium,5078.3,98.6,0.5621,0.1712,0,2.3,0.455,0.7356,39.1566,0
VH-01584,2023-09-23,21,Medium,4399.5,97.7,0.779,0.6503,0,3.3,0.4832,0.5048,7.7993,1
VH-01585,2023-08-24,20,Medium,4037.6,84.3,0.6419,0.3982,1,8.3,0.2207,0.8706,49.1912,0
VH-01586,2023-09-23,21,Heavy,8518.2,169.8,0.6923,0.2275,3,8.2,0.7564,0.9454,56.0217,1
VH-01587,2022-04-01,3,Medium,2191.4,41.2,0.7138,0.2117,1,3.5,0.4105,0.8652,21.6095,1
VH-01588,2022-07-30,7,Medium,5937.8,136.9,0.7265,0.215,2,9.1,0.6924,0.9639,31.5873,0
VH-01589,2023-01-26,13,Medium,3206.0,70.0,0.9498,0.3426,1,6.3,0.5452,0.7547,46.4134,1
VH-01590,2023-01-26,13,Light,4696.8,105.3,0.8395,0.5952,0,4.2,0.6276,0.9254,10.1189,1
VH-01591,2023-10-23,22,Light,8352.9,196.6,0.4048,0.4989,0,5.9,0.2925,0.6674,51.8289,0
VH-01592,2022-01-01,0,Light,3056.4,62.8,0.4527,0.3869,0,13.1,0.9144,0.8568,38.6959,1
VH-01593,2022-08-29,8,Heavy,3414.2,96.3,0.7605,0.0738,0,8.6,0.3384,0.5818,20.7191,0
VH-01594,2023-04-26,16,Medium,4473.7,84.6,0.713,0.8705,1,4.1,0.5168,0.5263,25.6078,1
VH-01595,2022-12-27,12,Heavy,3229.2,100.7,0.4363,0.3688,0,1.9,0.3901,0.4419,52.7528,1
VH-01596,2023-08-24,20,Medium,5826.1,146.2,0.7377,0.6803,1,4.5,0.7444,0.8828,8.7759,1
VH-01597,2023-07-25,19,Light,3698.2,76.8,0.7723,0.5509,1,7.9,0.5592,0.4217,21.6806,1
VH-01598,2022-04-01,3,Light,5481.0,117.5,0.8204,0.2095,2,8.0,0.9164,0.4515,9.3933,1
VH-01599,2023-01-26,13,Heavy,2506.2,58.8,0.5872,0.6889,1,1.8,0.9376,0.6249,32.6884,1
VH-01600,2023-06-25,18,Medium,1789.8,48.8,0.7964,0.379,4,8.7,0.5904,0.7041,36.3637,0
VH-01601,2022-12-27,12,Heavy,4156.5,108.8,0.4576,0.1772,1,10.8,0.419,0.5147,26.6123,0
VH-01602,2023-02-25,14,Light,2147.2,27.6,0.4109,0.3003,1,1.1,0.3926,0.7705,34.8129,0
VH-01603,2022-01-01,0,Medium,6777.4,157.2,0.6545,0.5336,1,25.6,0.576,0.883,36.1049,0
VH-01604,2022-04-01,3,Heavy,2205.3,20.0,0.9187,0.4702,0,11.2,0.5907,0.8172,30.6911,1
VH-01605,2022-05-31,5,Light,2943.5,62.8,0.6746,0.5549,0,3.0,0.428,0.7276,34.0482,0
VH-01606,2022-08-29,8,Medium,5120.4,135.6,0.9159,0.2292,0,23.3,0.5099,0.7186,37.256,1
VH-01607,2022-01-31,1,Heavy,3620.5,59.2,0.6306,0.6868,2,4.6,0.8855,0.7659,16.5467,1
VH-01608,2022-08-29,8,Medium,2222.4,25.4,0.5011,0.4571,1,9.7,0.5067,0.8142,56.9847,0
VH-01609,2022-04-01,3,Medium,7559.9,171.3,0.7362,0.3665,0,2.4,0.1807,0.5975,14.6332,1
VH-01610,2022-08-29,8,Medium,2997.5,87.4,0.3445,0.1561,2,7.2,0.712,0.8613,70.0107,0
VH-01611,2023-05-26,17,Medium,4205.6,98.3,0.4006,0.2489,0,16.1,0.2499,0.8662,46.1479,0
VH-01612,2022-08-29,8,Heavy,4186.2,64.5,0.7926,0.1377,0,4.1,0.2864,0.4013,18.1971,1
VH-01613,2023-05-26,17,Heavy,5565.5,98.4,0.7175,0.7335,0,4.1,0.416,0.8971,39.6266,0
VH-01614,2022-08-29,8,Medium,5193.5,116.9,0.5299,0.3766,0,5.2,0.7232,0.6902,44.6464,1
VH-01615,2022-09-28,9,Heavy,3259.8,54.8,0.5018,0.303,1,13.0,0.448,0.6114,56.0521,0
VH-01616,2022-05-01,4,Light,4011.3,91.2,0.6932,0.8265,0,11.0,0.7143,0.5756,32.1061,0
VH-01617,2022-09-28,9,Light,4159.6,95.4,0.9045,0.307,0,2.2,0.307,0.6983,58.3928,0
VH-01618,2023-05-26,17,Medium,5623.4,117.6,0.6461,0.514,2,7.4,0.7244,0.8248,32.9345,0
VH-01619,2023-03-27,15,Heavy,2747.5,88.3,0.9582,0.8297,0,6.0,0.7093,0.6136,8.757,1
VH-01620,2023-04-26,16,Light,7527.2,176.1,0.9512,0.2886,1,2.8,0.5667,0.5633,7.7597,1
VH-01621,2023-11-22,23,Light,3361.2,92.9,0.722,0.1,1,2.3,0.8076,0.9224,44.8662,0
VH-01622,2022-11-27,11,Medium,4486.9,113.5,0.6211,0.2033,2,2.8,0.6335,0.7767,29.508,0
VH-01623,2023-04-26,16,Heavy,2760.0,59.1,0.6426,0.1028,0,5.5,0.5066,0.8465,46.4552,1
VH-01624,2022-01-31,1,Light,2552.8,53.8,0.6823,0.6575,0,3.8,0.5261,0.846,20.7366,0
VH-01625,2023-08-24,20,Medium,3188.4,66.4,0.3686,0.2005,1,1.0,0.403,0.8048,43.7689,0
VH-01626,2022-10-28,10,Heavy,3044.2,77.9,0.8215,0.4688,0,18.3,0.6392,0.8882,48.8604,1
VH-01627,2022-01-01,0,Medium,3878.6,76.4,0.5526,0.1117,2,4.8,0.8295,0.7512,36.9816,1
VH-01628,2022-03-02,2,Light,3031.6,93.2,0.7846,0.448,0,15.3,0.5597,0.4488,18.5502,1
VH-01629,2022-04-01,3,Light,5543.3,112.0,0.9357,0.6331,0,2.3,0.2541,0.6115,24.0256,1
VH-01630,2023-09-23,21,Medium,3325.5,77.1,0.7461,0.1305,0,2.2,0.2558,0.6695,49.3206,1
VH-01631,2022-10-28,10,Medium,3159.3,66.8,0.5493,0.0574,0,1.7,0.5808,0.6845,18.0575,0
VH-01632,2023-02-25,14,Heavy,3910.5,80.1,0.8287,0.3375,0,3.8,0.7416,0.8456,3.1052,1
VH-01633,2023-10-23,22,Medium,5989.3,165.7,0.859,0.196,0,3.6,0.5892,0.8102,25.5119,0
VH-01634,2022-05-31,5,Medium,4822.3,100.6,0.7076,0.0329,0,2.1,0.8236,0.4255,37.4331,0
VH-01635,2022-09-28,9,Heavy,4350.5,92.1,0.8911,0.3241,0,11.7,0.7402,0.8276,32.2066,0
VH-01636,2022-05-31,5,Medium,2350.4,42.3,0.9198,0.6654,2,1.6,0.5669,0.7691,21.7087,0
VH-01637,2022-07-30,7,Medium,2785.9,62.5,0.5634,0.4449,1,4.3,0.4629,0.679,38.8932,0
VH-01638,2022-09-28,9,Heavy,2582.4,55.9,0.3663,0.5943,2,5.2,0.6184,0.8305,23.5777,0
VH-01639,2022-09-28,9,Light,6460.3,126.8,0.7089,0.2663,0,14.3,0.861,0.6659,23.5437,1
VH-01640,2022-08-29,8,Heavy,5295.8,111.3,0.6014,0.5215,2,1.0,0.4275,0.6019,23.344,1
VH-01641,2022-08-29,8,Heavy,3207.6,80.4,0.8066,0.4375,2,9.6,0.5482,0.5801,22.5954,1
VH-01642,2023-03-27,15,Light,3653.4,96.6,0.824,0.6398,0,7.7,0.7234,0.775,34.547,0
VH-01643,2022-01-01,0,Medium,3262.1,72.9,0.5454,0.2768,1,4.8,0.5738,0.7201,31.5379,0
VH-01644,2022-01-31,1,Light,3171.2,71.4,0.6711,0.8479,0,6.5,0.4511,0.5656,24.6048,0
VH-01645,2023-02-25,14,Light,5190.5,109.9,0.7552,0.4713,1,15.5,0.6645,0.8211,35.1502,0
VH-01646,2023-07-25,19,Medium,4068.7,82.9,0.7325,0.3859,0,4.3,0.7182,0.7281,21.8412,0
VH-01647,2023-01-26,13,Medium,7621.8,155.6,0.6009,0.41,0,4.3,0.4597,0.8187,44.0878,0
VH-01648,2022-11-27,11,Heavy,6375.5,118.3,0.5005,0.387,0,5.0,0.5046,0.6308,69.708,0
VH-01649,2022-06-30,6,Heavy,6464.2,133.1,0.6306,0.8255,0,13.9,0.5044,0.8583,36.9394,1
VH-01650,2022-06-30,6,Heavy,5507.0,135.9,0.4463,0.5977,0,9.9,0.8329,0.6881,39.0992,1
VH-01651,2022-01-01,0,Medium,3866.0,79.5,0.7979,0.6278,0,3.5,0.5269,0.54,16.5119,1
VH-01652,2022-09-28,9,Medium,5396.7,114.7,0.1963,0.7212,2,6.7,0.5177,0.4907,40.5486,0
VH-01653,2023-10-23,22,Medium,3976.8,82.9,0.8924,0.506,1,4.5,0.3849,0.8466,48.8062,1
VH-01654,2023-06-25,18,Light,6945.4,173.0,0.7429,0.0948,1,7.7,0.481,0.5587,9.7268,1
VH-01655,2022-11-27,11,Heavy,5106.4,99.6,0.8484,0.2449,2,6.2,0.7452,0.6537,20.6616,1
VH-01656,2022-08-29,8,Medium,4893.5,112.9,0.9639,0.2795,1,2.7,0.3964,0.7098,45.6497,0
VH-01657,2023-04-26,16,Light,4690.6,103.2,0.9157,0.8463,0,1.8,0.5269,0.6259,22.2571,1
VH-01658,2022-05-01,4,Heavy,7110.4,159.0,0.9111,0.3585,1,3.9,0.701,0.8358,7.0732,1
VH-01659,2023-06-25,18,Medium,2349.4,55.9,0.884,0.2244,0,5.5,0.8329,0.7927,34.0625,0
VH-01660,2022-11-27,11,Light,7257.4,162.1,0.7547,0.2433,0,6.7,0.9039,0.2538,25.4236,1
VH-01661,2023-02-25,14,Light,4220.8,105.7,0.8628,0.5137,0,7.2,0.5408,0.6262,19.8382,0
VH-01662,2023-09-23,21,Medium,2390.8,52.7,0.4844,0.7479,0,2.4,0.3581,0.6429,54.9271,0
VH-01663,2022-01-31,1,Heavy,3371.7,101.1,0.6651,0.3249,2,2.9,0.6165,0.5147,19.9932,0
VH-01664,2022-01-31,1,Light,2023.8,45.6,0.7449,0.379,0,3.9,0.4035,0.4098,44.637,0
VH-01665,2023-10-23,22,Heavy,5480.5,96.2,0.827,0.6029,0,4.1,0.6755,0.6923,20.259,1
VH-01666,2023-08-24,20,Heavy,2942.6,75.0,0.5091,0.6414,0,6.8,0.7402,0.8502,46.1868,1
VH-01667,2022-10-28,10,Heavy,4753.0,111.5,0.8684,0.2054,5,4.4,0.4007,0.8327,49.4697,0
VH-01668,2022-06-30,6,Light,6201.3,138.3,0.5792,0.4437,1,4.9,0.5807,0.682,25.2466,0
VH-01669,2023-10-23,22,Light,3492.0,73.7,0.5292,0.1495,1,3.5,0.3648,0.623,23.3411,0
VH-01670,2023-09-23,21,Heavy,4097.8,59.3,0.7642,0.3372,1,9.2,0.6848,0.8082,45.7311,0
VH-01671,2023-10-23,22,Medium,2545.0,27.4,0.8346,0.1823,0,10.3,0.356,0.8509,70.0831,0
VH-01672,2022-01-01,0,Medium,3917.5,111.8,0.7133,0.1025,0,3.4,0.4594,0.8054,35.9441,0
VH-01673,2022-04-01,3,Heavy,8361.0,177.0,0.7165,0.3,3,3.6,0.4915,0.5391,22.6132,1
VH-01674,2022-07-30,7,Light,5666.9,140.4,0.6508,0.6169,0,5.9,0.6784,0.8636,34.0402,1
VH-01675,2022-11-27,11,Heavy,4102.9,67.1,0.9198,0.3343,0,17.1,0.5151,0.7142,32.463,0
VH-01676,2023-10-23,22,Heavy,3582.5,63.9,0.2785,0.1443,0,11.8,0.1754,0.8477,27.3503,0
VH-01677,2022-08-29,8,Heavy,4436.0,108.8,0.7086,0.3851,2,3.1,0.8079,0.5535,26.4845,1
VH-01678,2022-05-01,4,Medium,4695.1,102.8,0.7664,0.487,2,3.0,0.4595,0.737,19.8232,0
VH-01679,2022-11-27,11,Heavy,3871.4,94.1,0.6789,0.224,3,5.3,0.5834,0.3852,43.9727,0
VH-01680,2022-07-30,7,Medium,5295.1,117.5,0.6886,0.5187,1,14.4,0.7535,0.894,37.743,0
VH-01681,2023-06-25,18,Heavy,3069.8,65.1,0.8528,0.2789,4,5.0,0.3695,0.6395,28.2087,0
VH-01682,2022-07-30,7,Heavy,3062.4,57.9,0.7878,0.1163,3,11.4,0.8766,0.9689,47.7613,0
VH-01683,2022-11-27,11,Heavy,5055.3,94.4,0.7792,0.062,4,12.1,0.4526,0.4679,25.8523,1
VH-01684,2022-05-01,4,Medium,2747.0,82.1,0.7299,0.2859,0,5.1,0.531,0.8839,19.2941,0
VH-01685,2023-05-26,17,Light,5593.5,147.8,0.5476,0.1554,2,1.6,0.6755,0.7222,49.959,0
VH-01686,2022-05-31,5,Light,4478.6,83.9,0.9254,0.3172,0,1.3,0.6722,0.8108,34.0076,0
VH-01687,2022-01-01,0,Medium,1758.1,22.5,0.6204,0.6298,0,2.8,0.5259,0.5518,49.0119,0
VH-01688,2023-03-27,15,Medium,4664.2,98.4,0.7552,0.5709,1,9.8,0.7464,0.887,50.9977,1
VH-01689,2022-10-28,10,Medium,1972.3,48.9,0.9214,0.2766,1,7.3,0.5326,0.8268,21.5275,0
VH-01690,2022-05-31,5,Medium,5540.0,120.4,0.7312,0.6492,0,0.6,0.4195,0.8018,49.7907,1
VH-01691,2023-11-22,23,Heavy,4126.9,99.2,0.8615,0.6226,0,7.3,0.3859,0.7648,30.6829,0
VH-01692,2022-11-27,11,Heavy,7276.6,161.0,0.7524,0.2566,1,1.3,0.8569,0.714,40.7135,0
VH-01693,2022-03-02,2,Light,6107.0,134.0,0.7732,0.2315,1,0.4,0.8479,0.5025,15.3785,1
VH-01694,2022-07-30,7,Heavy,2909.0,100.8,0.5447,0.1421,3,7.7,0.7412,0.4507,60.8538,0
VH-01695,2023-03-27,15,Medium,1468.9,24.8,0.2973,0.2965,0,5.7,0.2403,0.8852,20.4981,0
VH-01696,2022-01-31,1,Medium,3367.3,99.4,0.222,0.4812,0,14.6,0.7006,0.6518,29.6534,0
VH-01697,2022-01-31,1,Light,2668.1,81.0,0.7344,0.8466,0,4.8,0.7792,0.8814,54.5383,0
VH-01698,2022-09-28,9,Heavy,7238.6,168.4,0.6181,0.904,4,6.2,0.8432,0.7876,11.2167,1
VH-01699,2022-05-31,5,Heavy,4484.5,70.8,0.5036,0.6776,1,4.3,0.7043,0.7033,16.1948,1
VH-01700,2023-09-23,21,Heavy,5900.1,131.6,0.8151,0.3184,0,5.1,0.7563,0.8355,12.42,1
VH-01701,2023-04-26,16,Heavy,4072.5,82.8,0.9165,0.3051,1,9.6,0.5492,0.6893,11.3774,1
VH-01702,2023-05-26,17,Heavy,4230.5,94.3,0.8812,0.1372,0,2.4,0.2784,0.8011,68.2013,0
VH-01703,2023-07-25,19,Medium,4451.1,83.0,0.7159,0.7663,0,4.6,0.844,0.7835,48.886,1
VH-01704,2023-11-22,23,Medium,6159.8,148.2,0.528,0.2719,0,9.3,0.2799,0.6864,55.035,0
VH-01705,2023-07-25,19,Medium,4967.4,125.2,0.7373,0.4316,2,13.2,0.2434,0.8513,27.8963,0
VH-01706,2022-08-29,8,Heavy,2914.0,82.3,0.8365,0.6671,0,9.3,0.4284,0.7053,57.3886,0
VH-01707,2023-03-27,15,Light,6933.8,148.4,0.9141,0.1917,2,4.3,0.175,0.7808,19.7963,1
VH-01708,2022-11-27,11,Medium,4060.8,74.3,0.8012,0.5581,1,1.5,0.6637,0.813,56.1335,0
VH-01709,2022-05-01,4,Heavy,3816.7,90.1,0.7186,0.2924,0,3.6,0.4086,0.647,29.4404,0
VH-01710,2022-05-01,4,Medium,800.0,44.1,0.5824,0.2403,1,8.8,0.847,0.6387,42.9303,0
VH-01711,2023-04-26,16,Heavy,5451.6,122.2,0.9044,0.0762,0,1.4,0.6646,0.8551,47.1055,1
VH-01712,2023-01-26,13,Medium,4651.5,110.2,0.7658,0.3898,1,10.0,0.4572,0.6443,23.4875,0
VH-01713,2023-03-27,15,Heavy,4649.9,99.8,0.7605,0.4674,0,1.4,0.3659,0.6661,54.8312,1
VH-01714,2023-11-22,23,Heavy,3895.8,79.0,0.7694,0.3029,1,8.5,0.5335,0.8873,21.5877,0
VH-01715,2023-09-23,21,Medium,3637.2,90.7,0.4471,0.6278,0,9.0,0.7303,0.956,43.1225,0
VH-01716,2023-01-26,13,Heavy,3945.6,86.1,0.8176,0.8671,1,6.0,0.2887,0.7671,20.4713,1
VH-01717,2022-07-30,7,Medium,5194.7,121.5,0.8125,0.4466,2,10.5,0.7298,0.7228,13.5344,1
VH-01718,2023-08-24,20,Medium,5458.7,128.9,0.9233,0.3097,0,4.0,0.7756,0.857,30.9948,1
VH-01719,2023-08-24,20,Medium,4153.5,97.5,0.866,0.7826,5,5.9,0.4047,0.6489,22.9818,1
VH-01720,2022-10-28,10,Heavy,5923.4,140.0,0.1759,0.1455,0,7.1,0.2494,0.7676,42.0971,0
VH-01721,2023-10-23,22,Light,4381.5,84.6,0.9416,0.7966,1,10.7,0.2626,0.6061,5.8058,1
VH-01722,2022-10-28,10,Light,3743.7,69.5,0.8875,0.224,3,4.0,0.745,0.5446,53.3858,0
VH-01723,2023-04-26,16,Heavy,4797.6,106.0,0.8152,0.1821,0,5.3,0.1115,0.8005,59.9682,0
VH-01724,2023-01-26,13,Medium,2460.9,54.4,0.7231,0.287,0,22.4,0.5373,0.8272,61.6647,0
VH-01725,2023-10-23,22,Medium,4849.1,99.9,0.8704,0.3855,0,5.2,0.8873,0.8032,21.7296,0
VH-01726,2023-08-24,20,Light,2186.7,52.2,0.7834,0.19,1,3.7,0.5499,0.5414,27.546,0
VH-01727,2022-01-01,0,Medium,2958.4,79.4,0.7094,0.1797,2,2.6,0.4121,0.6564,50.9863,0
VH-01728,2022-11-27,11,Heavy,1472.0,50.5,0.9581,0.4933,0,3.6,0.7225,0.8553,39.9739,0
VH-01729,2022-08-29,8,Light,4237.3,115.3,0.9029,0.9282,0,10.1,0.9023,0.8931,22.9174,1
VH-01730,2022-07-30,7,Medium,6914.5,133.9,0.668,0.215,0,6.2,0.8269,0.6265,27.9539,1
VH-01731,2022-06-30,6,Heavy,4324.4,78.7,0.7549,0.3696,1,22.8,0.7702,0.6954,27.4493,1
VH-01732,2022-11-27,11,Light,5465.4,117.1,0.3553,0.3096,0,1.8,0.8428,0.7621,20.1446,0
VH-01733,2023-10-23,22,Heavy,8028.5,179.6,0.6238,0.4948,1,8.4,0.5113,0.8029,37.296,1
VH-01734,2023-01-26,13,Medium,5106.1,109.9,0.6086,0.303,1,6.9,0.3702,0.4787,57.0873,0
VH-01735,2023-01-26,13,Heavy,3352.2,66.2,0.7854,0.3202,0,11.9,0.2447,0.6469,20.9636,1
VH-01736,2022-11-27,11,Heavy,3558.6,74.5,0.6884,0.3992,1,2.9,0.6419,0.7798,35.0814,0
VH-01737,2023-11-22,23,Heavy,4501.0,107.3,0.7275,0.2228,0,2.9,0.4126,0.8735,67.5123,0
VH-01738,2023-05-26,17,Light,3550.7,59.0,0.819,0.2918,2,7.5,0.5847,0.9158,27.7899,1
VH-01739,2022-04-01,3,Medium,3662.9,116.5,0.979,0.4389,0,0.6,0.7747,0.549,23.8187,1
VH-01740,2023-10-23,22,Heavy,5977.9,133.2,0.6011,0.5337,2,7.0,0.4811,0.7002,24.2293,0
VH-01741,2022-09-28,9,Light,6039.2,150.0,0.7382,0.2153,1,3.7,0.6461,0.7211,57.2895,1
VH-01742,2022-12-27,12,Light,2029.7,36.4,0.758,0.43,0,3.5,0.4451,0.8162,69.9262,0
VH-01743,2022-08-29,8,Light,3272.7,81.3,0.8198,0.682,1,12.8,0.3765,0.6555,45.0439,0
VH-01744,2022-05-01,4,Heavy,3804.0,86.0,0.7387,0.7115,0,9.6,0.5906,0.863,28.8527,0
VH-01745,2022-03-02,2,Heavy,5398.6,132.8,0.7341,0.4355,1,10.7,0.9659,0.9049,34.1433,1
VH-01746,2022-08-29,8,Medium,6214.6,135.1,0.8253,0.4972,0,7.6,0.7618,0.7099,13.3054,1
VH-01747,2023-10-23,22,Heavy,8553.0,213.3,0.3979,0.5642,2,2.6,0.8865,0.4719,13.6358,1
VH-01748,2023-08-24,20,Medium,3801.5,62.1,0.7375,0.5373,0,3.0,0.4663,0.853,24.7098,0
VH-01749,2022-04-01,3,Medium,3876.4,100.4,0.5185,0.8135,0,14.4,0.7776,0.7148,23.9091,1
VH-01750,2023-04-26,16,Medium,5382.9,121.4,0.8467,0.1675,2,4.0,0.6341,0.8911,32.7261,0
VH-01751,2023-01-26,13,Medium,3476.7,62.0,0.5712,0.2109,0,3.7,0.5347,0.6666,30.9284,0
VH-01752,2022-01-31,1,Light,4288.6,124.6,0.564,0.3453,2,4.6,0.6325,0.8779,33.8871,0
VH-01753,2022-10-28,10,Heavy,3877.4,113.9,0.741,0.3909,0,4.0,0.9284,0.6342,24.3342,1
VH-01754,2023-10-23,22,Heavy,800.0,20.0,0.5555,0.4254,1,5.3,0.8668,0.9033,40.0131,0
VH-01755,2022-05-01,4,Medium,4684.8,106.8,0.5072,0.339,2,4.3,0.5595,0.8977,38.5228,1
VH-01756,2023-02-25,14,Medium,4226.5,104.5,0.3688,0.1877,0,1.7,0.7963,0.9462,46.337,0
VH-01757,2023-08-24,20,Light,6406.8,149.0,0.7743,0.4039,2,8.3,0.2097,0.659,19.0749,1
VH-01758,2022-08-29,8,Heavy,4508.2,122.9,0.8846,0.1933,0,6.4,0.54,0.5964,12.6092,1
VH-01759,2022-11-27,11,Heavy,2617.9,77.8,0.9813,0.2988,1,4.8,0.6837,0.7209,55.702,0
VH-01760,2022-09-28,9,Heavy,4112.9,95.4,0.5459,0.5234,1,4.3,0.499,0.7276,68.1658,0
VH-01761,2023-01-26,13,Medium,1363.4,64.5,0.8439,0.3737,2,4.7,0.4887,0.654,41.3894,1
VH-01762,2023-11-22,23,Light,2683.6,73.7,0.6002,0.347,2,12.1,0.6329,0.723,71.413,0
VH-01763,2023-09-23,21,Light,5453.3,115.9,0.4105,0.2985,4,2.5,0.515,0.7621,28.4712,0
VH-01764,2022-07-30,7,Light,4129.0,83.5,0.7517,0.8741,0,4.3,0.6807,0.8205,29.2499,1
VH-01765,2022-03-02,2,Light,5883.8,149.4,0.9253,0.3871,0,11.2,0.2312,0.5286,53.2822,0
VH-01766,2023-05-26,17,Light,1549.7,22.5,0.4273,0.5282,4,3.8,0.3657,0.8468,22.1287,0
VH-01767,2023-07-25,19,Heavy,4136.3,85.8,0.6975,0.1939,0,1.4,0.6343,0.5686,32.4036,0
VH-01768,2022-07-30,7,Light,3786.7,80.6,0.6009,0.1841,1,11.8,0.4127,0.7877,47.5138,0
VH-01769,2023-11-22,23,Light,5933.8,137.2,0.7805,0.8962,0,2.3,0.8101,0.911,20.1976,1
VH-01770,2022-01-01,0,Heavy,5509.1,119.5,0.8931,0.3109,0,3.1,0.5606,0.6994,31.6423,1
VH-01771,2022-01-31,1,Medium,5463.4,101.7,0.7059,0.367,0,15.1,0.7135,0.5846,38.3395,0
VH-01772,2023-11-22,23,Heavy,6812.1,168.8,0.7493,0.0721,0,1.8,0.6606,0.6476,31.8967,0
VH-01773,2022-01-01,0,Medium,3947.9,81.7,0.6973,0.6552,1,5.1,0.6319,0.854,55.7341,0
VH-01774,2023-05-26,17,Heavy,6502.6,174.8,0.834,0.3311,1,18.1,0.5388,0.7102,20.9325,1
VH-01775,2022-05-31,5,Medium,2933.7,69.8,0.9181,0.372,0,6.0,0.3734,0.8226,39.8851,0
VH-01776,2023-11-22,23,Medium,2878.7,83.0,0.3825,0.4782,0,4.4,0.4922,0.7241,53.9299,0
VH-01777,2022-01-31,1,Heavy,5629.1,134.6,0.4187,0.6344,0,25.0,0.8227,0.7001,21.6153,0
VH-01778,2023-11-22,23,Medium,2242.9,69.6,0.6406,0.7334,0,1.4,0.5079,0.4671,19.7736,0
VH-01779,2022-10-28,10,Medium,5359.1,127.6,0.918,0.304,1,5.2,0.5991,0.9355,23.2117,0
VH-01780,2022-12-27,12,Medium,4652.0,106.9,0.9248,0.9522,1,4.5,0.1801,0.8396,29.5678,1
VH-01781,2023-11-22,23,Light,6107.8,152.1,0.8391,0.5201,0,7.4,0.309,0.5714,8.7833,1
VH-01782,2023-01-26,13,Heavy,4410.8,135.3,0.3228,0.3515,2,4.1,0.3664,0.8059,29.292,1
VH-01783,2023-05-26,17,Medium,4584.1,97.8,0.7296,0.5947,0,6.3,0.248,0.7627,45.2905,0
VH-01784,2022-08-29,8,Light,5263.9,128.9,0.7901,0.214,2,6.6,0.8829,0.8031,40.652,1
VH-01785,2022-05-01,4,Light,3506.0,77.8,0.7161,0.2761,2,7.4,0.7304,0.8603,6.2532,1
VH-01786,2023-04-26,16,Heavy,3440.7,84.1,0.8819,0.6589,0,2.4,0.761,0.9432,35.44,1
VH-01787,2022-10-28,10,Medium,5211.6,116.4,0.5114,0.2579,0,3.7,0.3818,0.4311,38.8932,0
VH-01788,2023-11-22,23,Medium,4456.1,66.7,0.6095,0.4928,1,1.7,0.6141,0.7771,40.3515,0
VH-01789,2022-09-28,9,Heavy,3889.0,83.4,0.1855,0.7919,0,2.2,0.4765,0.3799,33.3709,0
VH-01790,2023-07-25,19,Light,4375.8,112.2,0.4245,0.636,0,6.4,0.352,0.6725,37.2413,0
VH-01791,2023-01-26,13,Heavy,6891.8,141.7,0.7472,0.4836,0,6.6,0.4349,0.8872,49.8137,1
VH-01792,2022-04-01,3,Medium,3835.5,99.0,0.8942,0.4048,1,1.8,0.5851,0.9606,41.8361,0
VH-01793,2022-10-28,10,Light,3792.0,87.0,0.8409,0.1607,0,2.1,0.5661,0.9188,29.2128,0
VH-01794,2023-09-23,21,Medium,1938.8,40.2,0.8365,0.2361,0,10.9,0.6181,0.7759,19.4596,0
VH-01795,2022-06-30,6,Heavy,4436.5,112.2,0.7514,0.3843,0,1.9,0.3905,0.6591,21.821,0
VH-01796,2022-05-31,5,Medium,5485.3,132.1,0.5554,0.6525,0,1.7,0.3095,0.569,50.8717,0
VH-01797,2023-04-26,16,Medium,5754.3,134.2,0.7242,0.2022,0,2.1,0.573,0.4815,28.5058,0
VH-01798,2023-04-26,16,Medium,4662.3,118.8,0.8965,0.8748,0,11.9,0.5975,0.6668,11.5928,1
VH-01799,2022-06-30,6,Medium,5933.8,134.9,0.9199,0.2546,0,3.0,0.4851,0.5355,28.606,1
VH-01800,2022-03-02,2,Medium,5596.8,99.7,0.7352,0.1671,1,5.1,0.753,0.7203,24.6129,0
VH-01801,2022-08-29,8,Medium,6169.4,131.4,0.8819,0.4617,1,10.0,0.7182,0.8854,13.8445,1
VH-01802,2023-08-24,20,Medium,5976.5,105.7,0.7598,0.5672,3,3.9,0.7611,0.9891,34.0876,0
VH-01803,2022-08-29,8,Light,6855.0,162.2,0.6919,0.808,1,8.4,0.6747,0.6122,17.6925,1
VH-01804,2022-03-02,2,Medium,4245.5,107.8,0.6385,0.4584,0,4.8,0.3186,0.8256,69.6186,0
VH-01805,2022-09-28,9,Medium,2509.4,69.9,0.7663,0.4381,2,2.3,0.8311,0.7715,18.2599,0
VH-01806,2022-11-27,11,Medium,5495.6,129.5,0.8335,0.1191,2,3.2,0.4687,0.9539,71.8643,0
VH-01807,2023-05-26,17,Light,5670.8,140.5,0.9019,0.6121,0,0.9,0.6667,0.7681,54.1649,1
VH-01808,2022-07-30,7,Medium,6855.0,128.7,0.8748,0.452,2,2.0,0.5693,0.5836,11.3665,1
VH-01809,2023-01-26,13,Medium,6421.9,141.1,0.8508,0.5249,1,9.5,0.515,0.909,15.573,1
VH-01810,2022-01-31,1,Light,7418.2,143.6,0.7453,0.398,0,16.7,0.3218,0.5141,11.9627,1
VH-01811,2022-01-31,1,Light,5429.8,115.3,0.8949,0.6185,0,5.8,0.1909,0.9889,61.9893,0
VH-01812,2023-01-26,13,Medium,4843.2,131.9,0.6931,0.2912,3,2.3,0.8465,0.5937,38.5025,1
VH-01813,2023-02-25,14,Heavy,2422.5,70.2,0.7565,0.5221,1,7.1,0.4039,0.577,45.5728,0
VH-01814,2023-04-26,16,Light,4962.1,120.2,0.3692,0.2047,1,4.0,0.6963,0.9098,46.7631,0
VH-01815,2022-05-01,4,Heavy,3671.2,78.9,0.763,0.006,0,14.8,0.5007,0.836,34.454,0
VH-01816,2022-06-30,6,Medium,4817.3,92.1,0.7944,0.6648,2,6.2,0.4824,0.4334,42.2661,1
VH-01817,2022-05-01,4,Heavy,4581.8,104.6,0.7106,0.5654,1,2.4,0.8121,0.871,31.3792,1
VH-01818,2022-12-27,12,Medium,5207.6,132.4,0.6393,0.1444,1,9.6,0.6301,0.7046,13.2015,1
VH-01819,2023-09-23,21,Medium,4354.0,102.9,0.7533,0.2654,1,4.6,0.2394,0.6344,15.0099,1
VH-01820,2022-08-29,8,Medium,5902.5,107.4,0.8219,0.4761,2,8.5,0.6953,0.7598,19.3286,1
VH-01821,2022-03-02,2,Heavy,800.0,20.0,0.2806,0.1878,0,1.6,0.7911,0.8869,60.9508,0
VH-01822,2023-01-26,13,Medium,4785.0,77.6,0.7713,0.5494,1,10.9,0.5034,0.7806,26.5707,1
VH-01823,2023-01-26,13,Medium,6303.7,152.1,0.6145,0.29,2,1.6,0.785,0.7227,17.5226,1
VH-01824,2023-02-25,14,Medium,7305.1,151.9,0.8504,0.5846,2,10.0,0.5838,0.5648,5.2097,1
VH-01825,2023-02-25,14,Heavy,5597.9,106.1,0.8136,0.7361,1,2.1,0.5305,0.6546,28.3179,1
VH-01826,2022-01-01,0,Light,7027.3,168.4,0.7577,0.3194,1,10.6,0.8118,0.7532,26.2878,1
VH-01827,2022-01-01,0,Medium,4753.4,114.0,0.4075,0.3432,0,4.7,0.3204,0.7387,70.374,0
VH-01828,2022-03-02,2,Medium,4504.3,103.6,0.8603,0.3208,2,9.1,0.1241,0.5105,29.2499,1
VH-01829,2022-05-31,5,Heavy,5294.1,150.5,0.5119,0.504,3,2.4,0.9685,0.6925,16.1451,1
VH-01830,2023-01-26,13,Medium,4495.2,109.4,0.7803,0.4504,0,2.5,0.1364,0.7644,66.9293,0
VH-01831,2023-05-26,17,Medium,3326.5,64.2,0.815,0.1223,3,6.1,0.2345,0.4425,43.9708,0
VH-01832,2022-01-01,0,Heavy,3727.1,90.6,0.719,0.2253,0,2.5,0.5915,0.8411,25.146,0
VH-01833,2022-06-30,6,Medium,2831.8,58.6,0.9594,0.6487,1,2.9,0.4931,0.902,22.0356,0
VH-01834,2022-05-31,5,Light,5292.6,136.6,0.7882,0.1022,0,3.2,0.7352,0.3001,5.599,1
VH-01835,2022-01-01,0,Light,4517.1,104.6,0.8931,0.5921,0,5.3,0.5647,0.8409,65.9128,0
VH-01836,2022-06-30,6,Light,3959.6,93.7,0.5966,0.4757,0,1.9,0.5983,0.4969,41.3106,1
VH-01837,2023-08-24,20,Light,3650.0,59.5,0.8197,0.4816,0,5.7,0.7519,0.3656,26.2416,0
VH-01838,2023-07-25,19,Medium,5257.6,117.8,0.4395,0.7144,1,4.4,0.7894,0.7705,35.8426,0
VH-01839,2022-01-01,0,Heavy,5670.7,125.2,0.3574,0.5143,1,2.1,0.7649,0.8676,33.0655,0
VH-01840,2022-01-31,1,Heavy,2804.2,47.0,0.7702,0.0471,0,8.3,0.5915,0.9149,44.3481,0
VH-01841,2022-05-31,5,Light,2568.5,53.8,0.6789,0.4635,0,16.1,0.5952,0.7221,54.9008,0
VH-01842,2022-05-31,5,Medium,5931.8,138.4,0.6824,0.261,0,2.7,0.5714,0.868,58.7837,0
VH-01843,2022-06-30,6,Light,2437.3,54.1,0.6559,0.553,0,6.4,0.3172,0.5617,27.6152,0
VH-01844,2022-09-28,9,Heavy,5321.2,97.1,0.4623,0.3718,2,4.8,0.7907,0.7954,25.8794,0
VH-01845,2022-09-28,9,Light,6925.4,149.8,0.9279,0.4867,0,12.2,0.5853,0.5509,19.6807,1
VH-01846,2022-11-27,11,Medium,6928.9,147.0,0.6428,0.3335,2,2.4,0.7645,0.6207,6.2839,1
VH-01847,2023-04-26,16,Medium,5606.8,127.5,0.8818,0.3982,1,9.0,0.9263,0.9268,33.4617,1
VH-01848,2023-11-22,23,Medium,5563.2,124.9,0.9584,0.1351,2,5.5,0.8692,0.7949,35.0384,1
VH-01849,2023-04-26,16,Medium,7877.9,168.9,0.8506,0.3693,1,6.0,0.8366,0.7099,18.6889,1
VH-01850,2022-06-30,6,Heavy,998.4,20.0,0.8103,0.3861,1,5.4,0.7182,0.5572,18.2548,0
VH-01851,2022-04-01,3,Light,3803.5,85.5,0.8868,0.3648,1,8.2,0.921,0.5681,42.896,1
VH-01852,2022-09-28,9,Heavy,5772.7,142.7,0.9148,0.3263,0,1.4,0.6288,0.365,11.6045,1
VH-01853,2023-01-26,13,Medium,3994.1,92.9,0.9421,0.487,0,5.2,0.5403,0.8007,7.6987,1
VH-01854,2022-09-28,9,Heavy,6359.7,162.7,0.8588,0.2614,0,1.3,0.364,0.9596,22.5445,1
VH-01855,2022-12-27,12,Heavy,4441.0,115.7,0.9478,0.1942,2,2.1,0.6007,0.8882,11.3943,1
VH-01856,2023-11-22,23,Heavy,4697.6,126.8,0.7841,0.3597,2,8.0,0.7845,0.9389,28.5755,0
VH-01857,2022-11-27,11,Light,4088.0,111.4,0.5061,0.4744,0,5.4,0.3759,0.7524,20.4458,0
VH-01858,2022-05-01,4,Medium,3716.2,106.0,0.6121,0.1251,0,5.2,0.6152,0.8279,24.9873,0
VH-01859,2022-01-01,0,Medium,3679.3,64.5,0.8838,0.1097,1,1.9,0.3314,0.8486,20.0804,0
VH-01860,2023-01-26,13,Medium,4906.7,118.8,0.7737,0.0645,1,4.9,0.4922,0.6497,37.3962,0
VH-01861,2022-05-31,5,Medium,3338.2,92.5,0.8641,0.6495,0,4.6,0.6132,0.6942,28.053,0
VH-01862,2023-08-24,20,Heavy,5929.8,152.8,0.2029,0.277,0,9.8,0.5276,0.8958,58.6099,0
VH-01863,2022-01-01,0,Heavy,5479.8,110.2,0.9085,0.073,0,6.1,0.3941,0.5396,2.5936,1
VH-01864,2023-06-25,18,Medium,6149.1,146.5,0.6052,0.5101,0,2.0,0.4092,0.3899,34.3415,1
VH-01865,2022-05-01,4,Medium,2806.6,63.5,0.8838,0.842,2,5.2,0.7613,0.7076,28.2922,1
VH-01866,2022-07-30,7,Heavy,1950.8,71.1,0.651,0.5694,1,3.1,0.6133,0.8959,39.976,0
VH-01867,2022-04-01,3,Heavy,4493.7,79.1,0.4878,0.34,1,4.3,0.6034,0.6675,49.7741,1
VH-01868,2022-07-30,7,Light,8848.2,185.1,0.6205,0.0694,0,2.9,0.6945,0.4106,31.7328,0
VH-01869,2022-05-01,4,Medium,6399.3,115.0,0.6539,0.5656,1,4.5,0.3368,0.698,18.6417,0
VH-01870,2022-09-28,9,Heavy,3668.3,83.7,0.709,0.2311,2,2.5,0.5914,0.8423,21.4647,0
VH-01871,2022-01-01,0,Medium,5136.8,148.1,0.6095,0.1201,1,2.8,0.3068,0.4288,32.6104,0
VH-01872,2023-02-25,14,Medium,5591.4,123.6,0.9191,0.3296,2,2.6,0.2975,0.6776,23.1568,0
VH-01873,2022-10-28,10,Heavy,2447.4,55.9,0.7794,0.4932,0,5.9,0.2969,0.5649,43.2769,1
VH-01874,2022-05-01,4,Heavy,6554.4,153.9,0.6669,0.7618,2,8.7,0.6182,0.5821,10.207,1
VH-01875,2022-05-31,5,Heavy,4248.9,92.7,0.4345,0.4123,1,7.6,0.1825,0.6771,42.9682,0
VH-01876,2022-07-30,7,Heavy,4364.0,102.5,0.6963,0.5605,1,5.1,0.747,0.5271,28.0939,0
VH-01877,2023-07-25,19,Medium,4535.7,106.7,0.4005,0.2887,1,0.7,0.1965,0.6605,31.5997,0
VH-01878,2023-08-24,20,Medium,6216.8,125.5,0.3607,0.7232,0,0.2,0.9597,0.8179,41.1245,0
VH-01879,2022-10-28,10,Medium,3367.2,73.4,0.9474,0.6429,2,0.9,0.5243,0.805,10.3998,1
VH-01880,2023-07-25,19,Medium,1939.5,54.2,0.7801,0.853,0,10.7,0.5273,0.9304,12.5402,1
VH-01881,2022-06-30,6,Medium,4984.4,124.7,0.6203,0.2028,0,18.5,0.3541,0.7374,31.0897,0
VH-01882,2023-06-25,18,Medium,1434.5,51.4,0.8987,0.2374,2,6.5,0.7916,0.7564,34.2295,1
VH-01883,2023-10-23,22,Medium,4048.3,95.0,0.7787,0.4238,1,11.5,0.8422,0.816,29.7729,1
VH-01884,2023-02-25,14,Heavy,6280.3,144.9,0.4936,0.6187,2,3.6,0.5046,0.7982,18.4116,0
VH-01885,2022-03-02,2,Medium,5368.6,130.6,0.8853,0.591,0,6.1,0.4882,0.6075,53.4501,0
VH-01886,2022-07-30,7,Medium,6063.5,125.8,0.4178,0.9203,1,1.8,0.3489,0.8242,50.5889,0
VH-01887,2022-03-02,2,Light,5430.5,111.1,0.6225,0.4034,0,9.4,0.6913,0.5376,41.1659,0
VH-01888,2022-04-01,3,Light,8115.5,178.5,0.628,0.393,0,8.1,0.4381,0.8733,39.3298,0
VH-01889,2023-04-26,16,Heavy,3617.6,61.3,0.7693,0.1143,0,13.9,0.4137,0.9398,47.357,0
VH-01890,2023-11-22,23,Medium,5097.2,119.4,0.7018,0.4348,1,1.0,0.4752,0.7782,28.1225,0
VH-01891,2023-04-26,16,Light,3842.8,101.1,0.3311,0.3968,1,7.1,0.7731,0.767,50.4531,0
VH-01892,2023-04-26,16,Heavy,5935.2,121.2,0.904,0.1794,0,5.1,0.6927,0.3985,17.9001,1
VH-01893,2022-01-01,0,Medium,4407.6,104.5,0.626,0.5208,1,1.6,0.6333,0.8523,67.2019,0
VH-01894,2023-09-23,21,Light,7078.3,147.9,0.7357,0.7073,2,3.5,0.6696,0.7679,9.1854,1
VH-01895,2022-06-30,6,Medium,3703.8,67.1,0.8737,0.6363,1,2.3,0.8198,0.7882,25.6405,1
VH-01896,2023-09-23,21,Light,6610.7,177.7,0.7819,0.2312,1,3.2,0.268,0.6963,41.9068,0
VH-01897,2023-08-24,20,Medium,5389.7,104.7,0.6524,0.6368,2,3.2,0.7391,0.6105,30.8881,1
VH-01898,2022-11-27,11,Medium,4451.3,79.7,0.9489,0.3037,2,1.7,0.2888,0.5817,30.9801,1
VH-01899,2023-07-25,19,Light,5313.7,121.3,0.5108,0.5187,0,3.7,0.8787,0.6527,58.1112,1
VH-01900,2023-11-22,23,Light,4891.9,112.7,0.4138,0.2323,1,0.7,0.7239,0.4045,53.1142,0
VH-01901,2023-03-27,15,Medium,5033.9,121.9,0.6365,0.1092,1,9.6,0.5683,0.7241,53.7861,0
VH-01902,2022-05-31,5,Light,4189.7,123.1,0.7987,0.6296,2,9.0,0.6508,0.7986,48.7201,1
VH-01903,2023-08-24,20,Heavy,3447.6,65.0,0.8156,0.3162,1,14.4,0.4995,0.6275,22.8615,1
VH-01904,2023-03-27,15,Light,3997.4,80.2,0.9151,0.3693,3,2.9,0.9177,0.9185,68.8103,0
VH-01905,2022-10-28,10,Medium,1975.3,68.0,0.7582,0.3618,1,0.4,0.7779,0.7188,10.4827,1
VH-01906,2022-04-01,3,Medium,5762.9,142.2,0.8519,0.3662,3,15.8,0.3443,0.6792,18.4648,1
VH-01907,2022-07-30,7,Medium,2647.3,70.8,0.744,0.4212,0,4.0,0.4516,0.8911,21.7114,0
VH-01908,2023-02-25,14,Light,4173.5,83.9,0.5587,0.1693,1,3.6,0.4025,0.5788,57.8919,1
VH-01909,2023-04-26,16,Heavy,5472.1,138.5,0.724,0.3798,2,2.5,0.3255,0.6308,26.3886,1
VH-01910,2022-11-27,11,Heavy,5759.1,140.0,0.2608,0.4295,0,26.8,0.6879,0.7333,31.4723,1
VH-01911,2023-10-23,22,Light,1838.0,43.7,0.74,0.4269,2,3.5,0.5118,0.8372,56.54,0
VH-01912,2022-07-30,7,Light,4362.2,88.2,0.6376,0.7634,2,13.0,0.4358,0.7133,69.2055,0
VH-01913,2023-04-26,16,Heavy,5189.6,116.9,0.4858,0.6392,0,1.7,0.6982,0.7278,41.4444,0
VH-01914,2022-05-31,5,Medium,4578.0,126.5,0.7725,0.3087,1,2.3,0.503,0.8992,46.3451,0
VH-01915,2022-11-27,11,Light,6516.1,128.4,0.5124,0.5548,0,9.8,0.5716,0.5711,10.0774,1
VH-01916,2022-11-27,11,Light,3267.3,60.6,0.8223,0.1019,1,5.8,0.4718,0.9116,36.5643,0
VH-01917,2023-08-24,20,Medium,1426.4,22.3,0.2782,0.2822,0,7.2,0.2495,0.7885,55.866,0
VH-01918,2022-01-31,1,Heavy,5715.5,120.8,0.7967,0.4822,1,4.7,0.3801,0.8242,33.6922,1
VH-01919,2022-03-02,2,Medium,3694.4,81.9,0.5608,0.7232,1,6.3,0.599,0.6952,46.1895,0
VH-01920,2023-08-24,20,Heavy,1862.2,55.8,0.8346,0.1745,0,6.9,0.5543,0.7738,37.1031,1
VH-01921,2022-09-28,9,Medium,4262.2,101.6,0.8015,0.3155,0,6.2,0.5637,0.7793,39.3637,0
VH-01922,2023-09-23,21,Medium,6345.8,141.9,0.6851,0.2297,2,2.3,0.5062,0.7426,20.5096,0
VH-01923,2023-08-24,20,Medium,2605.1,62.0,0.6437,0.4366,1,5.5,0.8638,0.7392,34.0889,0
VH-01924,2022-04-01,3,Medium,8004.0,187.2,0.6443,0.4889,0,7.3,0.2055,0.7891,36.4313,0
VH-01925,2022-11-27,11,Light,3243.2,46.8,0.6682,0.6704,1,3.9,0.6038,0.9231,50.5269,0
VH-01926,2022-08-29,8,Light,4630.5,119.0,0.4167,0.5685,0,4.7,0.6528,0.6001,60.3007,0
VH-01927,2022-11-27,11,Medium,2671.3,47.0,0.6995,0.2291,2,6.3,0.3101,0.8138,18.6399,0
VH-01928,2022-06-30,6,Heavy,4562.4,94.7,0.7316,0.5537,1,9.2,0.5872,0.7211,48.1528,0
VH-01929,2022-01-31,1,Light,4299.4,100.6,0.4745,0.8772,1,3.4,0.2959,0.5648,21.142,0
VH-01930,2023-09-23,21,Medium,2265.8,49.2,0.5205,0.7424,1,6.7,0.4887,0.7317,40.1465,0
VH-01931,2023-02-25,14,Medium,8738.7,201.5,0.6919,0.3262,1,6.6,0.6298,0.5948,17.3195,1
VH-01932,2022-04-01,3,Medium,3757.0,85.6,0.7274,0.3594,1,7.5,0.4435,0.9336,19.3152,0
VH-01933,2022-09-28,9,Heavy,3758.3,79.2,0.5863,0.5798,4,11.4,0.7254,0.9369,27.7443,0
VH-01934,2022-08-29,8,Heavy,5953.6,155.2,0.6848,0.2008,1,8.1,0.7324,0.6188,50.3815,1
VH-01935,2023-04-26,16,Heavy,7221.4,171.1,0.8566,0.5764,0,2.9,0.3869,0.895,34.2901,1
VH-01936,2022-12-27,12,Light,6189.7,142.1,0.5696,0.1454,0,3.6,0.6846,0.8116,27.4965,0
VH-01937,2022-12-27,12,Medium,2698.2,70.3,0.8318,0.0985,0,4.2,0.7581,0.585,37.1626,1
VH-01938,2022-01-31,1,Medium,4820.9,96.6,0.9117,0.3446,0,8.2,0.31,0.8505,52.8804,0
VH-01939,2023-05-26,17,Light,1677.9,69.9,0.3996,0.0919,1,4.7,0.9105,0.6392,27.339,0
VH-01940,2022-05-31,5,Light,5852.6,113.7,0.9072,0.3607,4,4.5,0.1614,0.9015,38.1024,0
VH-01941,2022-10-28,10,Light,2047.2,47.2,0.6544,0.0224,0,5.7,0.5551,0.7163,20.7034,0
VH-01942,2023-04-26,16,Medium,3295.2,68.9,0.859,0.4103,0,15.1,0.4488,0.9277,2.1085,1
VH-01943,2023-09-23,21,Medium,4495.2,95.0,0.5174,0.5525,0,2.2,0.3208,0.7132,19.1516,1
VH-01944,2023-09-23,21,Light,5167.5,108.0,0.5596,0.8979,1,3.2,0.4083,0.6524,4.1952,1
VH-01945,2023-09-23,21,Heavy,4108.6,79.7,0.7816,0.3923,1,6.8,0.5971,0.9358,45.8874,1
VH-01946,2023-10-23,22,Heavy,6778.6,168.5,0.9241,0.3002,2,0.5,0.9733,0.8457,4.3226,1
VH-01947,2023-03-27,15,Light,5584.9,106.0,0.774,0.4832,2,3.9,0.7537,0.6262,6.7693,1
VH-01948,2023-11-22,23,Heavy,5467.1,136.2,0.5445,0.3831,0,8.6,0.4377,0.796,63.7481,0
VH-01949,2023-04-26,16,Light,2655.9,68.7,0.7393,0.8416,0,5.8,0.3993,0.4208,15.1252,1
VH-01950,2022-05-01,4,Heavy,7049.1,150.9,0.9563,0.4261,1,5.9,0.3531,0.745,14.6399,1
VH-01951,2023-02-25,14,Heavy,3295.4,81.2,0.7077,0.4561,1,6.2,0.2904,0.628,23.5938,0
VH-01952,2023-09-23,21,Light,7106.3,155.5,0.7786,0.1358,0,2.8,0.4484,0.8872,50.58,1
VH-01953,2023-08-24,20,Heavy,7533.3,150.9,0.874,0.3492,1,5.7,0.6013,0.8513,13.2701,1
VH-01954,2023-01-26,13,Heavy,5269.0,100.7,0.5409,0.1975,0,15.1,0.2678,0.6216,66.5107,0
VH-01955,2023-03-27,15,Heavy,6048.0,144.2,0.9324,0.3029,0,6.4,0.2446,0.8056,26.2865,0
VH-01956,2023-09-23,21,Heavy,800.0,26.8,0.5709,0.5664,0,8.4,0.617,0.69,26.7002,0
VH-01957,2022-11-27,11,Medium,4207.5,97.1,0.393,0.3708,0,10.5,0.2539,0.7766,21.3986,0
VH-01958,2022-08-29,8,Light,6153.2,130.9,0.7341,0.7575,1,5.6,0.2502,0.3872,20.1549,1
VH-01959,2022-11-27,11,Heavy,5886.8,128.0,0.7936,0.1491,0,5.6,0.4482,0.8282,51.1133,0
VH-01960,2022-05-31,5,Medium,2670.4,54.5,0.8136,0.4575,1,6.2,0.8465,0.3912,26.6015,1
VH-01961,2023-05-26,17,Medium,4059.4,64.0,0.9504,0.5593,0,6.0,0.4944,0.8559,36.963,0
VH-01962,2022-07-30,7,Medium,800.0,20.0,0.8873,0.0723,2,2.8,0.6071,0.4385,63.9252,0
VH-01963,2022-10-28,10,Medium,5119.5,121.6,0.8641,0.7318,0,4.3,0.4433,0.3111,14.9262,1
VH-01964,2022-11-27,11,Light,1675.0,38.2,0.8264,0.3076,0,0.9,0.4986,0.7735,18.4995,0
VH-01965,2022-10-28,10,Heavy,6195.7,164.2,0.5447,0.6105,2,8.6,0.9162,0.7815,20.2578,1
VH-01966,2022-03-02,2,Light,6274.1,124.4,0.6038,0.6263,1,1.7,0.6409,0.9068,65.2524,0
VH-01967,2023-04-26,16,Heavy,3788.4,74.3,0.8093,0.5818,2,3.7,0.4439,0.9528,46.9214,0
VH-01968,2023-07-25,19,Heavy,5281.9,119.4,0.9729,0.3937,0,5.3,0.7393,0.5257,22.3502,0
VH-01969,2023-06-25,18,Medium,4174.4,96.4,0.4746,0.3252,1,2.1,0.4285,0.8662,58.2017,0
VH-01970,2023-11-22,23,Medium,4862.9,79.5,0.7723,0.7083,1,5.3,0.7621,0.4928,12.8826,1
VH-01971,2023-11-22,23,Medium,2779.1,70.8,0.562,0.6629,0,7.9,0.5523,0.63,20.7872,0
VH-01972,2022-05-01,4,Heavy,5433.7,124.5,0.7266,0.5213,0,6.2,0.7931,0.7622,35.9506,0
VH-01973,2022-11-27,11,Heavy,2038.2,20.0,0.4634,0.3222,0,15.9,0.7557,0.6733,34.5522,0
VH-01974,2023-11-22,23,Medium,1755.1,37.3,0.8382,0.3578,0,5.7,0.6775,0.7082,59.0916,0
VH-01975,2023-10-23,22,Light,4317.1,83.8,0.805,0.6862,0,4.4,0.4363,0.9057,59.9114,0
VH-01976,2022-04-01,3,Light,4183.1,86.2,0.7516,0.1741,1,3.3,0.4708,0.4925,23.2518,0
VH-01977,2022-10-28,10,Medium,4908.5,89.0,0.7067,0.4279,3,3.6,0.4759,0.7971,25.9854,0
VH-01978,2023-03-27,15,Heavy,3525.7,84.6,0.7431,0.6989,0,12.5,0.8846,0.8363,27.4546,0
VH-01979,2023-03-27,15,Heavy,7328.5,189.3,0.8566,0.2962,1,11.9,0.4979,0.6292,21.6985,1
VH-01980,2022-06-30,6,Light,4740.9,109.3,0.9218,0.1105,3,8.6,0.8488,0.7608,12.6449,1
VH-01981,2023-05-26,17,Heavy,4849.3,75.4,0.6535,0.3889,4,1.2,0.3556,0.898,36.571,0
VH-01982,2022-08-29,8,Medium,4795.9,110.9,0.4687,0.1457,0,3.1,0.6286,0.8299,58.9767,0
VH-01983,2023-01-26,13,Heavy,6004.4,130.5,0.6086,0.19,0,4.4,0.5644,0.8306,48.8832,0
VH-01984,2022-10-28,10,Light,5364.0,102.7,0.4963,0.3616,0,3.5,0.426,0.8162,36.5124,0
VH-01985,2022-10-28,10,Medium,5163.0,120.0,0.8572,0.2914,1,6.3,0.494,0.7793,5.6677,1
VH-01986,2023-03-27,15,Heavy,5604.0,137.7,0.9307,0.342,0,7.0,0.6858,0.8703,21.428,1
VH-01987,2022-12-27,12,Medium,1763.1,29.2,0.451,0.4402,3,6.9,0.2165,0.9443,20.7445,0
VH-01988,2023-01-26,13,Medium,1819.7,20.0,0.6716,0.2769,1,0.9,0.6917,0.5783,20.7407,0
VH-01989,2022-01-01,0,Heavy,4385.9,67.3,0.4011,0.1026,0,0.8,0.7033,0.8822,38.6748,0
VH-01990,2023-10-23,22,Light,4203.5,83.4,0.9465,0.5435,2,5.4,0.302,0.3326,11.7664,1
VH-01991,2023-05-26,17,Light,5369.7,117.0,0.4048,0.7506,0,6.3,0.4515,0.8924,41.2179,0
VH-01992,2023-08-24,20,Medium,4530.0,92.9,0.8665,0.5929,2,2.1,0.6199,0.434,2.3603,1
VH-01993,2023-01-26,13,Medium,5372.8,109.1,0.8152,0.153,3,7.7,0.3486,0.8413,49.541,0
VH-01994,2023-11-22,23,Light,2631.6,67.0,0.3344,0.6789,0,3.3,0.5238,0.9199,29.9034,0
VH-01995,2023-05-26,17,Medium,4483.9,106.6,0.5497,0.6283,1,4.7,0.4269,0.7351,57.0115,0
VH-01996,2022-05-01,4,Heavy,2488.4,58.3,0.6328,0.6036,1,1.5,0.5083,0.3388,14.7713,1
VH-01997,2023-10-23,22,Medium,5080.3,125.1,0.6587,0.3509,1,2.3,0.8026,0.3415,26.3686,1
VH-01998,2022-12-27,12,Medium,1682.6,27.5,0.7853,0.1107,0,2.2,0.7929,0.6721,23.6078,0
VH-01999,2022-09-28,9,Heavy,5022.5,95.2,0.7182,0.4696,1,7.3,0.677,0.7381,25.7587,0
VH-02000,2023-03-27,15,Medium,2296.5,43.2,0.5937,0.0779,2,11.0,0.3891,0.6496,27.6124,0
VH-02001,2022-03-02,2,Heavy,3924.7,78.3,0.672,0.8516,0,17.1,0.26,0.8438,32.3598,0
VH-02002,2023-04-26,16,Medium,5842.4,99.1,0.6633,0.8291,1,3.0,0.6779,0.4501,32.6128,1
VH-02003,2022-07-30,7,Heavy,4841.1,99.4,0.7308,0.2562,0,9.6,0.1865,0.7214,70.2808,0
VH-02004,2023-11-22,23,Medium,2031.5,61.7,0.7004,0.3658,0,1.0,0.7851,0.7636,43.0167,0
VH-02005,2023-03-27,15,Light,3491.4,89.6,0.2225,0.4878,0,9.4,0.4188,0.6233,53.6757,0
VH-02006,2022-09-28,9,Heavy,2247.9,57.8,0.7758,0.2935,0,3.6,0.455,0.5498,46.3957,0
VH-02007,2022-09-28,9,Medium,1957.9,45.5,0.7476,0.1378,0,8.6,0.5751,0.8724,63.1436,0
VH-02008,2022-09-28,9,Light,4676.5,125.7,0.7019,0.2493,3,3.7,0.7218,0.9747,33.2527,0
VH-02009,2023-09-23,21,Light,5340.4,102.8,0.873,0.4978,2,6.1,0.9134,0.9651,27.0378,0
VH-02010,2023-02-25,14,Medium,5160.9,100.2,0.7264,0.348,0,4.4,0.4372,0.5414,48.335,0
VH-02011,2022-06-30,6,Light,5403.9,137.0,0.8424,0.5089,0,4.3,0.3685,0.6761,26.1295,0
VH-02012,2022-08-29,8,Medium,4482.1,100.0,0.8254,0.6136,0,6.1,0.2262,0.5206,35.255,1
VH-02013,2022-10-28,10,Light,4089.9,80.8,0.8343,0.7457,0,2.6,0.928,0.7543,6.2307,1
VH-02014,2023-04-26,16,Medium,2890.4,72.5,0.8171,0.3949,1,1.8,0.4688,0.4994,49.3838,1
VH-02015,2023-06-25,18,Medium,3839.9,78.8,0.9741,0.4115,1,7.2,0.5142,0.6989,31.4753,1
VH-02016,2022-04-01,3,Medium,2518.0,43.4,0.8961,0.7081,1,4.4,0.3576,0.4232,49.4767,1
VH-02017,2022-08-29,8,Medium,3232.3,58.8,0.5031,0.2734,2,3.4,0.7201,0.9662,39.4243,0
VH-02018,2023-10-23,22,Light,4633.4,107.8,0.8059,0.4635,0,4.5,0.3902,0.8283,27.5534,0
VH-02019,2023-11-22,23,Medium,4323.3,99.2,0.8751,0.5901,1,6.2,0.3934,0.7268,27.0661,1
VH-02020,2022-09-28,9,Medium,9000.0,220.0,0.4877,0.3005,3,4.3,0.6129,0.5662,16.4396,1
VH-02021,2022-06-30,6,Medium,2481.3,50.8,0.4162,0.1017,0,8.3,0.9052,0.9406,24.2496,0
VH-02022,2022-04-01,3,Light,4312.4,91.2,0.6892,0.6186,2,7.6,0.6016,0.8844,66.8102,0
VH-02023,2022-05-01,4,Light,2364.4,74.1,0.7132,0.722,0,8.3,0.615,0.623,6.5432,1
VH-02024,2022-08-29,8,Light,3918.3,101.9,0.6926,0.853,0,4.8,0.7886,0.6822,41.9822,1
VH-02025,2022-10-28,10,Medium,3979.4,90.6,0.8246,0.2792,1,5.2,0.53,0.5464,10.9794,1
VH-02026,2023-09-23,21,Medium,5767.3,104.7,0.7014,0.2537,2,2.7,0.4978,0.6527,40.9266,1
VH-02027,2022-08-29,8,Heavy,3825.5,72.8,0.9511,0.7859,0,2.3,0.4525,0.9435,11.6252,1
VH-02028,2023-04-26,16,Medium,4213.0,77.8,0.3564,0.5662,1,5.9,0.5702,0.7042,63.5113,0
VH-02029,2022-01-01,0,Medium,3854.5,86.2,0.7214,0.6965,1,2.8,0.3922,0.7277,40.2858,1
VH-02030,2023-04-26,16,Medium,2398.4,45.7,0.8493,0.3946,1,2.9,0.8597,0.8277,48.94,1
VH-02031,2022-09-28,9,Light,3521.8,102.3,0.9656,0.4083,0,8.3,0.571,0.6507,37.759,1
VH-02032,2023-05-26,17,Medium,3927.1,63.7,0.7154,0.4141,3,6.1,0.3738,0.595,59.3689,0
VH-02033,2022-09-28,9,Medium,4610.7,85.0,0.6848,0.5146,0,4.1,0.176,0.5527,58.5469,0
VH-02034,2022-05-31,5,Medium,5338.4,122.3,0.6349,0.4742,0,10.1,0.529,0.2917,5.7986,1
VH-02035,2023-03-27,15,Light,4148.1,100.0,0.9297,0.2846,2,7.1,0.493,0.574,42.5426,1
VH-02036,2022-05-31,5,Heavy,4121.7,52.8,0.7532,0.511,0,10.0,0.4462,0.8638,33.775,0
VH-02037,2022-06-30,6,Heavy,1918.8,20.0,0.5838,0.6489,1,7.4,0.4943,0.5812,53.4715,1
VH-02038,2023-07-25,19,Light,5309.6,114.0,0.7376,0.6113,1,6.2,0.6515,0.7476,51.9535,1
VH-02039,2023-10-23,22,Medium,3456.2,97.1,0.9445,0.4611,0,1.5,0.4589,0.5321,26.8512,1
VH-02040,2023-10-23,22,Heavy,5620.7,153.2,0.8365,0.5972,0,8.3,0.6834,0.6709,20.0654,1
VH-02041,2023-03-27,15,Medium,6474.7,137.7,0.5949,0.3607,0,4.0,0.4422,0.7472,62.042,1
VH-02042,2022-05-31,5,Heavy,4218.1,91.2,0.7584,0.1922,0,10.1,0.3651,0.8213,44.1484,0
VH-02043,2023-06-25,18,Medium,2965.0,53.3,0.5764,0.3302,0,19.3,0.2236,0.6748,57.8056,0
VH-02044,2022-09-28,9,Heavy,4475.0,108.9,0.7977,0.5075,0,7.4,0.5509,0.714,26.8963,1
VH-02045,2023-07-25,19,Heavy,5023.1,134.6,0.9285,0.4269,0,2.8,0.4906,0.5664,21.1544,0
VH-02046,2023-10-23,22,Light,4026.7,108.3,0.7669,0.2665,0,1.2,0.5081,0.6563,18.6426,0
VH-02047,2022-07-30,7,Medium,3653.9,80.8,0.7176,0.2089,0,1.0,0.5238,0.9332,48.5238,1
VH-02048,2022-09-28,9,Medium,5345.3,106.2,0.9252,0.2411,0,3.5,0.6548,0.7949,25.2022,1
VH-02049,2022-01-31,1,Light,5246.4,116.7,0.8053,0.245,1,5.9,0.5875,0.5856,8.5599,1
VH-02050,2022-10-28,10,Medium,3980.6,109.2,0.7114,0.4639,0,1.1,0.1902,0.6185,43.0868,0
VH-02051,2022-03-02,2,Heavy,2018.9,38.9,0.805,0.2579,2,5.4,0.7068,0.5669,15.4764,1
VH-02052,2022-06-30,6,Light,5184.6,88.0,0.1878,0.2742,0,6.1,0.6576,0.5149,30.647,0
VH-02053,2023-11-22,23,Medium,3349.0,69.0,0.9086,0.321,1,11.0,0.585,0.8911,33.4725,0
VH-02054,2023-04-26,16,Heavy,4821.5,103.0,0.5739,0.4024,1,1.5,0.7176,0.5425,44.0656,1
VH-02055,2022-12-27,12,Medium,4726.7,77.7,0.9096,0.2048,0,8.3,0.574,0.938,55.2921,0
VH-02056,2023-01-26,13,Medium,1666.6,40.5,0.9306,0.3066,1,15.8,0.5479,0.7426,43.3745,0
VH-02057,2022-08-29,8,Heavy,4621.6,110.3,0.7544,0.3176,1,7.0,0.5736,0.9509,20.0873,0
VH-02058,2022-07-30,7,Medium,5271.8,145.0,0.7453,0.4343,3,6.3,0.8686,0.4515,30.5294,1
VH-02059,2023-03-27,15,Light,5455.7,101.3,0.6135,0.6141,0,3.9,0.7643,0.54,26.2175,0
VH-02060,2022-10-28,10,Light,4676.0,114.9,0.7082,0.1104,1,6.0,0.6982,0.8033,63.7684,0
VH-02061,2022-11-27,11,Heavy,1534.2,48.6,0.5738,0.2713,0,1.5,0.3711,0.6319,39.2068,0
VH-02062,2023-03-27,15,Medium,6415.6,150.4,0.6991,0.503,1,13.4,0.3123,0.8878,58.7051,0
VH-02063,2023-11-22,23,Medium,5116.5,98.6,0.76,0.3587,2,6.9,0.6732,0.5972,23.37,1
VH-02064,2022-11-27,11,Light,2695.0,43.9,0.8122,0.4083,0,3.4,0.2934,0.7228,70.7334,0
VH-02065,2022-06-30,6,Medium,3318.4,75.2,0.5463,0.4986,1,10.8,0.5142,0.5346,38.6875,0
VH-02066,2023-07-25,19,Heavy,4846.8,109.1,0.5256,0.2399,1,1.8,0.2041,0.7255,44.4675,0
VH-02067,2023-03-27,15,Medium,5519.7,114.3,0.5,0.5578,1,3.2,0.6761,0.8729,16.7866,1
VH-02068,2023-05-26,17,Heavy,3768.1,103.1,0.8524,0.1754,1,3.0,0.6898,0.7081,51.4838,0
VH-02069,2023-07-25,19,Medium,5738.3,121.5,0.8918,0.2993,1,1.8,0.5836,0.4505,21.4229,1
VH-02070,2023-01-26,13,Medium,1810.8,20.0,0.7175,0.2094,2,2.6,0.2966,0.6433,18.0569,1
VH-02071,2022-07-30,7,Heavy,2936.3,61.9,0.8533,0.3763,1,4.4,0.3131,0.9068,24.8649,0
VH-02072,2022-05-31,5,Medium,1403.5,38.4,0.8846,0.8414,2,2.1,0.2884,0.849,20.7229,0
VH-02073,2023-06-25,18,Medium,3153.9,75.2,0.743,0.3195,1,3.3,0.4546,0.8161,44.2152,0
VH-02074,2023-10-23,22,Heavy,6762.1,155.3,0.8286,0.2805,0,7.7,0.6985,0.5277,16.2248,1
VH-02075,2023-08-24,20,Medium,7586.7,191.0,0.9348,0.5948,1,1.7,0.8926,0.6988,17.962,1
VH-02076,2023-05-26,17,Medium,4851.9,91.1,0.8571,0.6703,2,8.3,0.7221,0.4838,21.6329,1
VH-02077,2023-06-25,18,Heavy,3542.4,72.4,0.5753,0.6253,1,2.2,0.4331,0.6876,28.8841,0
VH-02078,2023-10-23,22,Light,4167.5,115.8,0.5325,0.4613,1,3.0,0.5114,0.871,45.1144,0
VH-02079,2022-10-28,10,Medium,5210.0,86.3,0.9031,0.3795,1,4.0,0.5411,0.6633,7.4856,1
VH-02080,2023-01-26,13,Light,2155.5,47.1,0.9052,0.619,1,5.8,0.5999,0.7049,25.3882,0
VH-02081,2022-07-30,7,Medium,3641.3,99.4,0.3248,0.2125,1,15.1,0.4113,0.4339,42.5302,0
VH-02082,2022-11-27,11,Light,6652.3,166.0,0.7539,0.8874,2,4.7,0.803,0.6335,15.0076,1
VH-02083,2023-01-26,13,Medium,2931.4,75.0,0.8679,0.2055,0,2.3,0.6278,0.5526,27.4059,0
VH-02084,2022-05-01,4,Light,3376.5,85.3,0.6362,0.6557,0,22.8,0.6611,0.6149,40.5362,0
VH-02085,2023-04-26,16,Medium,4519.8,84.8,0.9284,0.4803,2,4.4,0.8501,0.7704,19.7174,1
VH-02086,2022-12-27,12,Medium,4924.7,130.0,0.8028,0.2595,0,11.4,0.6278,0.6879,7.3821,1
VH-02087,2023-09-23,21,Medium,3562.5,61.2,0.9164,0.4431,0,8.8,0.3086,0.694,50.6725,0
VH-02088,2023-05-26,17,Medium,4615.4,85.5,0.8687,0.6749,1,2.5,0.6661,0.5564,31.0509,1
VH-02089,2022-05-31,5,Heavy,5411.9,126.1,0.7453,0.4582,1,5.4,0.7266,0.6313,8.2772,1
VH-02090,2022-04-01,3,Medium,7442.2,158.0,0.9305,0.273,1,12.6,0.6721,0.6094,10.5823,1
VH-02091,2022-05-01,4,Medium,4310.6,98.9,0.2537,0.0536,0,9.0,0.3934,0.5219,36.027,0
VH-02092,2023-05-26,17,Heavy,4438.1,105.1,0.8807,0.596,0,2.8,0.3133,0.6771,42.1754,0
VH-02093,2022-10-28,10,Medium,6791.2,177.6,0.823,0.3971,3,18.4,0.4579,0.4674,15.7593,1
VH-02094,2023-05-26,17,Light,3676.3,88.2,0.8938,0.0772,0,5.2,0.3814,0.7829,51.8544,0
VH-02095,2022-05-31,5,Heavy,2513.5,46.6,0.8015,0.4149,0,3.0,0.7141,0.5134,45.8266,0
VH-02096,2022-10-28,10,Medium,4875.4,118.5,0.8189,0.216,1,21.4,0.3947,0.7208,53.3353,0
VH-02097,2023-08-24,20,Light,6114.3,123.4,0.5615,0.1282,1,17.1,0.1827,0.5176,46.7636,0
VH-02098,2022-03-02,2,Medium,5041.6,125.7,0.7128,0.5898,0,7.1,0.7166,0.8968,37.2228,0
VH-02099,2022-05-01,4,Light,4354.5,97.7,0.6887,0.1822,2,9.6,0.5048,0.7347,33.0222,0
VH-02100,2022-05-01,4,Light,2327.4,57.7,0.4291,0.4222,0,10.4,0.4634,0.6436,42.0208,0
VH-02101,2022-09-28,9,Heavy,4412.4,71.3,0.9224,0.4311,1,4.4,0.8828,0.8718,25.0736,1
VH-02102,2022-11-27,11,Light,6349.7,107.3,0.9081,0.2867,2,8.7,0.544,0.2729,17.3346,1
VH-02103,2022-06-30,6,Heavy,2648.8,36.3,0.7648,0.0639,0,1.2,0.9698,0.9789,50.3481,0
VH-02104,2023-09-23,21,Heavy,4132.9,118.0,0.4091,0.1732,1,4.2,0.3643,0.7924,19.5843,0
VH-02105,2023-10-23,22,Medium,3918.8,69.9,0.665,0.3923,0,9.5,0.7501,0.6057,53.7102,1
VH-02106,2023-08-24,20,Heavy,3453.4,87.7,0.734,0.6534,1,4.9,0.6595,0.4396,6.8015,1
VH-02107,2023-10-23,22,Heavy,4871.9,98.6,0.4305,0.2145,0,1.1,0.2015,0.8695,23.097,0
VH-02108,2023-11-22,23,Heavy,5165.0,111.2,0.6923,0.3544,3,1.0,0.189,0.7153,64.3475,0
VH-02109,2022-10-28,10,Medium,5149.2,113.8,0.7214,0.7563,1,7.9,0.4265,0.8204,41.2597,0
VH-02110,2022-04-01,3,Light,3034.8,92.1,0.9559,0.2027,1,8.4,0.4289,0.5666,69.5623,1
VH-02111,2022-05-31,5,Medium,2031.0,53.9,0.8893,0.0965,0,9.6,0.8076,0.6404,11.5879,1
VH-02112,2023-05-26,17,Medium,4893.6,114.5,0.3262,0.3332,2,7.8,0.2258,0.7919,68.4698,0
VH-02113,2022-09-28,9,Light,3741.1,102.6,0.99,0.5749,1,19.0,0.5138,0.7009,36.093,1
VH-02114,2023-11-22,23,Medium,7257.5,151.8,0.8324,0.269,1,8.6,0.6113,0.6565,8.6161,1
VH-02115,2023-03-27,15,Light,7326.8,178.8,0.6428,0.238,2,5.8,0.7295,0.5968,15.736,1
VH-02116,2023-04-26,16,Heavy,7486.0,179.9,0.8095,0.1596,1,3.1,0.5664,0.8901,36.7302,0
VH-02117,2022-05-31,5,Medium,3089.8,82.0,0.6155,0.3318,2,8.9,0.5153,0.7785,64.0667,0
VH-02118,2023-01-26,13,Light,5354.1,116.7,0.3695,0.7328,2,1.9,0.3532,0.6574,41.0179,0
VH-02119,2022-11-27,11,Light,5806.4,122.5,0.4855,0.3732,2,10.0,0.1441,0.5204,33.8596,0
VH-02120,2022-11-27,11,Light,5637.5,112.2,0.5331,0.5699,1,4.5,0.725,0.7486,36.1802,0
VH-02121,2023-01-26,13,Medium,3968.4,76.1,0.8219,0.0946,0,3.7,0.8607,0.6709,23.7794,1
VH-02122,2022-12-27,12,Light,6418.7,128.9,0.4041,0.3883,1,1.0,0.4591,0.6641,47.5741,0
VH-02123,2022-10-28,10,Medium,4500.7,105.5,0.8207,0.5122,0,3.2,0.6003,0.7562,23.5725,1
VH-02124,2022-06-30,6,Light,4692.2,100.8,0.8633,0.3688,1,13.2,0.7627,0.5824,10.0695,1
VH-02125,2022-10-28,10,Medium,2193.2,55.2,0.7822,0.1612,2,1.7,0.6728,0.447,50.0946,0
VH-02126,2023-09-23,21,Medium,5467.1,128.8,0.6798,0.5557,2,2.2,0.8369,0.8642,22.7159,0
VH-02127,2022-04-01,3,Medium,4109.4,75.4,0.6073,0.3975,2,2.2,0.4998,0.7999,52.5801,0
VH-02128,2023-11-22,23,Medium,5197.2,99.1,0.6884,0.5697,0,2.4,0.6175,0.584,26.7089,1
VH-02129,2023-03-27,15,Light,4852.7,104.4,0.8662,0.1595,0,6.8,0.8742,0.6515,56.5495,1
VH-02130,2022-11-27,11,Light,4771.4,94.4,0.819,0.4555,0,4.9,0.7727,0.8182,46.4285,0
VH-02131,2023-08-24,20,Light,4431.4,85.3,0.8624,0.444,1,9.2,0.5421,0.9868,54.1816,0
VH-02132,2023-11-22,23,Heavy,5679.9,151.7,0.9853,0.5243,2,3.2,0.6942,0.4026,15.2788,1
VH-02133,2023-07-25,19,Heavy,4201.7,70.4,0.6798,0.1546,0,3.3,0.6765,0.77,40.6989,1
VH-02134,2022-05-01,4,Heavy,2317.2,81.8,0.5509,0.1184,0,22.9,0.2854,0.8087,63.0529,1
VH-02135,2022-07-30,7,Medium,5353.4,123.3,0.8877,0.1601,2,5.5,0.5308,0.9093,62.4214,0
VH-02136,2023-11-22,23,Medium,3286.5,87.8,0.6939,0.4661,1,13.9,0.2934,0.775,39.3302,0
VH-02137,2022-05-01,4,Medium,2513.6,68.9,0.5566,0.042,2,0.9,0.3523,0.3747,40.7591,0
VH-02138,2023-03-27,15,Heavy,2966.6,75.2,0.7269,0.3291,1,5.0,0.3243,0.8791,34.5237,1
VH-02139,2023-01-26,13,Heavy,4925.0,134.4,0.7853,0.6206,0,3.7,0.4181,0.7826,54.9623,0
VH-02140,2022-10-28,10,Heavy,4355.2,80.5,0.8295,0.3551,0,1.9,0.414,0.775,23.7649,0
VH-02141,2023-02-25,14,Heavy,1301.0,26.6,0.409,0.2044,0,9.0,0.2935,0.547,61.2425,0
VH-02142,2023-06-25,18,Medium,3924.5,74.4,0.7647,0.2972,1,2.8,0.5357,0.9652,31.9376,0
VH-02143,2023-01-26,13,Heavy,6253.8,113.5,0.8753,0.2321,1,11.0,0.4784,0.7192,36.2143,1
VH-02144,2023-06-25,18,Heavy,3823.1,75.0,0.6106,0.2057,1,3.7,0.5312,0.9287,38.2449,0
VH-02145,2023-01-26,13,Medium,4251.8,122.6,0.7484,0.5844,0,6.4,0.2264,0.5429,43.0735,1
VH-02146,2022-06-30,6,Heavy,6064.5,132.2,0.8181,0.4828,1,4.0,0.5093,0.804,59.5813,0
VH-02147,2022-05-31,5,Light,5693.2,156.3,0.6511,0.5637,1,6.3,0.62,0.9439,23.0699,0
VH-02148,2022-06-30,6,Heavy,6032.6,165.3,0.6031,0.2767,0,7.8,0.224,0.6699,25.0519,0
VH-02149,2022-04-01,3,Heavy,800.0,62.7,0.6602,0.0616,0,15.9,0.7432,0.8229,67.1645,0
VH-02150,2022-05-01,4,Light,7100.3,186.4,0.6445,0.3958,1,8.3,0.0683,0.8537,31.0972,0
VH-02151,2023-06-25,18,Medium,5454.6,156.6,0.5653,0.5414,4,2.5,0.3914,0.6297,41.869,1
VH-02152,2022-01-31,1,Light,8192.2,186.9,0.927,0.4427,0,6.9,0.7759,0.9345,28.631,0
VH-02153,2022-12-27,12,Heavy,3326.5,77.3,0.87,0.1615,0,5.8,0.4373,0.9502,61.4372,0
VH-02154,2023-11-22,23,Heavy,1854.8,45.6,0.8103,0.1944,2,4.0,0.6493,0.6155,32.4149,0
VH-02155,2023-03-27,15,Medium,4510.8,100.2,0.7707,0.3846,0,3.0,0.4711,0.5138,41.5012,1
VH-02156,2023-06-25,18,Heavy,4086.9,93.1,0.5246,0.505,2,7.9,0.5762,0.8295,33.5677,1
VH-02157,2023-04-26,16,Light,5480.5,133.1,0.6256,0.1823,1,1.4,0.7249,0.7443,63.7451,0
VH-02158,2022-08-29,8,Medium,6112.4,128.8,0.3258,0.2264,0,2.2,0.7571,0.5563,35.1061,0
VH-02159,2022-05-31,5,Medium,4369.1,76.4,0.5975,0.6393,0,13.1,0.3905,0.5896,18.3242,0
VH-02160,2023-07-25,19,Light,4138.9,97.4,0.573,0.4054,0,8.8,0.7906,0.7037,32.3423,0
VH-02161,2022-09-28,9,Medium,5284.1,107.0,0.8446,0.3413,1,3.4,0.5524,0.7381,26.2591,0
VH-02162,2022-06-30,6,Medium,4115.5,82.6,0.6696,0.3128,0,4.8,0.2249,0.5269,45.3621,0
VH-02163,2022-05-01,4,Medium,3990.0,86.5,0.8287,0.8072,2,4.1,0.7743,0.6561,21.5844,1
VH-02164,2022-10-28,10,Medium,6055.7,129.0,0.5873,0.7906,0,7.7,0.3588,0.5996,24.8577,0
VH-02165,2022-10-28,10,Heavy,6389.7,158.6,0.7541,0.5319,0,10.8,0.3741,0.7078,35.6166,1
VH-02166,2023-02-25,14,Medium,6125.9,133.6,0.6139,0.7446,1,1.1,0.4397,0.8207,59.8819,1
VH-02167,2022-10-28,10,Heavy,4247.7,111.8,0.7069,0.4272,1,4.2,0.4978,0.556,49.2263,1
VH-02168,2022-01-01,0,Medium,1290.3,31.8,0.7803,0.3567,0,6.7,0.744,0.8175,50.0389,0
VH-02169,2022-09-28,9,Medium,4277.7,93.7,0.9543,0.5439,1,8.3,0.4793,0.6281,23.8843,1
VH-02170,2023-06-25,18,Medium,3363.0,77.1,0.8714,0.4993,3,7.0,0.3475,0.4274,46.3939,1
VH-02171,2023-04-26,16,Medium,4305.4,76.3,0.9075,0.5302,1,1.1,0.6792,0.5334,13.1346,1
VH-02172,2023-05-26,17,Medium,3493.4,82.7,0.745,0.8195,3,2.6,0.5238,0.5422,26.1393,1
VH-02173,2023-10-23,22,Medium,4468.9,112.0,0.8429,0.2288,0,3.6,0.7575,0.8591,37.9002,0
VH-02174,2022-10-28,10,Light,2941.1,80.2,0.587,0.8865,0,9.4,0.4218,0.6302,45.0427,0
VH-02175,2023-01-26,13,Medium,2578.9,37.0,0.865,0.3763,2,4.6,0.8235,0.6955,18.8011,0
VH-02176,2022-05-31,5,Medium,6334.0,118.0,0.7535,0.1533,0,5.2,0.5128,0.9455,18.6074,0
VH-02177,2022-08-29,8,Medium,3045.5,59.6,0.8243,0.1695,0,10.3,0.6966,0.8428,63.7276,0
VH-02178,2023-02-25,14,Heavy,4500.5,120.8,0.7212,0.2635,0,6.5,0.4376,0.7618,64.6364,0
VH-02179,2022-11-27,11,Medium,5931.8,135.1,0.7613,0.2789,0,2.4,0.3959,0.9729,52.7783,0
VH-02180,2023-08-24,20,Heavy,5871.5,118.9,0.6392,0.2875,2,8.2,0.6853,0.9187,28.0492,0
VH-02181,2023-04-26,16,Heavy,5692.3,104.7,0.6497,0.4902,1,17.3,0.5361,0.7904,34.2586,0
VH-02182,2023-11-22,23,Heavy,4954.3,99.8,0.5922,0.4037,2,2.2,0.6924,0.6311,60.7434,0
VH-02183,2022-11-27,11,Heavy,5586.0,112.9,0.7523,0.4933,0,12.8,0.6806,0.3816,0.7743,1
VH-02184,2022-01-01,0,Light,6559.6,159.8,0.7236,0.5555,0,3.8,0.8067,0.4361,7.5764,1
VH-02185,2022-03-02,2,Medium,5137.5,129.4,0.8832,0.6797,3,4.3,0.3808,0.732,27.9492,1
VH-02186,2022-07-30,7,Light,1744.2,23.0,0.4076,0.408,1,4.2,0.7482,0.6098,36.5529,0
VH-02187,2022-01-01,0,Heavy,3707.2,93.7,0.9191,0.6802,0,8.4,0.7077,0.4884,26.6461,1
VH-02188,2022-08-29,8,Medium,5544.6,133.0,0.32,0.3605,2,5.6,0.8782,0.5003,20.3657,0
VH-02189,2023-08-24,20,Medium,3559.4,61.4,0.4026,0.4745,0,2.3,0.6689,0.6938,45.1222,0
VH-02190,2023-08-24,20,Heavy,6930.2,152.7,0.3428,0.7398,0,20.4,0.7349,0.6069,21.3629,1
VH-02191,2023-11-22,23,Light,4405.2,103.0,0.8068,0.4096,0,7.0,0.512,0.6993,35.6684,0
VH-02192,2023-05-26,17,Medium,4627.9,105.3,0.2224,0.366,0,5.4,0.6917,0.7988,30.1344,1
VH-02193,2022-06-30,6,Heavy,6187.1,111.8,0.6142,0.6266,0,7.5,0.4908,0.6409,23.8254,0
VH-02194,2023-09-23,21,Light,4225.7,95.9,0.7961,0.5095,0,1.7,0.3025,0.9867,19.1858,0
VH-02195,2023-01-26,13,Medium,4764.4,115.4,0.8689,0.5197,1,6.7,0.7052,0.7727,37.0387,0
VH-02196,2023-08-24,20,Heavy,5848.7,153.7,0.4897,0.584,0,5.2,0.2099,0.8657,20.0248,0
VH-02197,2023-08-24,20,Light,2291.6,40.9,0.952,0.479,0,1.8,0.7732,0.7646,44.7108,1
VH-02198,2023-01-26,13,Medium,4072.1,82.3,0.6228,0.3828,1,2.3,0.5348,0.7702,58.8253,0
VH-02199,2022-08-29,8,Medium,5743.7,124.5,0.4047,0.1087,0,4.9,0.4784,0.787,26.0768,0
VH-02200,2023-06-25,18,Medium,4598.4,106.6,0.7779,0.25,0,5.9,0.4065,0.7999,55.7116,0
VH-02201,2022-12-27,12,Light,6701.0,150.4,0.8408,0.3278,0,8.4,0.4937,0.6987,2.1826,1
VH-02202,2022-05-31,5,Heavy,2136.1,56.5,0.6457,0.389,0,1.1,0.1871,0.8733,24.7551,0
VH-02203,2023-01-26,13,Heavy,1965.0,26.8,0.5429,0.6109,0,4.5,0.2288,0.2766,44.7107,1
VH-02204,2022-08-29,8,Light,5654.5,131.6,0.727,0.8768,0,4.5,0.6988,0.64,10.4267,1
VH-02205,2022-01-31,1,Medium,5798.7,117.7,0.9124,0.636,0,3.5,0.5668,0.5899,27.1772,1
VH-02206,2022-03-02,2,Medium,4210.1,91.4,0.7246,0.5321,1,3.2,0.6805,0.4925,29.7464,1
VH-02207,2023-07-25,19,Heavy,5100.6,139.0,0.7603,0.4596,0,10.1,0.4331,0.9357,42.2594,1
VH-02208,2023-04-26,16,Medium,5617.8,103.9,0.8525,0.5125,0,2.0,0.8026,0.8809,52.8513,1
VH-02209,2023-03-27,15,Light,3279.2,68.7,0.7907,0.1374,1,4.7,0.2655,0.3333,60.9586,0
VH-02210,2023-01-26,13,Light,3439.7,57.3,0.699,0.6302,1,12.9,0.556,0.7121,63.0483,0
VH-02211,2022-05-01,4,Heavy,4784.6,108.6,0.7767,0.6604,1,2.5,0.3664,0.7361,67.0071,1
VH-02212,2023-10-23,22,Medium,5856.1,145.9,0.6793,0.189,0,5.9,0.7267,0.7469,20.1303,1
VH-02213,2022-12-27,12,Heavy,2751.1,63.7,0.8555,0.5675,0,7.3,0.549,0.9267,45.566,0
VH-02214,2022-11-27,11,Medium,4203.1,91.7,0.7751,0.2099,0,8.0,0.5445,0.4521,34.6571,1
VH-02215,2023-10-23,22,Heavy,4133.6,111.8,0.5687,0.3243,0,2.5,0.3951,0.9237,28.9816,0
VH-02216,2023-02-25,14,Light,5126.9,118.9,0.7229,0.5699,1,1.8,0.6135,0.55,26.0989,1
VH-02217,2023-09-23,21,Light,4487.0,112.0,0.9,0.401,0,9.6,0.443,0.6281,27.8284,0
VH-02218,2023-01-26,13,Heavy,3681.2,92.5,0.5893,0.3815,0,4.5,0.496,0.6357,36.836,1
VH-02219,2022-06-30,6,Heavy,6372.8,98.5,0.9205,0.4755,1,9.2,0.7073,0.8967,26.9358,1
VH-02220,2022-04-01,3,Medium,3691.1,80.9,0.7241,0.7005,1,18.8,0.6069,0.7443,13.8232,1
VH-02221,2023-10-23,22,Medium,4061.9,74.1,0.794,0.3489,0,3.4,0.246,0.6693,22.2029,0
VH-02222,2022-03-02,2,Medium,2112.8,34.5,0.79,0.3967,1,12.4,0.391,0.6116,67.5384,0
VH-02223,2023-03-27,15,Medium,3429.6,98.3,0.8775,0.8393,0,4.2,0.5611,0.7164,23.603,0
VH-02224,2023-02-25,14,Light,5274.1,111.6,0.7913,0.4747,0,1.8,0.806,0.8313,18.0082,0
VH-02225,2023-04-26,16,Heavy,4980.9,139.1,0.8413,0.3635,1,3.5,0.3735,0.9134,45.0598,0
VH-02226,2022-04-01,3,Medium,5399.3,98.9,0.6768,0.0976,1,12.1,0.7955,0.8206,42.56,0
VH-02227,2023-05-26,17,Heavy,5326.5,102.1,0.7291,0.777,2,11.6,0.6608,0.8207,38.2183,1
VH-02228,2022-05-31,5,Light,7631.6,181.0,0.6273,0.7868,1,5.9,0.5886,0.3264,9.1463,1
VH-02229,2023-07-25,19,Light,3378.2,70.0,0.8075,0.4356,0,7.1,0.114,0.7652,54.2653,0
VH-02230,2022-01-31,1,Medium,2070.9,50.6,0.8776,0.464,1,4.4,0.6276,0.5638,38.4584,1
VH-02231,2023-02-25,14,Medium,2924.2,63.3,0.6143,0.7686,0,15.7,0.5315,0.8991,37.4265,1
VH-02232,2023-05-26,17,Medium,3444.5,74.4,0.4113,0.2049,1,4.6,0.5597,0.6444,54.7527,0
VH-02233,2022-04-01,3,Light,3038.5,63.0,0.7528,0.2782,0,8.8,0.737,0.7729,47.3579,0
VH-02234,2023-02-25,14,Heavy,4640.5,105.8,0.8892,0.459,1,3.2,0.4788,0.694,31.3892,1
VH-02235,2022-08-29,8,Heavy,6379.0,151.4,0.9495,0.5715,0,5.4,0.6251,0.9499,17.6925,1
VH-02236,2023-10-23,22,Heavy,6809.5,175.5,0.639,0.9855,3,0.4,0.6565,0.7062,8.5652,1
VH-02237,2022-12-27,12,Light,5256.5,113.8,0.8616,0.1333,1,4.2,0.3381,0.5605,50.9367,0
VH-02238,2022-11-27,11,Medium,7711.9,165.5,0.7088,0.2594,2,6.7,0.448,0.4932,11.3167,1
VH-02239,2022-03-02,2,Medium,3965.4,80.3,0.7619,0.6342,0,7.8,0.7678,0.7693,11.9882,1
VH-02240,2022-05-01,4,Medium,2051.2,67.6,0.4964,0.5628,0,8.8,0.6954,0.5414,17.1478,1
VH-02241,2023-04-26,16,Medium,6079.8,145.5,0.6173,0.2761,1,6.3,0.5719,0.5874,23.2288,0
VH-02242,2022-03-02,2,Light,1742.1,20.0,0.593,0.3208,1,6.9,0.4004,0.7571,64.2571,0
VH-02243,2022-11-27,11,Medium,3367.5,45.7,0.6003,0.4783,0,5.6,0.6325,0.4707,39.7703,1
VH-02244,2023-07-25,19,Medium,5280.2,104.9,0.3858,0.2883,2,10.3,0.6508,0.9313,43.3132,0
VH-02245,2022-10-28,10,Medium,4346.4,100.0,0.8161,0.5181,1,6.3,0.4452,0.6592,34.232,1
VH-02246,2023-01-26,13,Light,4213.6,93.1,0.8301,0.4991,0,9.5,0.3719,0.2354,12.116,1
VH-02247,2023-10-23,22,Medium,2728.8,68.4,0.8977,0.6294,0,2.1,0.7705,0.7292,31.5657,1
VH-02248,2023-01-26,13,Medium,4483.8,97.0,0.8473,0.5039,0,7.1,0.8337,0.4747,28.1279,1
VH-02249,2022-01-01,0,Medium,6005.5,154.4,0.5654,0.4879,0,4.6,0.2868,0.939,46.1889,0
VH-02250,2023-04-26,16,Medium,4530.0,112.2,0.7549,0.843,2,0.9,0.4788,0.5817,19.6241,1
VH-02251,2022-04-01,3,Medium,3254.7,73.5,0.6014,0.2234,0,1.3,0.1124,0.5572,53.0569,1
VH-02252,2022-06-30,6,Heavy,2628.7,75.6,0.9112,0.2696,0,1.7,0.5368,0.6527,21.7947,1
VH-02253,2023-06-25,18,Medium,3285.6,48.3,0.9198,0.7882,1,4.6,0.4526,0.7824,28.8103,1
VH-02254,2023-11-22,23,Medium,5088.5,111.8,0.5,0.4388,1,3.4,0.6764,0.5115,29.6331,1
VH-02255,2023-08-24,20,Heavy,5015.4,113.5,0.5041,0.1005,1,8.5,0.4776,0.7699,31.774,0
VH-02256,2022-04-01,3,Medium,3299.2,82.3,0.6853,0.326,1,10.1,0.2975,0.7783,68.1162,0
VH-02257,2022-05-01,4,Heavy,1183.9,20.0,0.9183,0.5584,2,5.9,0.5094,0.6705,25.4408,0
VH-02258,2023-01-26,13,Heavy,5130.0,110.1,0.8114,0.6271,1,12.0,0.5393,0.6412,13.3647,1
VH-02259,2022-12-27,12,Light,3153.4,76.1,0.8822,0.5164,3,3.5,0.3799,0.5506,18.7762,1
VH-02260,2022-05-01,4,Medium,5533.6,130.1,0.6958,0.6228,1,6.6,0.8598,0.6083,33.9603,1
VH-02261,2022-05-01,4,Medium,3365.8,92.6,0.6105,0.1278,2,3.2,0.8347,0.9629,34.5841,0
VH-02262,2022-11-27,11,Heavy,3018.1,78.5,0.8282,0.5287,0,7.1,0.5961,0.6667,38.2027,1
VH-02263,2022-01-31,1,Medium,4729.8,104.2,0.6777,0.2596,0,8.8,0.449,0.949,63.6271,0
VH-02264,2023-11-22,23,Light,8036.5,188.7,0.4152,0.4618,0,9.8,0.3832,0.5961,46.409,1
VH-02265,2022-06-30,6,Medium,5623.5,121.9,0.8231,0.0975,1,5.4,0.2641,0.5506,32.7688,0
VH-02266,2023-05-26,17,Light,4704.3,106.7,0.4884,0.3051,2,2.9,0.5688,0.7813,33.8394,0
VH-02267,2023-02-25,14,Heavy,5038.3,123.9,0.7946,0.3983,0,5.0,0.545,0.9717,19.1918,0
VH-02268,2022-03-02,2,Medium,1873.3,40.9,0.3886,0.0899,1,6.4,0.4684,0.4666,25.9339,0
VH-02269,2023-11-22,23,Heavy,2816.5,68.0,0.8171,0.167,0,3.4,0.313,0.8699,61.7152,0
VH-02270,2022-01-31,1,Heavy,800.0,32.2,0.9152,0.5275,0,9.6,0.4777,0.9303,29.1317,0
VH-02271,2023-04-26,16,Medium,7094.8,168.3,0.6664,0.4888,0,2.5,0.5929,0.7754,18.9034,0
VH-02272,2022-03-02,2,Medium,6791.1,169.4,0.6173,0.5575,3,9.6,0.8672,0.8462,32.1136,1
VH-02273,2022-07-30,7,Heavy,5089.2,148.0,0.7438,0.5672,0,3.8,0.469,0.6948,36.5018,1
VH-02274,2022-12-27,12,Heavy,4702.7,115.0,0.6542,0.5407,0,2.2,0.5536,0.448,44.6904,1
VH-02275,2022-07-30,7,Heavy,2172.6,41.4,0.784,0.379,2,1.6,0.5584,0.79,67.449,0
VH-02276,2023-03-27,15,Light,4171.1,100.4,0.9487,0.6367,0,6.7,0.5373,0.8482,28.3442,0
VH-02277,2022-03-02,2,Medium,7188.6,166.8,0.7092,0.301,0,2.5,0.7485,0.7582,28.697,1
VH-02278,2023-01-26,13,Light,4697.1,113.6,0.3946,0.2109,0,5.0,0.2154,0.3434,32.985,0
VH-02279,2022-08-29,8,Heavy,3653.0,103.6,0.7497,0.2811,0,3.7,0.8808,0.8429,45.7215,1
VH-02280,2022-09-28,9,Medium,1862.9,20.0,0.4971,0.3493,1,4.5,0.2211,0.532,46.3284,0
VH-02281,2022-06-30,6,Medium,6570.5,168.7,0.5691,0.415,3,1.9,0.4254,0.7165,60.3869,0
VH-02282,2023-04-26,16,Light,4394.9,125.4,0.6286,0.4965,0,14.9,0.4662,0.9603,27.2901,0
VH-02283,2023-06-25,18,Medium,1864.9,50.0,0.9244,0.649,1,6.5,0.46,0.7817,47.6275,1
VH-02284,2023-11-22,23,Heavy,3113.6,78.1,0.7516,0.3947,0,3.3,0.9177,0.8206,20.2396,0
VH-02285,2022-09-28,9,Light,2583.7,53.8,0.7763,0.6299,0,2.8,0.669,0.6385,39.3171,1
VH-02286,2023-06-25,18,Light,4302.4,95.7,0.8472,0.3784,0,8.3,0.6418,0.4798,54.993,0
VH-02287,2022-09-28,9,Heavy,4811.0,117.4,0.6416,0.1007,0,8.8,0.7142,0.5314,37.9628,1
VH-02288,2023-03-27,15,Heavy,3745.2,92.7,0.6683,0.4448,0,1.9,0.2503,0.9459,28.5581,0
VH-02289,2023-08-24,20,Light,5665.6,136.7,0.4695,0.3976,1,2.5,0.5112,0.7601,40.0675,0
VH-02290,2023-09-23,21,Medium,4618.2,112.0,0.7673,0.5718,2,16.8,0.4119,0.548,39.9378,0
VH-02291,2022-09-28,9,Heavy,6093.5,148.9,0.8245,0.6886,2,3.2,0.3118,0.9557,37.6345,1
VH-02292,2022-05-01,4,Heavy,3964.2,99.9,0.4596,0.5973,0,4.6,0.649,0.696,22.0805,0
VH-02293,2023-01-26,13,Medium,9000.0,184.6,0.8049,0.1854,1,3.5,0.443,0.6291,60.0692,0
VH-02294,2022-05-31,5,Medium,3653.3,93.7,0.6359,0.4463,1,5.4,0.5998,0.2522,24.8022,0
VH-02295,2023-03-27,15,Medium,3145.0,97.8,0.4848,0.6608,0,1.8,0.4131,0.6536,68.8866,0
VH-02296,2023-09-23,21,Light,2960.5,65.4,0.7156,0.4607,1,11.4,0.545,0.7787,58.1377,0
VH-02297,2023-11-22,23,Heavy,4183.6,115.5,0.735,0.5201,3,4.5,0.9482,0.9073,6.3486,1
VH-02298,2023-06-25,18,Light,1920.7,28.9,0.7214,0.7333,0,1.3,0.4322,0.8782,24.6295,0
VH-02299,2023-11-22,23,Light,4941.8,109.4,0.9311,0.5432,0,4.8,0.3769,0.3945,3.6109,1
VH-02300,2022-12-27,12,Heavy,1642.0,26.9,0.5091,0.527,1,8.3,0.3157,0.4038,23.5318,1
VH-02301,2022-06-30,6,Heavy,4742.5,126.1,0.4581,0.4138,0,2.4,0.6488,0.8142,51.6199,0
VH-02302,2023-08-24,20,Heavy,2473.1,79.6,0.5465,0.4643,0,7.5,0.6271,0.7417,62.1291,0
VH-02303,2023-09-23,21,Medium,3928.1,85.8,0.8839,0.4678,0,10.8,0.7952,0.8226,24.7675,1
VH-02304,2022-12-27,12,Medium,5406.8,137.7,0.9456,0.5107,0,2.3,0.47,0.8334,30.3465,1
VH-02305,2023-11-22,23,Medium,7956.1,201.6,0.3813,0.3767,0,3.0,0.1948,0.7864,44.5592,0
VH-02306,2023-07-25,19,Medium,2883.0,63.6,0.856,0.3105,0,3.6,0.5079,0.8101,24.0976,0
VH-02307,2023-04-26,16,Medium,4274.5,96.9,0.6527,0.2292,2,15.1,0.3313,0.9556,24.5946,0
VH-02308,2023-06-25,18,Medium,3414.4,86.9,0.4845,0.4583,0,7.6,0.7014,0.6719,71.3126,0
VH-02309,2023-10-23,22,Medium,3195.2,58.4,0.9371,0.2234,2,3.8,0.4955,0.8287,28.8181,1
VH-02310,2023-09-23,21,Heavy,3427.5,77.8,0.8203,0.2583,1,7.7,0.8349,0.7791,40.392,1
VH-02311,2022-06-30,6,Heavy,5736.1,159.6,0.8535,0.5081,1,6.1,0.2164,0.8533,46.603,0
VH-02312,2023-04-26,16,Light,3767.9,76.2,0.8254,0.6635,2,2.1,0.6602,0.4856,24.2886,0
VH-02313,2023-01-26,13,Medium,7874.0,187.8,0.904,0.1788,2,11.2,0.8237,0.7414,31.5784,1
VH-02314,2023-06-25,18,Light,5124.0,121.7,0.5609,0.4019,0,9.4,0.4178,0.9626,44.446,0
VH-02315,2022-04-01,3,Medium,2985.0,63.9,0.7538,0.0525,0,7.0,0.6717,0.7867,46.3095,0
VH-02316,2023-11-22,23,Medium,3949.9,91.1,0.5495,0.1956,0,2.9,0.8705,0.8587,40.8029,1
VH-02317,2022-04-01,3,Light,3297.2,99.6,0.5895,0.1731,1,13.1,0.6842,0.9482,44.2184,0
VH-02318,2023-01-26,13,Heavy,5700.1,135.0,0.6949,0.5746,1,8.3,0.7806,0.9025,45.0202,1
VH-02319,2022-01-31,1,Medium,2041.8,56.0,0.585,0.2092,0,13.0,0.5795,0.6656,35.9223,1
VH-02320,2022-08-29,8,Heavy,2488.6,79.3,0.5968,0.2312,0,4.4,0.6296,0.6762,19.1098,0
VH-02321,2023-09-23,21,Light,3612.7,75.9,0.2962,0.4288,0,25.7,0.0179,0.7492,28.6703,0
VH-02322,2023-11-22,23,Light,5524.4,107.1,0.3935,0.1079,0,5.2,0.4056,0.7647,38.2192,0
VH-02323,2022-12-27,12,Medium,6349.6,167.6,0.4968,0.6044,0,5.6,0.8444,0.8178,62.2141,1
VH-02324,2022-10-28,10,Light,6570.8,148.1,0.3424,0.6392,0,18.9,0.5357,0.5637,61.0624,1
VH-02325,2022-12-27,12,Medium,5294.7,131.1,0.4724,0.435,0,19.7,0.8009,0.6969,65.6667,0
VH-02326,2023-07-25,19,Heavy,4375.7,85.8,0.777,0.7641,0,9.6,0.2989,0.9855,18.9683,0
VH-02327,2023-04-26,16,Light,5691.9,132.3,0.8837,0.0317,0,4.9,0.6197,0.5471,18.4437,1
VH-02328,2023-03-27,15,Light,2783.2,45.4,0.8683,0.5868,1,8.8,0.5414,0.672,45.328,0
VH-02329,2023-09-23,21,Medium,1733.0,39.5,0.7157,0.3499,0,4.5,0.3073,0.6418,36.8249,0
VH-02330,2023-10-23,22,Medium,5155.0,104.8,0.5461,0.5084,0,2.6,0.6934,0.6402,62.5908,0
VH-02331,2022-12-27,12,Medium,2991.5,53.3,0.8192,0.2338,0,5.3,0.3845,0.8169,30.2164,0
VH-02332,2022-06-30,6,Medium,4402.0,93.3,0.6986,0.1558,1,11.1,0.3334,0.6579,62.323,0
VH-02333,2022-04-01,3,Heavy,4679.4,69.6,0.898,0.6848,0,6.3,0.1306,0.7905,31.8514,0
VH-02334,2022-01-01,0,Light,4872.2,90.9,0.5821,0.64,1,1.4,0.1737,0.806,56.8614,0
VH-02335,2023-09-23,21,Medium,5906.7,143.0,0.689,0.5267,0,7.2,0.714,0.698,19.8501,1
VH-02336,2022-09-28,9,Medium,5748.1,133.0,0.7777,0.4553,2,0.8,0.4991,0.5013,16.394,1
VH-02337,2022-12-27,12,Heavy,4792.5,90.4,0.7714,0.8026,0,8.4,0.5198,0.2591,13.7434,1
VH-02338,2022-09-28,9,Medium,3837.0,93.5,0.8792,0.7409,0,3.0,0.4909,0.7539,28.7729,0
VH-02339,2023-09-23,21,Medium,4661.6,90.4,0.7401,0.2681,0,10.5,0.3567,0.4989,36.7284,0
VH-02340,2022-05-01,4,Light,3605.7,91.0,0.7504,0.5121,1,7.0,0.8724,0.6052,11.1284,1
VH-02341,2023-09-23,21,Light,4205.4,91.7,0.5152,0.6326,0,13.7,0.3309,0.6404,46.3185,0
VH-02342,2022-10-28,10,Light,8427.3,182.4,0.861,0.2856,0,3.3,0.3788,0.8835,19.6825,1
VH-02343,2022-09-28,9,Heavy,4773.3,104.7,0.6241,0.614,0,4.6,0.393,0.7032,36.754,1
VH-02344,2022-12-27,12,Medium,5175.4,153.4,0.9323,0.4675,2,0.9,0.6205,0.8977,23.0091,1
VH-02345,2023-04-26,16,Heavy,3441.8,65.1,0.7768,0.6208,1,7.1,0.3207,0.7532,53.8388,1
VH-02346,2023-10-23,22,Light,6030.1,137.4,0.5909,0.4733,2,5.5,0.2054,0.9661,53.6677,0
VH-02347,2022-09-28,9,Heavy,5640.4,137.1,0.4048,0.256,1,0.5,0.8207,0.6921,26.7516,1
VH-02348,2023-05-26,17,Heavy,5651.0,111.1,0.7788,0.3769,0,5.9,0.5843,0.593,21.934,1
VH-02349,2022-05-01,4,Light,4822.3,83.2,0.7791,0.3443,1,2.1,0.4014,0.945,27.9423,1
VH-02350,2023-09-23,21,Light,6051.3,125.5,0.8326,0.7722,0,4.9,0.2181,0.5918,17.7633,1
VH-02351,2023-03-27,15,Light,6407.5,153.8,0.6963,0.1406,1,16.6,0.2698,0.9645,26.0762,0
VH-02352,2022-10-28,10,Heavy,4924.6,104.3,0.9626,0.1811,2,7.1,0.5001,0.5688,29.6851,1
VH-02353,2023-06-25,18,Light,4328.1,92.7,0.8749,0.3957,1,4.9,0.3635,0.7212,34.1778,1
VH-02354,2022-11-27,11,Medium,5841.9,143.5,0.9398,0.1507,1,2.1,0.5862,0.8121,43.457,1
VH-02355,2023-01-26,13,Medium,3143.8,57.8,0.6301,0.6548,1,3.9,0.6103,0.7203,54.8078,0
VH-02356,2023-09-23,21,Heavy,3423.1,74.7,0.8082,0.3433,0,5.5,0.5558,0.7665,21.5485,1
VH-02357,2023-08-24,20,Medium,4420.0,75.5,0.7155,0.4414,0,4.1,0.3587,0.9556,67.3223,0
VH-02358,2023-05-26,17,Medium,1888.0,46.8,0.5575,0.2025,1,3.4,0.5696,0.6579,31.3889,0
VH-02359,2023-06-25,18,Heavy,5741.4,131.0,0.5315,0.4717,1,11.6,0.3732,0.523,23.223,0
VH-02360,2023-06-25,18,Light,3055.6,79.8,0.5585,0.5695,0,5.0,0.388,0.8729,60.3066,0
VH-02361,2023-02-25,14,Heavy,3792.8,67.1,0.8235,0.4771,1,5.1,0.3388,0.9267,62.0174,0
VH-02362,2022-11-27,11,Light,4180.1,90.0,0.5446,0.2838,1,11.0,0.3132,0.661,56.2227,0
VH-02363,2023-07-25,19,Medium,4558.9,82.1,0.6149,0.0721,1,3.4,0.657,0.5703,53.4534,0
VH-02364,2023-08-24,20,Heavy,3984.5,84.9,0.843,0.4608,0,6.6,0.5051,0.6576,39.0636,0
VH-02365,2022-12-27,12,Medium,4398.9,120.0,0.9301,0.5011,2,6.9,0.632,0.3553,16.037,1
VH-02366,2022-07-30,7,Medium,4410.6,93.2,0.3988,0.2343,1,6.8,0.861,0.7113,19.7196,0
VH-02367,2022-05-01,4,Medium,3829.5,64.6,0.8642,0.1319,0,6.7,0.5244,0.6226,19.604,0
VH-02368,2022-11-27,11,Medium,3340.2,64.0,0.7716,0.2006,2,6.4,0.6365,0.7925,38.64,1
VH-02369,2023-07-25,19,Medium,6122.2,111.9,0.6777,0.4141,1,20.9,0.6448,0.7097,22.007,1
VH-02370,2023-01-26,13,Medium,1343.4,20.0,0.656,0.4915,1,9.3,0.3572,0.7494,66.4347,0
VH-02371,2022-08-29,8,Medium,4191.4,103.2,0.6055,0.6559,2,1.0,0.585,0.7991,26.6304,0
VH-02372,2023-09-23,21,Medium,3796.7,62.7,0.9552,0.5967,1,4.3,0.7279,0.636,39.5771,0
VH-02373,2023-08-24,20,Medium,5128.2,118.6,0.5937,0.7753,0,3.0,0.8227,0.6973,27.4702,1
VH-02374,2022-07-30,7,Medium,2318.6,51.9,0.5626,0.4958,2,5.9,0.7831,0.5981,23.8234,1
VH-02375,2022-03-02,2,Medium,3750.3,75.4,0.4559,0.4526,0,9.8,0.1265,0.6981,47.1083,0
VH-02376,2023-07-25,19,Light,4346.5,100.0,0.9287,0.1693,0,6.1,0.4577,0.6066,28.7562,1
VH-02377,2022-09-28,9,Heavy,6105.1,121.6,0.8251,0.2033,4,1.6,0.669,0.7709,18.2971,1
VH-02378,2023-10-23,22,Medium,4998.3,123.7,0.7847,0.7162,0,9.8,0.6875,0.6568,17.8092,1
VH-02379,2022-08-29,8,Light,2724.8,50.1,0.6667,0.661,2,2.4,0.5346,0.7015,61.6207,0
VH-02380,2022-12-27,12,Medium,3768.8,78.0,0.4904,0.4172,0,8.5,0.4261,0.4067,54.0176,0
VH-02381,2022-09-28,9,Heavy,5829.1,122.0,0.8021,0.433,1,1.2,0.6703,0.906,2.773,1
VH-02382,2023-07-25,19,Light,2698.8,70.3,0.7502,0.394,1,16.4,0.4293,0.7345,68.2427,0
VH-02383,2022-05-31,5,Light,4382.0,105.5,0.8885,0.5648,1,5.2,0.425,0.8562,15.6438,1
VH-02384,2023-06-25,18,Light,4486.3,60.4,0.8621,0.5164,0,3.5,0.6729,0.3104,35.0195,1
VH-02385,2023-01-26,13,Light,3921.3,91.0,0.5291,0.3498,0,1.8,0.5111,0.447,69.967,0
VH-02386,2022-06-30,6,Heavy,8543.6,163.7,0.9238,0.483,2,7.2,0.4125,0.5536,8.262,1
VH-02387,2023-08-24,20,Heavy,3880.9,81.1,0.7581,0.5083,0,6.5,0.2784,0.8179,55.674,0
VH-02388,2022-05-31,5,Light,5174.6,113.4,0.8069,0.3668,1,0.5,0.4267,0.5442,35.7722,0
VH-02389,2023-08-24,20,Heavy,3350.5,69.2,0.4178,0.4555,0,6.4,0.378,0.6727,40.1102,0
VH-02390,2023-06-25,18,Light,5291.6,125.1,0.6298,0.3676,0,4.8,0.4663,0.6048,50.3948,0
VH-02391,2023-03-27,15,Medium,5806.2,139.8,0.7095,0.26,1,6.8,0.2999,0.7235,18.918,1
VH-02392,2023-07-25,19,Heavy,3618.1,68.8,0.7827,0.5584,1,16.0,0.6326,0.396,17.3468,1
VH-02393,2023-05-26,17,Medium,4417.9,86.0,0.5989,0.538,1,13.5,0.6678,0.7752,35.2155,0
VH-02394,2022-05-01,4,Light,3157.1,69.6,0.99,0.3184,0,5.1,0.617,0.8326,36.9528,1
VH-02395,2023-08-24,20,Medium,2783.4,38.7,0.6879,0.4164,1,2.1,0.5214,0.8632,35.2528,0
VH-02396,2022-01-01,0,Heavy,6055.2,127.4,0.6772,0.2524,2,2.6,0.5825,0.8771,19.4586,0
VH-02397,2022-07-30,7,Medium,3669.0,101.8,0.9048,0.3855,0,7.4,0.4718,0.6728,55.5501,0
VH-02398,2023-08-24,20,Light,879.6,20.0,0.8323,0.9219,0,1.1,0.575,0.7124,69.6567,0
VH-02399,2022-10-28,10,Light,7148.0,153.7,0.6211,0.5979,1,4.3,0.5504,0.5769,26.1163,1
VH-02400,2022-05-01,4,Medium,3296.9,64.4,0.8116,0.5486,0,4.0,0.3134,0.6922,54.9569,0
VH-02401,2023-02-25,14,Medium,4130.4,121.9,0.5994,0.795,2,2.9,0.3588,0.6614,46.6251,0
VH-02402,2023-09-23,21,Heavy,6961.4,146.6,0.9131,0.2759,2,3.8,0.5336,0.8765,30.7387,1
VH-02403,2022-10-28,10,Heavy,4287.4,88.1,0.7246,0.3874,0,2.0,0.7211,0.7133,64.6956,1
VH-02404,2022-09-28,9,Heavy,4255.0,79.1,0.7847,0.5487,2,9.0,0.9095,0.6314,12.2283,1
VH-02405,2023-10-23,22,Heavy,2657.7,59.2,0.4298,0.3163,1,8.9,0.2847,0.9729,52.9366,0
VH-02406,2022-12-27,12,Light,2047.7,49.6,0.8325,0.0952,0,16.7,0.8414,0.7733,19.1014,0
VH-02407,2022-09-28,9,Medium,4250.4,81.2,0.6102,0.181,1,7.6,0.2304,0.4029,37.5607,0
VH-02408,2023-08-24,20,Medium,5044.2,126.9,0.7338,0.5489,1,1.3,0.7822,0.9529,41.5212,1
VH-02409,2023-10-23,22,Medium,4958.3,114.3,0.7757,0.3839,1,9.4,0.4827,0.5681,50.6682,0
VH-02410,2023-09-23,21,Heavy,3778.1,96.7,0.9448,0.244,0,8.0,0.3762,0.8108,52.9003,0
VH-02411,2022-06-30,6,Medium,4530.4,95.8,0.825,0.5701,0,14.2,0.7165,0.7901,28.899,1
VH-02412,2023-05-26,17,Heavy,1744.2,42.4,0.7541,0.6474,1,4.4,0.4463,0.9223,42.4418,0
VH-02413,2023-01-26,13,Medium,5190.3,112.1,0.9234,0.4516,1,5.9,0.5651,0.6979,27.9591,0
VH-02414,2023-04-26,16,Medium,4742.1,127.2,0.3661,0.4615,1,8.3,0.7225,0.3911,31.4425,1
VH-02415,2023-08-24,20,Medium,7460.5,167.5,0.4122,0.3876,3,5.7,0.6032,0.5339,14.1701,1
VH-02416,2022-10-28,10,Light,4511.2,100.4,0.3425,0.6486,2,11.0,0.9379,0.8015,57.5347,1
VH-02417,2022-06-30,6,Light,3086.0,61.7,0.8457,0.2642,0,4.4,0.2108,0.559,28.9291,0
VH-02418,2022-05-31,5,Medium,4423.9,90.6,0.8065,0.5856,0,5.8,0.75,0.809,28.3412,1
VH-02419,2022-07-30,7,Light,4008.3,92.6,0.9869,0.7321,0,3.0,0.4866,0.7328,36.2729,1
VH-02420,2022-11-27,11,Heavy,5152.1,126.8,0.5688,0.5593,1,2.1,0.9008,0.8613,31.0816,0
VH-02421,2023-08-24,20,Light,4540.3,90.6,0.8798,0.6556,2,5.3,0.8603,0.5289,12.223,1
VH-02422,2022-05-31,5,Light,2610.1,59.9,0.8873,0.1899,2,1.4,0.8589,0.3762,24.5942,1
VH-02423,2022-06-30,6,Heavy,2046.4,48.2,0.8057,0.6954,1,6.0,0.2998,0.5615,26.1851,0
VH-02424,2022-12-27,12,Light,4894.4,114.1,0.4968,0.3432,0,0.3,0.3252,0.8786,28.9324,0
VH-02425,2022-01-31,1,Heavy,6574.7,120.5,0.6266,0.3698,2,8.9,0.6094,0.9387,24.5027,0
VH-02426,2022-12-27,12,Heavy,4619.0,88.8,0.7874,0.1355,0,5.2,0.3708,0.9729,38.1266,1
VH-02427,2022-01-01,0,Light,5719.9,106.6,0.929,0.1827,1,4.3,0.8825,0.4477,18.4404,0
VH-02428,2023-07-25,19,Medium,6019.2,134.3,0.9475,0.3711,1,3.7,0.2815,0.8557,12.8533,1
VH-02429,2022-07-30,7,Medium,4900.2,95.4,0.6037,0.6192,1,9.6,0.3088,0.431,26.527,1
VH-02430,2022-03-02,2,Heavy,3278.3,65.4,0.6946,0.1756,2,7.5,0.2776,0.8453,57.7547,0
VH-02431,2023-10-23,22,Heavy,4793.0,88.6,0.9802,0.2049,0,3.7,0.5884,0.8629,24.5837,1
VH-02432,2023-04-26,16,Heavy,6310.6,134.2,0.5016,0.2705,0,16.9,0.8191,0.5445,23.2338,1
VH-02433,2023-07-25,19,Medium,5294.8,100.8,0.6853,0.0797,3,21.0,0.4737,0.738,55.1926,0
VH-02434,2022-05-01,4,Medium,5622.4,136.3,0.5623,0.2982,1,11.6,0.3478,0.6625,49.6752,0
VH-02435,2023-10-23,22,Medium,3806.2,91.8,0.5221,0.2728,0,7.3,0.5261,0.9424,43.7709,0
VH-02436,2023-11-22,23,Heavy,4196.5,95.5,0.8411,0.255,2,4.5,0.6224,0.7068,44.5575,1
VH-02437,2023-11-22,23,Medium,4321.9,91.5,0.6146,0.2828,0,1.3,0.4294,0.5835,27.2383,0
VH-02438,2022-12-27,12,Medium,4423.0,67.7,0.8054,0.1474,0,3.6,0.5084,0.9147,19.079,0
VH-02439,2023-11-22,23,Medium,6251.9,132.1,0.712,0.5699,1,1.6,0.31,0.7599,37.1918,0
VH-02440,2023-05-26,17,Heavy,979.2,20.0,0.6023,0.0991,2,6.2,0.8148,0.8809,26.2058,0
VH-02441,2022-12-27,12,Heavy,4545.8,104.7,0.8457,0.665,0,6.4,0.3636,0.8433,26.1733,0
VH-02442,2023-01-26,13,Light,4380.8,106.6,0.7,0.1486,3,3.8,0.3556,0.9112,21.1059,0
VH-02443,2022-09-28,9,Light,2442.7,59.2,0.5147,0.5941,0,9.8,0.8406,0.8033,27.5878,0
VH-02444,2023-09-23,21,Medium,5507.7,141.3,0.9236,0.4788,1,2.8,0.4284,0.8322,38.1409,1
VH-02445,2022-12-27,12,Medium,3413.2,67.3,0.8904,0.4273,0,2.8,0.7265,0.8556,22.0094,1
VH-02446,2023-06-25,18,Medium,3964.5,79.0,0.8968,0.6357,2,3.2,0.3557,0.8024,27.8906,0
VH-02447,2023-02-25,14,Light,7273.2,177.2,0.6934,0.404,1,1.4,0.4393,0.8175,47.739,1
VH-02448,2022-09-28,9,Medium,6015.0,136.2,0.8659,0.4351,2,5.0,0.4277,0.6953,43.7372,0
VH-02449,2022-12-27,12,Medium,5361.7,115.4,0.9148,0.4755,3,0.8,0.4249,0.9145,4.4982,1
VH-02450,2023-09-23,21,Medium,5071.2,140.4,0.6787,0.3155,1,11.4,0.6081,0.7933,34.9473,1
VH-02451,2022-12-27,12,Medium,4253.0,103.2,0.788,0.7238,3,1.7,0.1525,0.9561,25.376,0
VH-02452,2022-07-30,7,Heavy,7499.1,163.8,0.7797,0.3981,1,3.3,0.7982,0.7418,24.5695,1
VH-02453,2022-10-28,10,Medium,5703.3,116.4,0.7385,0.5887,0,14.5,0.485,0.6923,25.9126,0
VH-02454,2023-07-25,19,Heavy,3375.7,94.9,0.6833,0.5016,1,0.6,0.6575,0.8538,23.457,0
VH-02455,2022-10-28,10,Medium,2399.8,56.4,0.3441,0.2809,1,2.5,0.5042,0.927,19.3919,0
VH-02456,2022-06-30,6,Medium,5350.3,119.3,0.9009,0.3506,1,8.0,0.5343,0.738,46.8927,0
VH-02457,2023-11-22,23,Medium,4416.2,108.3,0.7319,0.4938,2,6.4,0.484,0.8723,71.6863,0
VH-02458,2022-06-30,6,Light,2356.6,65.6,0.8532,0.4563,2,3.4,0.6947,0.7407,40.8609,1
VH-02459,2022-11-27,11,Medium,5142.9,122.5,0.6531,0.6077,0,9.0,0.431,0.8641,20.2462,0
VH-02460,2022-01-01,0,Medium,4096.5,104.3,0.5029,0.2655,0,4.8,0.3623,0.4791,65.691,0
VH-02461,2023-06-25,18,Heavy,5296.0,124.5,0.3648,0.273,0,1.4,0.5656,0.8527,29.0703,0
VH-02462,2022-10-28,10,Medium,5162.6,123.0,0.6674,0.303,0,14.0,0.7528,0.962,61.3438,0
VH-02463,2022-09-28,9,Light,3587.6,68.7,0.8942,0.3398,1,1.3,0.7009,0.9727,4.9934,1
VH-02464,2022-05-31,5,Medium,5449.3,148.3,0.8422,0.2705,1,6.4,0.6942,0.4915,26.1884,1
VH-02465,2022-07-30,7,Light,3753.1,64.9,0.8434,0.2142,1,2.5,0.8031,0.3702,24.3317,1
VH-02466,2023-09-23,21,Heavy,3850.7,90.2,0.6867,0.7881,1,4.5,0.6084,0.9059,50.1921,0
VH-02467,2023-10-23,22,Heavy,3701.6,62.2,0.5341,0.3612,0,4.9,0.5977,0.858,50.8894,0
VH-02468,2022-06-30,6,Medium,6196.5,136.2,0.6699,0.4938,2,1.6,0.2808,0.6448,30.9293,0
VH-02469,2023-04-26,16,Medium,4079.1,82.1,0.7569,0.2919,0,11.8,0.3143,0.752,15.8726,1
VH-02470,2023-05-26,17,Medium,6558.7,147.8,0.7692,0.3905,3,11.3,0.5507,0.736,37.8728,1
VH-02471,2022-07-30,7,Medium,7175.2,164.6,0.7567,0.6348,0,6.1,0.2527,0.6289,30.8974,0
VH-02472,2023-02-25,14,Heavy,3391.9,61.0,0.5775,0.5055,0,6.5,0.3355,0.5427,41.0602,1
VH-02473,2022-03-02,2,Heavy,800.0,20.0,0.8266,0.205,0,8.8,0.4141,0.4505,49.4528,0
VH-02474,2022-05-31,5,Medium,6066.8,155.7,0.733,0.31,0,2.5,0.7518,0.6948,18.3898,0
VH-02475,2023-11-22,23,Medium,3987.0,68.9,0.397,0.5417,0,8.4,0.7839,0.4525,24.9922,1
VH-02476,2023-10-23,22,Light,3200.7,58.3,0.76,0.5787,2,6.3,0.8497,0.9556,14.6219,1
VH-02477,2022-10-28,10,Light,3616.9,93.3,0.6859,0.6629,2,2.7,0.6594,0.8472,51.1062,0
VH-02478,2022-08-29,8,Light,3877.8,87.3,0.8533,0.4778,0,23.1,0.7849,0.7315,26.0884,1
VH-02479,2022-04-01,3,Medium,6445.8,145.5,0.3114,0.13,2,0.4,0.2634,0.9665,25.8453,0
VH-02480,2023-11-22,23,Heavy,4739.9,120.7,0.5623,0.4463,0,3.8,0.1731,0.7737,60.043,0
VH-02481,2022-06-30,6,Medium,6425.4,130.9,0.9558,0.5588,0,2.8,0.4594,0.8472,32.8012,0
VH-02482,2022-12-27,12,Light,5241.3,108.7,0.4124,0.4277,2,3.3,0.4403,0.8383,70.6722,0
VH-02483,2022-07-30,7,Light,4036.2,80.1,0.611,0.4653,3,10.5,0.7807,0.5632,19.3552,1
VH-02484,2022-12-27,12,Medium,3914.5,81.8,0.8831,0.2901,2,8.9,0.2934,0.5943,47.58,1
VH-02485,2022-11-27,11,Heavy,5342.4,138.8,0.6681,0.3234,1,5.2,0.1247,0.6742,53.7054,1
VH-02486,2023-07-25,19,Medium,5730.6,101.8,0.7595,0.3088,1,5.4,0.348,0.6291,15.6654,1
VH-02487,2022-05-31,5,Heavy,5995.2,115.3,0.852,0.1278,2,5.7,0.1881,0.7811,30.1426,0
VH-02488,2023-02-25,14,Heavy,4107.7,70.8,0.7842,0.0926,1,6.2,0.7385,0.4548,15.883,1
VH-02489,2023-10-23,22,Light,4762.8,126.9,0.778,0.1631,0,0.9,0.4177,0.8111,41.4431,0
VH-02490,2023-03-27,15,Medium,5376.1,110.3,0.6559,0.3584,1,8.7,0.4666,0.6172,61.4683,0
VH-02491,2023-04-26,16,Heavy,3924.1,82.3,0.9032,0.4454,0,12.9,0.1429,0.4496,48.9248,1
VH-02492,2023-07-25,19,Medium,2797.6,37.9,0.8888,0.372,2,2.5,0.6643,0.9104,28.3465,1
VH-02493,2022-12-27,12,Light,3290.6,69.2,0.5551,0.3102,2,11.0,0.5717,0.7785,71.8585,0
VH-02494,2022-01-31,1,Heavy,4138.4,105.0,0.8606,0.427,0,1.6,0.5526,0.7731,27.8377,1
VH-02495,2022-04-01,3,Heavy,5493.3,125.9,0.8628,0.4442,0,11.0,0.8113,0.7504,15.9143,1
VH-02496,2023-09-23,21,Medium,6388.5,140.3,0.7637,0.3015,0,3.7,0.556,0.6754,19.6499,0
VH-02497,2023-10-23,22,Medium,2465.9,31.3,0.7522,0.3865,1,6.4,0.5076,0.8417,58.1041,0
VH-02498,2022-08-29,8,Light,3604.0,75.2,0.7957,0.0991,0,1.2,0.227,0.7065,61.4738,0
VH-02499,2022-01-31,1,Heavy,3963.2,90.3,0.8596,0.3167,1,2.5,0.5917,0.4069,31.9819,1
VH-02500,2023-01-26,13,Medium,5692.1,111.6,0.7441,0.2361,1,9.5,0.3573,0.8418,23.0811,0
VH-02501,2022-05-01,4,Light,3707.8,92.2,0.8386,0.6641,1,2.1,0.3258,0.834,34.4468,0
VH-02502,2023-02-25,14,Medium,3855.4,99.0,0.7036,0.6672,0,2.5,0.7664,0.7338,9.2491,1
VH-02503,2023-09-23,21,Heavy,2382.0,45.0,0.492,0.0708,0,7.2,0.7841,0.4388,41.3169,1
VH-02504,2023-02-25,14,Heavy,5225.1,127.0,0.5823,0.699,1,11.3,0.5203,0.6897,39.0004,1
VH-02505,2022-07-30,7,Medium,4257.9,93.0,0.4184,0.1853,0,0.7,0.3268,0.7224,18.196,1
VH-02506,2023-09-23,21,Light,3518.9,95.4,0.7876,0.6178,1,0.8,0.748,0.6783,51.8429,0
VH-02507,2023-08-24,20,Heavy,4110.7,121.9,0.5348,0.3291,1,2.8,0.5694,0.8633,26.6112,0
VH-02508,2023-09-23,21,Heavy,6190.5,121.2,0.6854,0.3045,1,13.2,0.3169,0.8505,35.0615,0
VH-02509,2022-05-01,4,Medium,2992.7,78.0,0.5266,0.1867,2,3.8,0.8693,0.835,22.0896,0
VH-02510,2022-06-30,6,Medium,3237.5,91.5,0.8368,0.3076,1,1.2,0.3981,0.8021,24.7892,0
VH-02511,2023-06-25,18,Medium,6378.4,127.2,0.8184,0.6987,1,11.0,0.7916,0.5373,4.9703,1
VH-02512,2022-08-29,8,Medium,4613.7,93.9,0.6263,0.1714,0,8.0,0.457,0.5337,57.4153,0
VH-02513,2022-07-30,7,Light,5504.6,113.5,0.8576,0.7857,2,3.8,0.6351,0.939,23.4066,1
VH-02514,2022-06-30,6,Light,5102.6,111.4,0.5834,0.5986,0,6.4,0.8474,0.7023,32.9741,1
VH-02515,2022-07-30,7,Light,4447.0,93.5,0.5839,0.3893,0,10.3,0.84,0.5612,26.1871,1
VH-02516,2023-09-23,21,Heavy,3977.6,85.4,0.5598,0.3273,1,2.3,0.4899,0.7824,48.3932,0
VH-02517,2022-01-01,0,Light,5747.3,140.3,0.7045,0.2547,1,12.0,0.5625,0.7477,31.5394,0
VH-02518,2023-11-22,23,Light,6243.5,110.3,0.774,0.9552,2,3.0,0.4139,0.4478,22.8121,1
VH-02519,2022-12-27,12,Medium,6126.3,121.5,0.7332,0.1544,2,0.4,0.5692,0.6299,44.0313,1
VH-02520,2022-11-27,11,Light,2721.8,70.5,0.8198,0.3466,2,6.7,0.5794,0.6813,19.0433,0
VH-02521,2023-08-24,20,Light,6457.4,151.8,0.8239,0.5467,0,17.1,0.6883,0.6197,31.5968,0
VH-02522,2023-10-23,22,Medium,3963.1,72.2,0.8897,0.5303,1,9.5,0.6832,0.6045,37.9867,1
VH-02523,2023-09-23,21,Medium,3367.5,83.2,0.8303,0.6422,1,4.5,0.6736,0.9798,32.4555,0
VH-02524,2023-09-23,21,Medium,4246.0,114.3,0.8845,0.5056,1,4.8,0.2531,0.6781,55.9626,1
VH-02525,2022-12-27,12,Heavy,5746.7,127.0,0.7801,0.3158,2,2.1,0.5949,0.8146,55.1167,0
VH-02526,2022-01-31,1,Light,5310.7,102.9,0.5966,0.411,3,3.8,0.5937,0.9609,20.9976,0
VH-02527,2023-11-22,23,Heavy,4116.9,104.6,0.7893,0.3273,2,5.4,0.7502,0.7645,30.4759,0
VH-02528,2022-03-02,2,Heavy,5756.5,153.8,0.7119,0.5168,1,6.1,0.449,0.7003,28.4436,1
VH-02529,2022-04-01,3,Heavy,4709.8,91.4,0.8418,0.2719,0,7.4,0.6677,0.8113,32.5974,0
VH-02530,2023-08-24,20,Medium,3640.5,81.5,0.9237,0.7006,0,5.7,0.4317,0.491,22.8971,1
VH-02531,2023-10-23,22,Medium,3437.9,92.8,0.853,0.3372,3,8.3,0.699,0.3961,20.5524,1
VH-02532,2022-04-01,3,Medium,5115.4,115.4,0.8212,0.5162,2,7.7,0.6578,0.7096,19.0352,1
VH-02533,2022-10-28,10,Medium,4376.2,71.0,0.5271,0.178,0,20.2,0.5627,0.7025,54.7689,0
VH-02534,2023-09-23,21,Light,2436.7,60.8,0.5595,0.8823,0,3.2,0.5095,0.4367,44.8812,1
VH-02535,2023-10-23,22,Heavy,5770.7,113.6,0.5874,0.1,1,3.5,0.399,0.8236,42.4141,0
VH-02536,2023-07-25,19,Medium,3779.6,64.9,0.5841,0.4438,0,1.6,0.4111,0.6619,56.5263,0
VH-02537,2023-09-23,21,Heavy,6888.2,127.2,0.9362,0.3872,0,7.1,0.3529,0.869,35.7607,1
VH-02538,2023-10-23,22,Medium,2395.5,71.1,0.882,0.8056,1,6.7,0.4203,0.9223,32.2406,1
VH-02539,2022-11-27,11,Light,4228.9,81.5,0.6309,0.4639,1,3.9,0.4187,0.648,22.5194,0
VH-02540,2022-01-31,1,Medium,3450.0,81.7,0.8605,0.2573,0,11.2,0.7082,0.9337,26.0511,1
VH-02541,2023-06-25,18,Medium,3036.9,76.2,0.805,0.4073,2,4.8,0.623,0.8773,26.7147,0
VH-02542,2022-05-31,5,Medium,3769.8,86.2,0.6415,0.3912,1,8.3,0.6139,0.8137,58.1609,0
VH-02543,2023-03-27,15,Medium,7155.9,163.5,0.775,0.6265,4,7.5,0.3703,0.5816,16.1048,1
VH-02544,2022-04-01,3,Light,4715.1,110.5,0.6604,0.3428,3,2.9,0.6575,0.7471,55.399,1
VH-02545,2023-07-25,19,Medium,3312.4,75.7,0.7269,0.4114,1,1.7,0.4374,0.8771,26.4386,0
VH-02546,2022-08-29,8,Medium,1757.1,27.6,0.9277,0.1015,1,4.3,0.596,0.5189,9.1358,1
VH-02547,2022-03-02,2,Heavy,1918.0,29.9,0.3532,0.6397,2,2.4,0.8015,0.5175,14.7815,1
VH-02548,2023-09-23,21,Light,3695.3,80.5,0.9246,0.0855,0,2.4,0.4821,0.7231,30.6039,0
VH-02549,2023-01-26,13,Medium,3549.5,77.0,0.6672,0.1019,1,12.5,0.2656,0.7586,70.0208,0
VH-02550,2022-05-31,5,Medium,4163.9,99.0,0.7823,0.2136,1,2.6,0.5383,0.7141,43.2132,1
VH-02551,2023-08-24,20,Medium,1091.7,40.8,0.8505,0.1245,1,5.7,0.675,0.8557,50.2038,0
VH-02552,2022-08-29,8,Medium,4362.5,102.1,0.7062,0.4542,2,7.3,0.9748,0.8328,40.5022,1
VH-02553,2022-09-28,9,Medium,6041.6,122.1,0.7246,0.3475,3,3.2,0.8239,0.8526,15.7294,1
VH-02554,2023-09-23,21,Heavy,6934.3,121.4,0.7646,0.2469,6,7.0,0.4411,0.8839,31.7181,1
VH-02555,2022-12-27,12,Medium,1658.3,25.3,0.7439,0.4368,2,1.9,0.6751,0.6343,44.7789,0
VH-02556,2023-09-23,21,Medium,3297.9,53.1,0.7869,0.512,1,7.5,0.4333,0.4475,60.5566,1
VH-02557,2022-04-01,3,Light,3218.6,60.6,0.7593,0.3602,1,4.2,0.8388,0.4056,33.9896,1
VH-02558,2023-11-22,23,Medium,4718.6,108.5,0.4947,0.384,0,5.1,0.5589,0.7626,67.6111,0
VH-02559,2023-01-26,13,Medium,2670.3,60.6,0.7608,0.465,2,2.5,0.3155,0.5552,19.7672,0
VH-02560,2023-07-25,19,Light,7023.4,183.9,0.8853,0.3,2,6.1,0.5546,0.3774,6.0281,1
VH-02561,2023-08-24,20,Medium,4565.3,108.7,0.7789,0.0877,1,5.1,0.2968,0.8476,33.9889,0
VH-02562,2022-05-31,5,Medium,4315.3,124.5,0.3914,0.3188,1,4.4,0.3066,0.3738,41.3033,0
VH-02563,2022-12-27,12,Heavy,6889.1,163.8,0.7464,0.4016,1,12.0,0.6269,0.5708,17.8192,1
VH-02564,2022-05-01,4,Medium,4475.9,115.8,0.4774,0.27,0,2.6,0.5406,0.8204,44.6846,0
VH-02565,2022-10-28,10,Medium,5100.5,108.0,0.8346,0.3924,0,13.1,0.2118,0.7125,52.5777,0
VH-02566,2023-01-26,13,Medium,3373.8,58.9,0.6152,0.1969,1,4.8,0.7697,0.8625,42.1122,1
VH-02567,2023-11-22,23,Light,2444.2,47.6,0.795,0.2721,1,2.4,0.5907,0.8875,66.9926,0
VH-02568,2022-04-01,3,Light,3584.5,79.5,0.615,0.3856,0,5.7,0.6405,0.6721,18.8203,0
VH-02569,2023-09-23,21,Medium,7780.5,163.5,0.4839,0.7762,0,7.6,0.8219,0.709,12.2741,1
VH-02570,2023-07-25,19,Heavy,5449.5,106.1,0.5751,0.0725,0,4.4,0.663,0.9007,21.054,0
VH-02571,2023-11-22,23,Light,4911.8,115.4,0.6947,0.3209,0,12.5,0.467,0.6597,26.8443,1
VH-02572,2022-06-30,6,Medium,3035.4,52.4,0.7683,0.294,2,8.9,0.7398,0.8088,30.5931,0
VH-02573,2023-09-23,21,Heavy,5866.9,107.4,0.9625,0.4132,0,3.9,0.9355,0.6003,10.8368,1
VH-02574,2022-01-01,0,Heavy,2463.5,37.9,0.8719,0.2925,0,4.6,0.8011,0.6307,36.6591,1
VH-02575,2023-04-26,16,Medium,2149.4,44.2,0.9296,0.6909,2,3.7,0.4457,0.3786,25.844,1
VH-02576,2023-04-26,16,Medium,3661.7,66.5,0.4294,0.6683,0,4.0,0.7973,0.7293,17.3327,1
VH-02577,2022-05-01,4,Medium,7431.7,161.7,0.7645,0.8051,1,0.2,0.8402,0.8099,23.582,1
VH-02578,2023-11-22,23,Heavy,7346.8,172.3,0.5968,0.4908,1,13.8,0.3114,0.77,51.1542,0
VH-02579,2023-02-25,14,Light,3823.1,93.6,0.9186,0.2871,1,4.4,0.3516,0.8015,8.8307,1
VH-02580,2022-05-31,5,Heavy,3488.7,67.6,0.5672,0.3685,1,2.3,0.3347,0.848,63.5961,0
VH-02581,2022-06-30,6,Light,2039.5,25.8,0.5811,0.4617,1,6.7,0.5525,0.3808,30.8615,0
VH-02582,2022-10-28,10,Heavy,4617.0,94.0,0.3966,0.6989,1,10.7,0.3921,0.8989,53.3699,1
VH-02583,2022-04-01,3,Light,4743.0,115.2,0.845,0.4445,0,3.2,0.2069,0.3599,52.5804,0
VH-02584,2023-06-25,18,Light,5684.3,139.7,0.5703,0.2091,1,1.4,0.705,0.8514,30.7788,0
VH-02585,2023-11-22,23,Light,5866.1,135.7,0.8868,0.1933,0,3.0,0.7505,0.8452,54.5658,0
VH-02586,2022-09-28,9,Medium,4203.9,111.4,0.8471,0.4369,1,3.5,0.5349,0.453,8.8955,1
VH-02587,2023-11-22,23,Medium,5334.0,144.5,0.6518,0.309,0,10.9,0.5481,0.8574,34.6751,1
VH-02588,2022-09-28,9,Light,3449.0,69.4,0.8278,0.2922,2,3.0,0.8614,0.731,44.4525,1
VH-02589,2022-05-01,4,Medium,5305.6,140.2,0.6929,0.5809,2,2.2,0.3385,0.8164,34.7027,1
VH-02590,2022-01-01,0,Medium,3739.2,79.2,0.8897,0.1619,1,8.3,0.6852,0.5759,21.5298,0
VH-02591,2022-07-30,7,Heavy,5189.2,130.6,0.9344,0.5445,1,6.7,0.2867,0.4344,22.3075,1
VH-02592,2022-05-01,4,Heavy,5067.8,123.2,0.6304,0.3617,0,4.4,0.7456,0.7557,31.1574,1
VH-02593,2022-11-27,11,Medium,4603.2,72.6,0.3241,0.4763,0,6.2,0.2397,0.7135,49.9251,0
VH-02594,2022-01-31,1,Light,5691.8,112.0,0.4717,0.6859,0,3.8,0.7202,0.5053,52.2164,1
VH-02595,2023-11-22,23,Medium,2144.4,29.3,0.6058,0.2496,0,0.7,0.5915,0.8046,61.9541,0
VH-02596,2022-05-31,5,Heavy,2902.6,37.8,0.7804,0.5491,0,10.5,0.4671,0.7009,54.3585,1
VH-02597,2023-05-26,17,Light,4094.9,104.2,0.8245,0.4172,0,10.1,0.6051,0.661,41.6032,0
VH-02598,2023-07-25,19,Medium,2335.1,82.9,0.8105,0.3802,1,5.9,0.5752,0.746,51.2604,0
VH-02599,2022-05-31,5,Heavy,3889.7,82.6,0.6575,0.2058,0,7.8,0.7703,0.4898,30.4156,0
VH-02600,2022-12-27,12,Heavy,3938.1,100.3,0.6325,0.5327,1,1.3,0.5632,0.4881,27.0855,0
VH-02601,2022-10-28,10,Medium,6464.5,165.9,0.7467,0.5896,1,7.1,0.2214,0.9664,64.8651,0
VH-02602,2022-04-01,3,Medium,4713.8,107.9,0.8048,0.2347,1,4.9,0.1094,0.7548,55.1029,0
VH-02603,2022-07-30,7,Medium,6044.1,133.9,0.3288,0.5457,0,5.4,0.3904,0.8533,25.3033,0
VH-02604,2022-09-28,9,Heavy,4952.5,106.4,0.747,0.4753,2,1.4,0.6206,0.9257,21.2707,1
VH-02605,2022-12-27,12,Light,3696.5,90.2,0.6625,0.3047,0,5.4,0.3565,0.6795,52.4439,0
VH-02606,2022-10-28,10,Light,4700.6,117.6,0.9457,0.6077,1,16.5,0.3815,0.7793,6.5611,1
VH-02607,2023-07-25,19,Medium,5594.1,131.2,0.8514,0.3061,1,10.7,0.5932,0.6916,11.642,1
VH-02608,2023-03-27,15,Light,6290.1,146.2,0.953,0.606,1,4.3,0.6091,0.408,5.3626,1
VH-02609,2022-05-31,5,Medium,4301.5,94.8,0.9072,0.1485,0,2.9,0.4296,0.7375,52.7809,1
VH-02610,2022-03-02,2,Medium,2028.7,21.2,0.9059,0.3683,1,3.6,0.8381,0.7701,63.814,1
VH-02611,2023-02-25,14,Heavy,1923.3,56.2,0.4351,0.3012,0,5.6,0.5015,0.7719,38.708,1
VH-02612,2023-11-22,23,Heavy,4010.4,69.9,0.7625,0.2954,0,2.2,0.4675,0.9382,32.9876,0
VH-02613,2023-01-26,13,Medium,993.1,31.4,0.5278,0.2811,2,9.8,0.1616,0.9476,56.1954,0
VH-02614,2023-06-25,18,Heavy,7192.7,171.2,0.5949,0.1207,0,1.4,0.3894,0.644,45.2577,0
VH-02615,2022-10-28,10,Medium,5395.4,102.8,0.7009,0.1975,1,7.2,0.7321,0.7244,29.486,1
VH-02616,2022-10-28,10,Medium,3546.5,69.7,0.8246,0.2067,1,2.5,0.8959,0.8514,46.374,0
VH-02617,2023-08-24,20,Light,2835.5,94.8,0.8696,0.3935,0,1.5,0.1229,0.5882,53.6402,0
VH-02618,2022-08-29,8,Heavy,6042.2,133.1,0.745,0.0892,0,6.9,0.2333,0.9317,37.3052,0
VH-02619,2022-06-30,6,Heavy,2829.5,44.6,0.7822,0.8785,1,10.8,0.2974,0.6876,47.6719,0
VH-02620,2022-12-27,12,Heavy,2972.7,78.1,0.7025,0.1949,0,1.6,0.1154,0.735,60.6148,0
VH-02621,2023-02-25,14,Heavy,3351.1,62.9,0.9235,0.5823,1,5.3,0.2068,0.668,25.9414,1
VH-02622,2023-02-25,14,Heavy,4671.1,75.0,0.868,0.0542,0,6.5,0.3876,0.6767,48.9957,0
VH-02623,2022-11-27,11,Light,5431.2,128.5,0.5419,0.1753,1,3.5,0.5821,0.3836,56.0719,0
VH-02624,2023-10-23,22,Heavy,6289.0,126.0,0.6893,0.4684,0,7.6,0.0594,0.912,68.8511,0
VH-02625,2022-11-27,11,Medium,6067.5,139.7,0.6254,0.6604,1,23.5,0.3205,0.692,26.9374,1
VH-02626,2023-09-23,21,Medium,4501.2,87.8,0.5438,0.5671,0,7.3,0.8867,0.8098,33.1731,0
VH-02627,2023-01-26,13,Medium,6030.8,144.6,0.6026,0.6821,0,8.3,0.4121,0.6556,32.5272,0
VH-02628,2023-09-23,21,Medium,3493.5,80.4,0.7574,0.2177,1,3.7,0.2087,0.8695,46.1784,0
VH-02629,2022-10-28,10,Medium,1768.7,20.0,0.8399,0.5227,0,7.3,0.5272,0.6909,58.8072,0
VH-02630,2022-01-01,0,Light,3493.3,83.4,0.7919,0.6413,0,2.0,0.4489,0.5928,45.5902,0
VH-02631,2022-05-31,5,Light,3290.6,68.8,0.7991,0.5768,2,8.2,0.4408,0.4755,24.3,0
VH-02632,2023-10-23,22,Medium,3552.0,100.2,0.6586,0.6367,1,23.2,0.7586,0.8979,26.3463,0
VH-02633,2022-03-02,2,Heavy,3060.9,73.9,0.8174,0.2846,1,4.5,0.6157,0.6306,28.6435,0
VH-02634,2022-06-30,6,Medium,3808.3,96.0,0.8134,0.2122,0,2.3,0.4609,0.7455,50.754,0
VH-02635,2022-06-30,6,Medium,5430.0,110.0,0.7717,0.2792,0,9.4,0.5545,0.6983,5.516,1
VH-02636,2022-03-02,2,Medium,7072.9,145.3,0.8331,0.511,0,2.0,0.4868,0.5945,17.3712,1
VH-02637,2023-05-26,17,Medium,1912.0,42.1,0.9641,0.269,0,2.7,0.3271,0.6722,37.0034,0
VH-02638,2023-04-26,16,Light,2568.4,51.7,0.4112,0.2268,1,4.0,0.5884,0.9398,51.1923,0
VH-02639,2023-07-25,19,Heavy,3312.8,93.7,0.8161,0.2257,0,8.6,0.9139,0.4512,26.9232,1
VH-02640,2023-03-27,15,Light,5648.6,123.2,0.9058,0.271,1,2.5,0.3163,0.7667,27.2799,0
VH-02641,2022-06-30,6,Heavy,4192.6,74.8,0.8944,0.5829,1,3.7,0.4884,0.6429,26.433,1
VH-02642,2023-10-23,22,Heavy,3413.8,63.4,0.3195,0.2604,0,1.8,0.1591,0.7848,66.7482,0
VH-02643,2022-03-02,2,Medium,5575.1,138.4,0.8696,0.5338,0,6.1,0.5951,0.8283,33.0487,1
VH-02644,2023-03-27,15,Heavy,5934.6,129.4,0.605,0.2489,0,0.7,0.221,0.6741,40.3273,0
VH-02645,2022-01-31,1,Medium,4471.9,96.1,0.699,0.6468,1,7.0,0.436,0.6329,21.7071,1
VH-02646,2022-01-01,0,Heavy,3275.7,88.7,0.7884,0.3565,1,8.4,0.223,0.567,40.0763,0
VH-02647,2022-01-01,0,Heavy,4905.4,95.3,0.7428,0.3723,1,4.2,0.5422,0.5105,33.4343,1
VH-02648,2022-05-01,4,Heavy,4150.1,58.7,0.6756,0.8706,1,2.2,0.4929,0.869,27.7757,0
VH-02649,2023-03-27,15,Medium,4138.5,79.2,0.5906,0.7617,0,8.7,0.5948,0.8061,29.9057,1
VH-02650,2023-06-25,18,Heavy,3731.4,86.6,0.8994,0.3635,3,5.2,0.588,0.7753,33.3294,0
VH-02651,2022-05-01,4,Heavy,5887.5,127.1,0.8204,0.0819,2,2.7,0.7395,0.8556,36.4185,0
VH-02652,2023-03-27,15,Medium,4874.8,84.9,0.5281,0.323,0,4.3,0.3907,0.8781,37.1059,1
VH-02653,2022-07-30,7,Heavy,6053.6,149.8,0.6968,0.4637,1,3.9,0.3028,0.4871,38.175,1
VH-02654,2022-03-02,2,Heavy,6504.5,147.0,0.5414,0.8726,1,2.1,0.7761,0.5278,18.576,1
VH-02655,2022-05-31,5,Medium,5188.5,121.1,0.8631,0.4452,1,1.6,0.6929,0.4607,11.1117,1
VH-02656,2023-08-24,20,Heavy,3740.3,89.4,0.8455,0.58,1,7.9,0.3883,0.7352,30.844,0
VH-02657,2022-01-01,0,Medium,6060.5,115.2,0.5684,0.31,1,7.9,0.8091,0.9242,27.1239,0
VH-02658,2023-07-25,19,Medium,5198.5,120.1,0.4069,0.632,0,4.0,0.5356,0.8693,31.5716,0
VH-02659,2022-08-29,8,Light,8405.1,200.4,0.7426,0.8328,0,7.8,0.5948,0.9104,22.1479,1
VH-02660,2023-10-23,22,Light,4965.2,127.4,0.7909,0.5485,0,3.1,0.3694,0.5439,26.8574,1
VH-02661,2022-09-28,9,Heavy,5546.5,134.1,0.7806,0.0804,1,5.1,0.3258,0.769,45.0827,0
VH-02662,2022-12-27,12,Medium,4935.6,117.4,0.4556,0.2966,1,8.1,0.7721,0.6598,14.5712,1
VH-02663,2022-10-28,10,Medium,4351.4,70.6,0.8943,0.412,0,1.9,0.3238,0.6516,59.9959,0
VH-02664,2022-11-27,11,Light,4111.8,91.1,0.8035,0.3143,1,5.0,0.8654,0.5169,11.4338,1
VH-02665,2023-02-25,14,Medium,4941.4,95.5,0.9466,0.4985,3,4.2,0.66,0.5661,19.9102,1
VH-02666,2022-07-30,7,Heavy,5281.8,136.6,0.7295,0.1729,1,6.1,0.2916,0.846,51.3415,0
VH-02667,2022-07-30,7,Heavy,6231.6,155.4,0.6774,0.6748,2,1.6,0.8283,0.7989,20.243,1
VH-02668,2023-04-26,16,Light,4963.3,96.0,0.6846,0.5083,1,4.1,0.4875,0.6232,19.9221,1
VH-02669,2022-07-30,7,Medium,3805.7,83.9,0.8358,0.3343,0,11.3,0.4263,0.9409,25.4415,1
VH-02670,2023-09-23,21,Medium,4009.7,92.8,0.5486,0.7448,1,12.2,0.7936,0.7861,23.6221,0
VH-02671,2023-01-26,13,Medium,2515.6,69.4,0.8165,0.5822,1,6.9,0.5043,0.4168,28.9458,0
VH-02672,2022-03-02,2,Medium,6991.8,130.2,0.8974,0.1832,1,13.5,0.7094,0.4261,19.4958,1
VH-02673,2023-04-26,16,Medium,3688.2,48.8,0.6851,0.1631,2,5.3,0.621,0.8103,36.3612,0
VH-02674,2022-04-01,3,Medium,5951.2,132.8,0.7199,0.595,1,1.8,0.5746,0.7766,22.2487,1
VH-02675,2023-02-25,14,Medium,4914.8,71.2,0.8913,0.6352,1,6.7,0.8559,0.5667,23.6991,1
VH-02676,2022-10-28,10,Medium,4955.6,112.5,0.8509,0.2179,1,0.9,0.5456,0.5219,26.301,0
VH-02677,2022-12-27,12,Medium,4323.8,105.0,0.3301,0.6028,2,1.3,0.4989,0.596,40.7757,0
VH-02678,2022-12-27,12,Heavy,3318.3,92.3,0.5307,0.7613,3,15.7,0.719,0.7763,21.346,0
VH-02679,2022-09-28,9,Heavy,3047.2,58.4,0.5102,0.1623,0,5.1,0.209,0.7517,68.1077,0
VH-02680,2022-06-30,6,Medium,7092.7,160.0,0.8847,0.4097,0,5.7,0.7716,0.9752,22.9697,0
VH-02681,2023-03-27,15,Heavy,4670.9,113.6,0.9631,0.6254,0,5.1,0.3037,0.6687,25.7414,1
VH-02682,2022-03-02,2,Heavy,6187.9,119.9,0.6111,0.3757,0,1.5,0.6947,0.8946,51.5744,1
VH-02683,2022-11-27,11,Light,6577.4,159.9,0.8508,0.4544,0,2.5,0.5946,0.8447,22.9549,0
VH-02684,2022-07-30,7,Medium,3883.7,90.4,0.5537,0.4982,0,7.0,0.5578,0.6199,48.3551,1
VH-02685,2023-07-25,19,Medium,5135.3,105.0,0.761,0.1902,3,1.8,0.6457,0.637,33.5389,1
VH-02686,2022-07-30,7,Heavy,4567.5,103.6,0.8522,0.3491,1,1.7,0.6456,0.7832,3.7788,1
VH-02687,2023-11-22,23,Light,2764.2,59.3,0.7023,0.8598,4,9.1,0.5679,0.7251,37.5881,0
VH-02688,2022-05-31,5,Medium,4221.8,105.5,0.8833,0.1265,0,2.6,0.6562,0.931,68.7839,0
VH-02689,2022-01-01,0,Medium,5381.3,114.2,0.7152,0.5039,1,0.8,0.5516,0.8235,68.272,0
VH-02690,2022-01-01,0,Medium,3751.5,86.8,0.7796,0.4483,1,1.3,0.2751,0.9355,26.0099,1
VH-02691,2022-08-29,8,Heavy,4012.7,79.9,0.7973,0.3701,2,1.0,0.399,0.3314,20.1107,0
VH-02692,2023-01-26,13,Medium,4239.9,80.2,0.8376,0.285,0,3.6,0.6993,0.6984,18.5182,1
VH-02693,2023-03-27,15,Heavy,7667.3,173.0,0.6206,0.2203,1,3.1,0.5857,0.7772,64.6351,0
VH-02694,2023-07-25,19,Heavy,1748.9,25.4,0.6602,0.6356,0,2.0,0.5485,0.8814,50.0002,0
VH-02695,2022-01-01,0,Heavy,5252.5,128.7,0.6525,0.3063,0,1.4,0.6552,0.5369,45.2436,1
VH-02696,2022-01-31,1,Light,4120.0,100.4,0.8232,0.0633,0,21.1,0.7174,0.6082,41.1834,0
VH-02697,2022-07-30,7,Heavy,3539.0,67.2,0.7364,0.3772,2,1.6,0.3012,0.948,47.1345,0
VH-02698,2022-06-30,6,Light,4083.2,93.9,0.9227,0.7446,1,6.3,0.5814,0.706,25.6178,1
VH-02699,2023-05-26,17,Medium,5501.1,110.7,0.949,0.5585,0,8.8,0.6268,0.8514,48.6081,0
VH-02700,2022-12-27,12,Heavy,5586.8,100.1,0.8317,0.2844,1,2.6,0.1701,0.7217,42.9303,0
VH-02701,2022-06-30,6,Medium,4779.0,97.2,0.6429,0.2679,1,3.3,0.6806,0.7914,37.1444,1
VH-02702,2023-10-23,22,Medium,6139.1,135.7,0.6139,0.3624,0,9.3,0.8617,0.9165,39.308,0
VH-02703,2022-11-27,11,Medium,6403.2,150.1,0.8726,0.326,1,2.1,0.3426,0.5969,27.8316,1
VH-02704,2023-11-22,23,Heavy,5724.6,129.5,0.7269,0.3087,2,2.4,0.5598,0.9112,61.2137,0
VH-02705,2022-07-30,7,Heavy,3680.7,95.4,0.8722,0.3834,0,4.3,0.8633,0.7328,38.3176,1
VH-02706,2022-01-31,1,Medium,5241.7,101.8,0.6127,0.4582,1,6.0,0.4952,0.931,31.924,1
VH-02707,2023-10-23,22,Heavy,5248.8,111.0,0.6595,0.5892,1,8.2,0.6577,0.6775,18.8019,1
VH-02708,2022-08-29,8,Light,3276.6,97.5,0.4567,0.254,0,6.0,0.647,0.7818,63.8835,1
VH-02709,2023-07-25,19,Light,2145.8,20.0,0.6032,0.5304,1,4.3,0.3659,0.8756,18.5882,0
VH-02710,2022-01-31,1,Medium,1465.8,25.8,0.8367,0.1857,1,9.5,0.5673,0.9084,41.6784,0
VH-02711,2022-04-01,3,Heavy,4604.8,86.3,0.6762,0.4596,1,1.3,0.6824,0.5585,21.0797,1
VH-02712,2022-12-27,12,Light,4947.1,107.0,0.2709,0.3439,0,3.3,0.4259,0.7552,37.1789,0
VH-02713,2022-12-27,12,Light,2727.3,54.1,0.6459,0.2461,1,3.8,0.0925,0.8709,45.0915,0
VH-02714,2022-01-01,0,Light,6069.0,143.9,0.7846,0.0822,1,4.6,0.4466,0.6626,21.6925,0
VH-02715,2023-05-26,17,Heavy,4728.3,108.9,0.7299,0.2837,3,18.3,0.6105,0.6274,25.0275,1
VH-02716,2023-01-26,13,Light,6524.2,125.4,0.4751,0.2389,2,5.4,0.6041,0.9134,60.9361,0
VH-02717,2023-03-27,15,Medium,5055.8,103.5,0.5172,0.6287,0,11.5,0.7424,0.7185,18.4115,0
VH-02718,2023-07-25,19,Heavy,2900.5,64.5,0.9374,0.2659,1,5.0,0.7382,0.5616,26.372,0
VH-02719,2022-04-01,3,Light,5187.4,126.4,0.2809,0.7074,1,2.4,0.2897,0.5482,29.92,0
VH-02720,2023-09-23,21,Medium,5505.2,158.8,0.5638,0.5371,0,9.6,0.3116,0.4839,41.2006,1
VH-02721,2023-08-24,20,Medium,3678.6,92.3,0.4073,0.4641,1,7.7,0.7818,0.7001,48.5831,0
VH-02722,2022-03-02,2,Heavy,2336.9,36.7,0.8273,0.3305,1,5.9,0.4268,0.8146,19.2807,0
VH-02723,2023-04-26,16,Medium,4650.4,101.9,0.4674,0.3717,1,8.0,0.6454,0.8301,60.6459,0
VH-02724,2023-10-23,22,Medium,2998.7,69.4,0.7137,0.274,0,3.3,0.4509,0.6858,48.7403,0
VH-02725,2022-03-02,2,Light,6181.3,129.6,0.3653,0.5577,0,8.7,0.8967,0.7941,46.0021,1
VH-02726,2023-07-25,19,Heavy,3889.2,93.5,0.5646,0.4162,0,2.3,0.7904,0.886,27.9495,0
VH-02727,2023-06-25,18,Heavy,7086.9,123.4,0.6513,0.1931,0,4.3,0.5972,0.8708,35.9475,1
VH-02728,2022-01-31,1,Light,1313.8,37.5,0.3546,0.3955,0,1.0,0.4921,0.7992,44.5797,0
VH-02729,2023-09-23,21,Medium,4702.2,97.3,0.6498,0.1956,1,7.4,0.3338,0.5644,19.721,1
VH-02730,2022-03-02,2,Heavy,6644.1,146.0,0.8889,0.7409,1,7.9,0.7387,0.4912,7.3116,1
VH-02731,2022-12-27,12,Light,3164.5,92.3,0.642,0.5406,0,9.3,0.3201,0.7371,53.4052,0
VH-02732,2023-07-25,19,Medium,4261.2,75.8,0.6706,0.2133,0,2.2,0.7355,0.7805,52.629,0
VH-02733,2022-05-31,5,Medium,3895.4,90.7,0.6249,0.2138,1,6.5,0.4909,0.7763,53.9804,0
VH-02734,2022-10-28,10,Medium,3474.3,89.1,0.9541,0.3083,0,15.8,0.3789,0.5698,2.4535,1
VH-02735,2022-09-28,9,Medium,4866.9,110.7,0.8135,0.2709,3,10.4,0.8739,0.8291,43.1053,0
VH-02736,2022-11-27,11,Medium,2556.9,32.6,0.6201,0.6678,1,5.6,0.5677,0.583,42.6912,1
VH-02737,2022-05-01,4,Light,4333.5,116.6,0.8535,0.1185,2,0.8,0.6814,0.6224,29.1136,0
VH-02738,2023-02-25,14,Medium,5274.0,114.0,0.8807,0.2832,0,11.7,0.3868,0.5423,22.5859,1
VH-02739,2022-03-02,2,Heavy,4177.4,84.9,0.6212,0.2345,0,6.3,0.5618,0.9386,27.0534,0
VH-02740,2023-06-25,18,Medium,2999.7,62.0,0.7615,0.6365,1,9.4,0.3982,0.4997,33.2415,0
VH-02741,2023-01-26,13,Light,6045.3,128.6,0.8225,0.6146,2,3.1,0.2218,0.8503,19.4225,1
VH-02742,2022-11-27,11,Heavy,5595.4,106.5,0.6762,0.6995,2,2.2,0.3721,0.886,45.0457,0
VH-02743,2022-05-01,4,Light,2938.2,67.8,0.8008,0.5584,2,13.5,0.4582,0.8455,24.4091,0
VH-02744,2023-11-22,23,Heavy,2558.8,47.9,0.5661,0.215,0,7.6,0.6268,0.9088,65.6926,0
VH-02745,2023-09-23,21,Medium,3072.1,78.3,0.7634,0.1486,1,4.4,0.8047,0.3378,44.9375,0
VH-02746,2023-08-24,20,Heavy,5317.9,125.9,0.8356,0.686,2,5.5,0.4406,0.5998,19.9114,0
VH-02747,2023-03-27,15,Light,4913.4,133.6,0.6332,0.3715,1,9.3,0.5713,0.5396,65.7314,0
VH-02748,2022-03-02,2,Light,5685.1,123.2,0.4632,0.5389,1,0.9,0.7462,0.6713,11.0087,1
VH-02749,2022-12-27,12,Medium,4010.8,77.1,0.8341,0.6331,0,5.3,0.7724,0.8731,34.0733,0
VH-02750,2022-10-28,10,Light,3112.9,47.1,0.4462,0.3131,1,6.1,0.5512,0.8664,25.2706,0
VH-02751,2023-01-26,13,Light,5878.3,163.5,0.6391,0.5295,0,2.5,0.3405,0.7873,46.8142,0
VH-02752,2022-01-31,1,Heavy,3669.8,91.5,0.874,0.303,0,2.0,0.5676,0.8127,28.98,0
VH-02753,2022-09-28,9,Heavy,4779.8,95.8,0.5343,0.9687,1,1.5,0.3289,0.7364,68.0073,0
VH-02754,2022-07-30,7,Light,2175.1,73.7,0.4021,0.119,3,12.4,0.8667,0.6308,23.244,0
VH-02755,2023-07-25,19,Heavy,3645.3,101.3,0.8367,0.4635,0,5.0,0.7385,0.7287,26.7067,1
VH-02756,2022-03-02,2,Heavy,6014.1,113.4,0.5931,0.2694,2,1.1,0.756,0.7036,69.7309,0
VH-02757,2023-10-23,22,Heavy,3425.6,64.8,0.7021,0.451,2,4.8,0.5872,0.8428,58.9693,0
VH-02758,2022-03-02,2,Medium,5721.8,125.2,0.9395,0.4159,0,6.2,0.5782,0.9552,50.6174,0
VH-02759,2022-04-01,3,Medium,1003.5,20.0,0.4949,0.4135,0,1.6,0.4755,0.475,22.8849,0
VH-02760,2022-10-28,10,Medium,3660.9,79.9,0.6236,0.2709,1,13.2,0.6913,0.7457,53.3944,0
VH-02761,2023-04-26,16,Medium,4243.0,105.0,0.8116,0.7988,0,1.3,0.341,0.4008,49.472,1
VH-02762,2022-05-31,5,Heavy,7113.8,137.5,0.4595,0.3555,1,1.6,0.3476,0.5658,52.6598,0
VH-02763,2022-12-27,12,Light,2746.4,65.4,0.6067,0.516,1,3.3,0.5261,0.8533,67.1176,0
VH-02764,2022-05-31,5,Medium,5506.5,139.9,0.866,0.4526,1,14.6,0.3212,0.6952,46.8917,1
VH-02765,2023-08-24,20,Light,6085.4,141.2,0.626,0.3783,3,8.5,0.8025,0.7903,21.7833,0
VH-02766,2022-04-01,3,Heavy,3417.8,74.8,0.828,0.4643,2,1.7,0.3474,0.9419,32.1295,0
VH-02767,2022-12-27,12,Medium,3939.7,77.5,0.768,0.7474,0,3.7,0.3879,0.4491,43.1252,0
VH-02768,2023-07-25,19,Medium,4712.4,117.2,0.8663,0.0868,0,9.5,0.7191,0.4331,6.6817,1
VH-02769,2022-01-31,1,Heavy,2277.8,33.0,0.8387,0.3537,0,7.9,0.5815,0.7692,57.4104,0
VH-02770,2022-01-31,1,Heavy,3817.3,88.5,0.5447,0.0562,1,4.0,0.5708,0.5346,22.6055,1
VH-02771,2022-12-27,12,Light,6414.2,142.9,0.7426,0.4215,2,7.5,0.4977,0.8886,43.5697,0
VH-02772,2022-06-30,6,Heavy,5284.0,134.3,0.7679,0.6634,1,1.0,0.4103,0.7383,56.1937,0
VH-02773,2022-08-29,8,Heavy,4264.9,86.0,0.4154,0.3706,0,4.3,0.3969,0.8709,54.4109,0
VH-02774,2023-10-23,22,Light,4669.6,96.3,0.6781,0.4661,0,13.3,0.4301,0.5417,51.175,0
VH-02775,2022-09-28,9,Heavy,5371.4,100.7,0.489,0.6395,1,4.0,0.7687,0.5864,29.095,0
VH-02776,2022-08-29,8,Medium,5658.6,132.3,0.8395,0.7487,2,4.6,0.571,0.7562,24.6471,0
VH-02777,2023-04-26,16,Medium,3665.4,75.1,0.8826,0.3207,0,10.2,0.3092,0.4781,45.1053,1
VH-02778,2022-03-02,2,Medium,6802.1,138.2,0.759,0.5282,0,4.0,0.5799,0.7826,37.6031,0
VH-02779,2022-01-31,1,Medium,6474.5,132.4,0.7633,0.3154,0,2.3,0.697,0.8818,26.6494,1
VH-02780,2023-11-22,23,Light,5515.9,130.6,0.4278,0.23,0,0.7,0.6542,0.606,26.1764,1
VH-02781,2022-05-01,4,Light,3235.6,55.4,0.6011,0.1657,0,22.8,0.8121,0.8539,28.5632,1
VH-02782,2022-05-01,4,Light,2969.7,50.8,0.9284,0.7676,1,14.2,0.7772,0.8455,23.7021,1
VH-02783,2022-06-30,6,Medium,4010.1,102.6,0.7065,0.5602,0,12.1,0.4966,0.4429,21.9912,1
VH-02784,2022-09-28,9,Medium,4591.1,99.5,0.4961,0.6147,0,3.1,0.4852,0.5378,58.7418,0
VH-02785,2023-09-23,21,Light,1847.3,55.4,0.8096,0.3177,0,15.8,0.2954,0.6759,53.3258,0
VH-02786,2022-01-01,0,Medium,5242.0,111.1,0.4631,0.6957,0,13.1,0.482,0.3249,50.6476,1
VH-02787,2022-04-01,3,Medium,6431.2,142.9,0.8165,0.2594,1,1.8,0.386,0.8009,30.7925,0
VH-02788,2022-01-31,1,Medium,5364.7,121.6,0.8756,0.565,1,13.2,0.7395,0.846,13.3654,1
VH-02789,2022-08-29,8,Heavy,3485.9,98.3,0.8879,0.3307,0,0.8,0.5633,0.359,30.2377,1
VH-02790,2022-01-31,1,Medium,3308.4,93.1,0.6252,0.3571,2,2.8,0.5109,0.5761,8.0523,1
VH-02791,2023-01-26,13,Heavy,4949.8,127.3,0.7431,0.1176,0,20.0,0.6315,0.843,34.0742,1
VH-02792,2023-07-25,19,Light,4270.0,85.5,0.8682,0.7089,1,3.6,0.7885,0.8925,18.6014,0
VH-02793,2022-05-31,5,Heavy,5164.6,100.0,0.8135,0.4321,2,9.0,0.5928,0.6811,13.161,1
VH-02794,2023-02-25,14,Heavy,5402.6,131.5,0.9038,0.1857,1,2.4,0.5079,0.692,20.708,0
VH-02795,2023-08-24,20,Heavy,6137.8,157.0,0.9468,0.5347,0,3.7,0.9347,0.8694,7.0062,1
VH-02796,2023-01-26,13,Medium,2801.8,79.7,0.6526,0.281,1,2.0,0.9088,0.498,23.8261,1
VH-02797,2022-03-02,2,Medium,4832.4,107.6,0.5484,0.2547,0,8.8,0.4432,0.8318,27.615,0
VH-02798,2023-09-23,21,Medium,3954.8,98.8,0.7173,0.716,0,6.3,0.4835,0.9276,69.919,0
VH-02799,2022-12-27,12,Medium,4352.0,107.9,0.7842,0.2436,1,3.1,0.7086,0.7369,26.7832,1
VH-02800,2023-05-26,17,Heavy,5796.6,131.0,0.6935,0.3311,2,8.1,0.8395,0.8679,19.3443,0
VH-02801,2023-06-25,18,Heavy,5959.7,135.3,0.6693,0.2726,1,2.7,0.7482,0.9154,41.5717,0
VH-02802,2023-05-26,17,Medium,6597.7,148.1,0.8332,0.3151,0,5.2,0.5453,0.8507,40.3578,1
VH-02803,2022-07-30,7,Light,5138.4,102.4,0.8931,0.2468,1,3.1,0.2653,0.7827,47.9228,0
VH-02804,2023-03-27,15,Medium,4335.0,86.0,0.8454,0.5042,1,5.8,0.585,0.9643,22.6271,1
VH-02805,2022-08-29,8,Light,4120.7,81.0,0.8695,0.2461,2,3.6,0.4515,0.9286,20.3347,0
VH-02806,2022-07-30,7,Light,1897.9,20.0,0.7978,0.4223,0,4.2,0.1177,0.7696,35.0521,0
VH-02807,2022-03-02,2,Medium,6509.6,146.8,0.4463,0.4383,0,1.3,0.5791,0.3781,15.2598,1
VH-02808,2022-11-27,11,Heavy,4017.2,88.7,0.5967,0.5632,1,4.9,0.2943,0.5155,37.1191,1
VH-02809,2023-09-23,21,Light,5258.8,128.3,0.3146,0.4968,2,5.1,0.5298,0.8105,51.8238,0
VH-02810,2023-07-25,19,Light,5518.5,141.5,0.694,0.489,0,16.0,0.4462,0.7333,16.2737,1
VH-02811,2023-09-23,21,Light,2632.0,78.4,0.7706,0.651,0,2.3,0.8305,0.6014,23.7194,1
VH-02812,2022-03-02,2,Heavy,3115.0,90.5,0.4408,0.4074,0,7.0,0.6535,0.7523,61.3919,0
VH-02813,2022-01-31,1,Medium,6820.5,140.2,0.4491,0.214,0,14.4,0.3446,0.9,55.3752,0
VH-02814,2022-05-31,5,Light,4935.7,88.2,0.857,0.3834,0,2.0,0.8126,0.9656,51.9344,0
VH-02815,2022-05-31,5,Light,3629.1,94.6,0.7588,0.4187,2,20.7,0.5208,0.5393,11.5486,1
VH-02816,2022-05-01,4,Medium,4310.5,116.5,0.6072,0.3359,1,2.0,0.7703,0.7693,46.1668,0
VH-02817,2022-10-28,10,Medium,6129.4,159.5,0.9411,0.6037,1,3.6,0.436,0.8058,42.6009,1
VH-02818,2022-06-30,6,Medium,5901.5,138.4,0.6829,0.4965,1,4.6,0.6339,0.6053,26.6873,0
VH-02819,2023-01-26,13,Medium,2300.9,21.2,0.5896,0.2442,2,5.3,0.3574,0.901,55.3155,0
VH-02820,2022-09-28,9,Heavy,6951.4,160.0,0.6499,0.0749,0,3.6,0.5824,0.7254,41.2195,0
VH-02821,2023-04-26,16,Medium,5949.2,140.5,0.2898,0.6785,1,5.8,0.1794,0.7776,41.7805,0
VH-02822,2022-01-31,1,Medium,4271.3,113.7,0.4362,0.5469,1,3.7,0.2854,0.9406,68.7512,0
VH-02823,2022-03-02,2,Light,2712.4,81.7,0.9859,0.2585,0,2.3,0.1279,0.7816,41.1824,0
VH-02824,2023-09-23,21,Heavy,6081.0,148.8,0.795,0.7377,1,16.2,0.6846,0.8386,17.4795,1
VH-02825,2022-08-29,8,Heavy,5214.6,107.1,0.9527,0.47,2,5.5,0.518,0.5012,22.4067,1
VH-02826,2023-02-25,14,Heavy,2313.3,36.0,0.9354,0.4474,0,1.8,0.7309,0.7913,20.3681,0
VH-02827,2022-09-28,9,Medium,4151.9,100.3,0.9611,0.2513,1,1.2,0.283,0.6082,42.5267,0
VH-02828,2023-02-25,14,Light,9000.0,188.1,0.9798,0.4857,1,3.3,0.3738,0.9359,9.394,1
VH-02829,2023-03-27,15,Heavy,4524.8,122.7,0.7759,0.8304,0,5.3,0.4776,0.7472,44.8479,1
VH-02830,2022-08-29,8,Heavy,3387.0,49.7,0.6459,0.7525,1,10.6,0.75,0.6818,25.4339,1
VH-02831,2022-07-30,7,Light,2987.3,74.9,0.585,0.3924,1,2.1,0.4407,0.6136,57.531,1
VH-02832,2023-08-24,20,Medium,7158.1,163.9,0.8802,0.3464,1,5.7,0.6862,0.818,21.8091,1
VH-02833,2022-01-31,1,Medium,5771.6,125.2,0.8554,0.3694,1,5.6,0.554,0.7322,10.6306,1
VH-02834,2022-04-01,3,Heavy,6611.2,133.0,0.5051,0.3575,0,2.4,0.8678,0.8918,29.1839,1
VH-02835,2022-08-29,8,Medium,4872.3,77.3,0.639,0.8578,4,0.7,0.4881,0.8678,29.9572,0
VH-02836,2022-07-30,7,Medium,6381.0,133.8,0.7542,0.3436,2,6.1,0.6021,0.8095,17.8662,1
VH-02837,2023-04-26,16,Medium,3227.5,64.0,0.8564,0.2862,1,3.9,0.6288,0.7854,55.026,0
VH-02838,2022-03-02,2,Medium,4743.9,122.1,0.7478,0.6171,0,7.0,0.6305,0.6515,4.1027,1
VH-02839,2022-05-01,4,Medium,4930.6,97.8,0.8267,0.471,0,3.0,0.8666,0.661,6.2206,1
VH-02840,2022-06-30,6,Light,6573.7,152.9,0.9722,0.6572,1,1.1,0.7524,0.9603,36.3175,1
VH-02841,2022-01-01,0,Heavy,4978.3,91.2,0.789,0.6664,0,12.0,0.5649,0.6767,26.422,1
VH-02842,2023-02-25,14,Medium,3561.7,86.4,0.6125,0.4203,2,11.0,0.4074,0.7717,58.0791,0
VH-02843,2022-07-30,7,Medium,4596.1,68.6,0.6157,0.8534,1,8.2,0.5014,0.9335,53.7849,0
VH-02844,2023-06-25,18,Light,1985.4,75.5,0.888,0.7134,1,2.5,0.4913,0.862,54.3157,1
VH-02845,2022-05-01,4,Light,1018.5,20.5,0.82,0.7286,0,5.4,0.6142,0.8104,31.4246,1
VH-02846,2022-05-01,4,Medium,5747.0,85.8,0.9201,0.4942,0,2.4,0.8295,0.5896,11.1197,1
VH-02847,2023-02-25,14,Light,3937.9,76.7,0.8543,0.7257,1,11.3,0.7251,0.8425,9.5121,1
VH-02848,2023-07-25,19,Light,4107.9,78.2,0.9142,0.1413,2,31.0,0.8909,0.7854,22.5305,0
VH-02849,2022-10-28,10,Heavy,5746.4,117.9,0.6225,0.1898,0,8.7,0.7441,0.7033,31.2931,0
VH-02850,2023-01-26,13,Medium,6595.5,141.1,0.7301,0.4698,1,7.2,0.4612,0.5767,19.6561,1
VH-02851,2023-05-26,17,Medium,5301.7,107.9,0.861,0.353,0,12.0,0.6691,0.6872,43.4087,1
VH-02852,2023-07-25,19,Medium,7392.1,152.0,0.8874,0.4848,0,3.1,0.6595,0.9728,52.6406,1
VH-02853,2023-01-26,13,Heavy,5254.0,99.4,0.9437,0.4041,1,14.3,0.672,0.911,37.7203,1
VH-02854,2022-01-31,1,Medium,4953.3,122.4,0.8205,0.1992,1,5.2,0.5263,0.5112,30.5076,0
VH-02855,2023-09-23,21,Heavy,4860.6,126.0,0.464,0.2209,2,1.9,0.7114,0.7628,45.61,0
VH-02856,2023-06-25,18,Heavy,2571.8,53.3,0.6744,0.7131,1,0.7,0.5519,0.405,41.1921,1
VH-02857,2022-09-28,9,Medium,5934.0,131.6,0.8957,0.1943,1,7.2,0.3918,0.4698,57.2367,0
VH-02858,2022-05-31,5,Medium,831.8,20.0,0.5969,0.5843,1,16.3,0.7074,0.6128,43.2692,1
VH-02859,2022-10-28,10,Heavy,3620.6,81.5,0.6683,0.4237,0,5.0,0.5329,0.663,50.4571,1
VH-02860,2022-03-02,2,Medium,4534.4,104.2,0.551,0.5361,1,3.5,0.2812,0.5379,51.3947,0
VH-02861,2023-05-26,17,Medium,3315.4,70.4,0.9066,0.5719,1,3.6,0.847,0.7097,10.3691,1
VH-02862,2022-06-30,6,Medium,3822.4,90.9,0.8312,0.4186,0,1.5,0.8129,0.8079,35.8415,0
VH-02863,2022-04-01,3,Medium,7259.1,165.9,0.8281,0.7504,0,11.3,0.4692,0.8292,7.6602,1
VH-02864,2023-07-25,19,Light,6156.0,121.0,0.5428,0.4697,2,4.3,0.1661,0.7246,54.6036,0
VH-02865,2022-05-01,4,Medium,3471.3,95.0,0.9211,0.2425,1,9.7,0.2758,0.6302,42.277,0
VH-02866,2022-12-27,12,Light,3795.7,81.2,0.959,0.5676,1,7.4,0.4415,0.8485,27.2852,1
VH-02867,2022-09-28,9,Medium,2584.5,82.6,0.8223,0.4889,1,3.4,0.8779,0.7902,24.5138,1
VH-02868,2022-09-28,9,Medium,5557.5,129.8,0.8478,0.5863,2,5.6,0.2388,0.9433,29.864,1
VH-02869,2023-08-24,20,Heavy,4125.4,121.2,0.6773,0.555,1,2.1,0.2284,0.8872,47.2694,0
VH-02870,2022-10-28,10,Light,1550.3,52.1,0.7514,0.7896,1,6.1,0.3856,0.8706,28.1023,0
VH-02871,2022-11-27,11,Medium,4651.2,106.8,0.6082,0.5674,0,9.5,0.4548,0.7775,29.0541,0
VH-02872,2022-12-27,12,Medium,5158.5,103.8,0.7131,0.5124,1,2.5,0.567,0.3919,15.2104,1
VH-02873,2022-10-28,10,Light,5944.7,121.6,0.7733,0.1723,1,9.9,0.5382,0.8572,39.0844,0
VH-02874,2023-07-25,19,Light,4390.0,105.6,0.5337,0.4233,1,3.9,0.2988,0.8455,58.2376,0
VH-02875,2023-10-23,22,Light,3941.0,89.7,0.7394,0.209,0,11.5,0.605,0.5054,31.0196,0
VH-02876,2023-01-26,13,Light,7479.4,157.4,0.7757,0.6653,0,3.0,0.4758,0.7448,51.9796,1
VH-02877,2023-03-27,15,Medium,4509.9,112.7,0.85,0.6242,1,2.9,0.4652,0.6523,22.9018,0
VH-02878,2022-07-30,7,Medium,5579.3,124.6,0.7918,0.2267,0,3.0,0.4834,0.7422,55.4442,0
VH-02879,2022-01-01,0,Medium,3690.7,94.6,0.5989,0.5249,1,1.5,0.3054,0.6648,42.9709,1
VH-02880,2023-06-25,18,Light,5534.9,108.4,0.7323,0.2398,0,1.5,0.4261,0.6899,30.2382,1
VH-02881,2023-07-25,19,Light,2316.6,66.5,0.6175,0.6996,1,0.7,0.4413,0.5039,22.6895,0
VH-02882,2023-09-23,21,Light,3806.9,92.1,0.4985,0.6113,0,5.2,0.7213,0.9584,46.7497,1
VH-02883,2022-03-02,2,Medium,2687.6,77.7,0.8513,0.2767,0,2.5,0.7337,0.8667,53.6373,1
VH-02884,2022-01-01,0,Medium,3592.5,94.5,0.5316,0.5038,1,1.7,0.2931,0.7958,25.3055,0
VH-02885,2023-11-22,23,Medium,6375.7,140.4,0.6864,0.5835,0,4.7,0.8393,0.788,22.4545,1
VH-02886,2023-02-25,14,Light,3581.5,77.1,0.7577,0.5042,0,2.5,0.5015,0.7754,66.9812,0
VH-02887,2022-01-01,0,Light,5577.4,150.7,0.5527,0.2184,1,6.7,0.6644,0.4597,21.7724,0
VH-02888,2022-05-01,4,Heavy,6775.9,146.2,0.7604,0.4608,0,13.0,0.502,0.8875,20.322,1
VH-02889,2023-02-25,14,Light,4458.6,110.3,0.732,0.2575,1,1.4,0.2622,0.7344,58.2415,0
VH-02890,2023-11-22,23,Light,5990.7,127.4,0.597,0.493,2,4.8,0.8163,0.4697,3.6465,1
VH-02891,2022-11-27,11,Light,5296.6,89.8,0.7828,0.5383,2,13.5,0.9422,0.5799,9.3447,1
VH-02892,2022-05-31,5,Heavy,4674.7,85.5,0.8838,0.099,1,5.4,0.4445,0.8281,42.3764,1
VH-02893,2022-05-31,5,Medium,5625.5,131.1,0.726,0.5051,2,5.1,0.6621,0.5141,29.4779,1
VH-02894,2023-02-25,14,Medium,7259.9,171.8,0.8538,0.25,0,9.2,0.5834,0.9359,17.0749,1
VH-02895,2022-01-31,1,Heavy,3544.1,84.9,0.671,0.353,0,2.1,0.6848,0.8023,48.1653,0
VH-02896,2022-08-29,8,Light,3061.2,85.2,0.9257,0.156,0,11.1,0.5975,0.7606,27.3147,0
VH-02897,2022-11-27,11,Heavy,2973.1,71.9,0.6925,0.8019,1,1.2,0.7456,0.7393,47.5509,1
VH-02898,2022-10-28,10,Light,5991.6,121.5,0.9413,0.4016,1,3.4,0.3657,0.4802,21.828,1
VH-02899,2023-07-25,19,Medium,6194.1,146.6,0.965,0.7378,0,3.2,0.3048,0.734,22.1389,1
VH-02900,2023-09-23,21,Medium,3694.4,84.6,0.6664,0.5362,1,4.0,0.597,0.699,63.7072,1
VH-02901,2022-10-28,10,Medium,1296.0,20.2,0.9419,0.3141,0,7.1,0.8967,0.7851,27.58,1
VH-02902,2022-03-02,2,Heavy,3487.9,84.6,0.5252,0.3682,0,0.8,0.9384,0.4887,67.8116,0
VH-02903,2022-07-30,7,Light,5321.8,119.5,0.6881,0.2561,3,3.1,0.9582,0.7851,63.9347,0
VH-02904,2022-01-01,0,Heavy,4399.9,88.7,0.5672,0.3554,1,6.0,0.603,0.7544,68.5291,0
VH-02905,2023-03-27,15,Medium,4770.5,103.3,0.5884,0.6498,2,9.4,0.8273,0.6558,18.3465,0
VH-02906,2023-04-26,16,Medium,3715.0,103.8,0.7039,0.5445,0,7.8,0.4716,0.8622,23.6408,0
VH-02907,2022-04-01,3,Heavy,6021.1,154.5,0.9375,0.1762,2,3.2,0.1031,0.4239,6.1106,1
VH-02908,2022-05-01,4,Light,5014.8,114.3,0.9207,0.0873,2,7.7,0.3823,0.7984,58.5159,0
VH-02909,2022-10-28,10,Heavy,5379.7,120.4,0.3806,0.4612,2,1.5,0.8426,0.6196,42.5139,0
VH-02910,2022-05-31,5,Medium,4738.6,83.8,0.7194,0.3491,0,10.6,0.7483,0.5753,32.0416,0
VH-02911,2023-01-26,13,Heavy,5286.6,143.3,0.4335,0.2977,0,8.9,0.3992,0.7404,32.2754,0
VH-02912,2022-12-27,12,Light,5187.9,130.8,0.7611,0.2867,0,3.4,0.5366,0.8053,57.9222,0
VH-02913,2022-08-29,8,Medium,3107.9,80.3,0.5567,0.1829,0,6.6,0.4839,0.9607,63.6387,0
VH-02914,2023-09-23,21,Medium,5059.6,78.3,0.697,0.7182,0,1.8,0.5853,0.7408,38.4928,0
VH-02915,2022-01-31,1,Medium,5687.3,127.0,0.764,0.1876,1,10.4,0.4922,0.7714,31.7693,0
VH-02916,2023-09-23,21,Light,6232.7,136.6,0.7334,0.5722,0,1.2,0.2081,0.4222,31.4531,0
VH-02917,2023-01-26,13,Light,5124.2,124.1,0.8462,0.574,2,4.7,0.5714,0.4593,18.7783,1
VH-02918,2023-06-25,18,Heavy,3052.1,61.1,0.7457,0.4386,0,4.5,0.9037,0.6947,19.5518,1
VH-02919,2022-05-01,4,Light,3283.0,69.5,0.7403,0.1638,0,13.1,0.5077,0.711,68.3538,0
VH-02920,2022-07-30,7,Heavy,3847.3,94.8,0.8353,0.7144,2,3.2,0.5772,0.5521,30.9888,1
VH-02921,2023-06-25,18,Heavy,4784.2,94.7,0.8488,0.7268,0,2.5,0.4571,0.943,34.879,1
VH-02922,2023-05-26,17,Light,4316.6,87.3,0.7451,0.1369,1,11.0,0.9044,0.4785,23.3481,1
VH-02923,2023-06-25,18,Light,2814.4,65.4,0.4697,0.5718,2,4.5,0.5253,0.2874,25.9564,0
VH-02924,2023-11-22,23,Medium,2805.4,82.4,0.548,0.1573,2,12.6,0.5475,0.7686,28.2177,0
VH-02925,2022-01-31,1,Light,1352.2,42.2,0.7254,0.2526,0,5.4,0.8711,0.4328,52.4322,0
VH-02926,2023-05-26,17,Medium,800.0,33.9,0.8329,0.3832,1,4.1,0.6331,0.6862,21.7071,0
VH-02927,2022-01-31,1,Medium,4302.3,96.6,0.4751,0.444,0,8.1,0.2282,0.6374,21.0717,0
VH-02928,2022-09-28,9,Medium,7980.3,199.8,0.8682,0.2874,1,10.8,0.5456,0.8717,19.0184,0
VH-02929,2022-08-29,8,Medium,7195.2,133.8,0.8337,0.3907,0,6.9,0.4691,0.497,35.8158,0
VH-02930,2023-07-25,19,Medium,3032.7,97.7,0.7626,0.3843,2,8.5,0.526,0.8478,50.8133,0
VH-02931,2023-05-26,17,Medium,4724.9,137.3,0.6745,0.4013,1,6.9,0.4171,0.4663,33.6872,1
VH-02932,2023-02-25,14,Light,2303.1,58.0,0.8175,0.2678,0,4.5,0.2496,0.5106,14.1649,1
VH-02933,2023-10-23,22,Medium,2531.8,68.7,0.4146,0.4228,1,2.0,0.5281,0.8981,56.4119,0
VH-02934,2022-09-28,9,Heavy,2703.8,59.5,0.8432,0.426,1,1.7,0.8016,0.9314,59.7121,0
VH-02935,2023-01-26,13,Medium,4161.8,89.3,0.4599,0.5337,0,6.0,0.1855,0.8487,59.7497,0
VH-02936,2022-07-30,7,Medium,4226.3,84.8,0.4678,0.5184,0,15.8,0.5103,0.7755,64.4778,1
VH-02937,2023-06-25,18,Medium,4879.1,107.7,0.7482,0.5983,0,5.8,0.522,0.618,40.782,0
VH-02938,2023-02-25,14,Light,5494.8,130.4,0.3184,0.0607,0,1.7,0.6084,0.6968,67.4985,0
VH-02939,2023-10-23,22,Light,3994.7,95.1,0.4966,0.7489,0,5.5,0.766,0.953,55.35,0
VH-02940,2023-06-25,18,Light,4554.3,131.0,0.7884,0.7303,0,6.8,0.6872,0.9214,40.5791,0
VH-02941,2022-09-28,9,Heavy,2859.3,65.0,0.4677,0.258,2,5.4,0.1101,0.7938,43.1607,0
VH-02942,2022-12-27,12,Light,2483.3,32.9,0.7858,0.7389,0,2.3,0.6667,0.5475,4.8021,1
VH-02943,2023-01-26,13,Heavy,2251.5,74.7,0.3849,0.2055,1,4.2,0.5892,0.6279,46.0232,0
VH-02944,2023-08-24,20,Light,5473.9,103.3,0.7393,0.1935,2,8.9,0.6797,0.8148,48.5237,0
VH-02945,2022-12-27,12,Medium,3993.1,80.3,0.6044,0.2381,1,1.4,0.5514,0.6319,37.2032,0
VH-02946,2022-10-28,10,Medium,1693.3,41.7,0.6593,0.5229,1,1.3,0.7082,0.7415,49.0001,0
VH-02947,2022-05-31,5,Medium,4405.4,104.2,0.5677,0.3502,0,1.2,0.7558,0.5185,31.8115,0
VH-02948,2022-01-31,1,Heavy,2626.8,36.7,0.7297,0.5894,2,9.4,0.5694,0.6813,19.7009,1
VH-02949,2022-09-28,9,Heavy,6990.6,144.1,0.6089,0.3357,1,5.1,0.3319,0.8954,62.3184,0
VH-02950,2023-02-25,14,Heavy,3631.8,58.5,0.6157,0.1576,2,2.4,0.788,0.8271,65.4863,0
VH-02951,2022-10-28,10,Light,5522.3,132.0,0.5401,0.4237,0,4.1,0.5311,0.6068,69.5897,0
VH-02952,2022-01-01,0,Heavy,6133.4,154.0,0.5516,0.679,0,1.3,0.2603,0.7358,38.8647,0
VH-02953,2023-05-26,17,Light,3067.6,49.8,0.575,0.5018,1,5.7,0.3521,0.757,26.1107,0
VH-02954,2023-09-23,21,Heavy,4614.1,117.5,0.8054,0.2393,1,22.3,0.5885,0.6445,24.4436,1
VH-02955,2023-09-23,21,Medium,5330.2,132.4,0.6586,0.2296,0,2.2,0.5947,0.7308,66.6112,0
VH-02956,2023-10-23,22,Medium,4673.3,94.0,0.7911,0.1785,0,6.6,0.568,0.7513,19.4372,0
VH-02957,2023-07-25,19,Light,5041.7,82.3,0.9799,0.6579,1,15.2,0.4439,0.6385,39.8348,1
VH-02958,2022-08-29,8,Light,2505.6,39.6,0.7156,0.4642,0,9.9,0.2418,0.6658,59.2808,0
VH-02959,2022-07-30,7,Light,5331.1,109.5,0.7505,0.2472,2,4.0,0.4485,0.8205,32.2344,1
VH-02960,2023-11-22,23,Heavy,3770.8,106.9,0.6465,0.2685,0,2.4,0.5169,0.3968,5.0576,1
VH-02961,2022-04-01,3,Heavy,5024.2,109.9,0.7502,0.0983,0,7.0,0.7452,0.852,40.6019,1
VH-02962,2022-04-01,3,Heavy,5880.0,115.6,0.3764,0.487,0,1.0,0.5253,0.8908,31.7021,0
VH-02963,2022-01-31,1,Light,5503.2,124.5,0.945,0.3536,2,7.0,0.5879,0.6771,26.77,1
VH-02964,2022-05-31,5,Medium,5023.1,92.2,0.7488,0.6261,0,2.0,0.3389,0.8153,18.7084,0
VH-02965,2022-09-28,9,Medium,5463.2,129.1,0.8278,0.6596,1,10.2,0.561,0.4003,17.0152,1
VH-02966,2022-03-02,2,Medium,5532.6,108.3,0.9165,0.6433,1,2.2,0.4969,0.674,32.4181,1
VH-02967,2022-10-28,10,Medium,6743.3,137.4,0.7414,0.2394,0,7.1,0.1962,0.6115,54.6249,1
VH-02968,2022-09-28,9,Medium,4448.9,104.5,0.6643,0.2077,1,6.3,0.4797,0.9471,35.5778,0
VH-02969,2022-08-29,8,Medium,4745.9,131.7,0.3182,0.3261,0,1.2,0.6439,0.6949,27.0294,0
VH-02970,2022-09-28,9,Light,5898.1,164.0,0.7924,0.6568,2,10.0,0.4922,0.7019,36.9875,1
VH-02971,2023-10-23,22,Medium,3764.4,68.1,0.4755,0.8377,0,17.6,0.4798,0.5396,51.8289,1
VH-02972,2022-12-27,12,Medium,2497.1,46.5,0.5962,0.3449,1,6.8,0.3936,0.9106,34.222,0
VH-02973,2022-12-27,12,Light,5239.8,124.2,0.7513,0.1368,0,1.8,0.4084,0.5912,53.01,0
VH-02974,2022-07-30,7,Heavy,4191.0,110.7,0.7134,0.4112,0,0.4,0.5926,0.5287,26.9016,1
VH-02975,2023-09-23,21,Medium,2688.7,27.3,0.7205,0.5527,0,3.5,0.7847,0.8382,19.4077,1
VH-02976,2022-01-31,1,Heavy,5250.8,118.0,0.8794,0.6903,0,7.6,0.6137,0.6239,26.3734,1
VH-02977,2022-01-31,1,Medium,6646.7,140.4,0.852,0.1588,0,1.7,0.3573,0.5026,39.3308,0
VH-02978,2022-07-30,7,Heavy,2055.4,20.0,0.9065,0.643,0,1.8,0.7767,0.8318,25.5126,1
VH-02979,2023-04-26,16,Heavy,6033.5,114.0,0.313,0.6947,1,6.2,0.6395,0.7923,69.9078,0
VH-02980,2023-11-22,23,Heavy,800.0,20.0,0.4647,0.1653,0,15.9,0.3897,0.916,32.7257,0
VH-02981,2022-05-31,5,Medium,3899.6,87.5,0.866,0.549,1,3.3,0.9066,0.87,22.2232,1
VH-02982,2022-11-27,11,Medium,7260.8,176.5,0.7166,0.1612,0,3.5,0.5483,0.7456,26.8626,0
VH-02983,2022-05-01,4,Light,4007.5,94.4,0.8674,0.6092,0,8.8,0.3776,0.5463,19.2319,1
VH-02984,2022-01-01,0,Medium,4634.9,117.2,0.7422,0.7162,1,10.0,0.3151,0.4774,33.1961,1
VH-02985,2023-09-23,21,Light,5644.3,125.8,0.4911,0.2204,1,4.3,0.8579,0.6611,31.1329,0
VH-02986,2022-09-28,9,Light,1925.3,32.2,0.7327,0.1721,0,11.8,0.4187,0.824,47.0921,0
VH-02987,2023-07-25,19,Light,4608.1,99.6,0.3183,0.5035,2,7.5,0.3365,0.5969,56.0019,0
VH-02988,2022-04-01,3,Medium,4596.3,112.6,0.7567,0.5593,1,2.3,0.6926,0.7629,61.772,1
VH-02989,2023-02-25,14,Light,7293.5,177.6,0.9259,0.361,1,6.1,0.5265,0.6424,22.0665,1
VH-02990,2022-11-27,11,Medium,2646.4,56.6,0.7792,0.39,3,3.6,0.5573,0.4469,33.1435,0
VH-02991,2022-12-27,12,Heavy,3927.7,73.3,0.7889,0.5797,0,8.5,0.4792,0.9073,30.5985,0
VH-02992,2023-08-24,20,Heavy,3107.5,74.1,0.4297,0.2997,0,2.0,0.8008,0.6085,62.2743,0
VH-02993,2023-03-27,15,Medium,2948.4,72.7,0.4765,0.678,1,1.9,0.4766,0.8596,67.6749,0
VH-02994,2023-01-26,13,Medium,6191.1,156.1,0.1878,0.1683,2,7.0,0.4283,0.7906,65.8295,0
VH-02995,2023-02-25,14,Medium,4540.0,90.7,0.9006,0.6042,0,7.1,0.3336,0.8,61.1931,0
VH-02996,2022-12-27,12,Medium,3666.6,71.5,0.9843,0.3332,2,5.5,0.3546,0.6236,36.776,1
VH-02997,2022-10-28,10,Medium,3723.2,94.1,0.5182,0.5295,2,3.5,0.7343,0.6187,31.1714,0
VH-02998,2022-11-27,11,Light,3655.2,75.1,0.7926,0.2752,1,4.1,0.156,0.6667,22.051,0
VH-02999,2023-08-24,20,Heavy,3789.3,77.5,0.6956,0.4051,0,3.4,0.7355,0.7001,52.0385,1
VH-03000,2023-11-22,23,Light,2603.3,76.7,0.6113,0.0197,0,10.1,0.4407,0.5501,26.2146,0
VH-03001,2022-10-28,10,Heavy,4111.9,70.8,0.5348,0.4841,4,5.3,0.6032,0.6499,67.1379,0
VH-03002,2023-10-23,22,Medium,3961.2,118.9,0.4198,0.2314,1,3.6,0.4615,0.7461,26.9341,0
VH-03003,2022-08-29,8,Light,3363.3,65.6,0.3618,0.466,0,3.9,0.6654,0.6041,52.2258,0
VH-03004,2023-10-23,22,Heavy,4732.6,118.2,0.8042,0.7724,0,7.4,0.8134,0.8405,32.1725,1
VH-03005,2022-08-29,8,Light,4859.8,106.4,0.6363,0.1588,3,9.2,0.4762,0.2622,16.5573,1
VH-03006,2022-04-01,3,Heavy,3665.0,85.5,0.7823,0.2378,0,14.0,0.6039,0.5691,38.6981,1
VH-03007,2022-07-30,7,Medium,4283.8,91.3,0.8574,0.5476,0,10.7,0.68,0.8273,55.5756,1
VH-03008,2023-09-23,21,Light,7737.9,184.8,0.5331,0.226,0,1.4,0.4629,0.6531,48.0125,1
VH-03009,2022-04-01,3,Light,7680.6,165.5,0.6187,0.5304,0,8.5,0.6307,0.7634,28.0251,1
VH-03010,2023-07-25,19,Heavy,2918.9,56.3,0.8931,0.3825,1,3.4,0.6104,0.6747,21.6977,0
VH-03011,2023-11-22,23,Medium,3128.3,96.7,0.9355,0.048,2,5.2,0.5361,0.5506,62.8833,0
VH-03012,2022-07-30,7,Heavy,2910.9,65.1,0.742,0.5462,2,1.0,0.3162,0.6878,60.8654,1
VH-03013,2022-03-02,2,Heavy,6085.6,125.1,0.8986,0.3969,1,2.5,0.7188,0.5768,0.4611,1
VH-03014,2022-09-28,9,Medium,3902.2,64.4,0.7614,0.3431,0,6.5,0.2063,0.6432,64.3475,0
VH-03015,2022-06-30,6,Medium,4859.5,136.0,0.5222,0.4252,2,11.3,0.7796,0.8896,27.7874,1
VH-03016,2022-09-28,9,Heavy,7495.5,158.3,0.6909,0.5271,1,5.7,0.4202,0.7912,55.2643,1
VH-03017,2022-04-01,3,Heavy,4484.3,130.6,0.5086,0.1455,0,2.2,0.7422,0.8416,29.1239,0
VH-03018,2023-04-26,16,Light,5559.4,129.5,0.6465,0.6007,0,4.5,0.1623,0.6217,43.4068,0
VH-03019,2023-07-25,19,Medium,5280.6,119.5,0.8073,0.2886,0,7.1,0.4699,0.6358,21.1063,0
VH-03020,2023-10-23,22,Light,3617.7,82.9,0.5052,0.3641,0,12.1,0.719,0.4739,52.4432,0
VH-03021,2022-04-01,3,Medium,6088.7,168.5,0.7855,0.4986,1,3.6,0.5951,0.52,21.1685,0
VH-03022,2023-06-25,18,Heavy,3225.4,38.8,0.7394,0.8213,0,8.1,0.5999,0.1459,26.2835,1
VH-03023,2022-08-29,8,Medium,6509.8,147.9,0.7629,0.1595,0,16.3,0.8316,0.8953,52.6014,0
VH-03024,2022-05-01,4,Medium,3618.8,76.4,0.935,0.3728,1,0.8,0.0345,0.7678,32.4072,0
VH-03025,2023-09-23,21,Medium,3783.0,80.9,0.7212,0.6925,1,5.6,0.3119,0.5696,51.3643,0
VH-03026,2022-11-27,11,Light,2867.3,66.0,0.8861,0.0216,1,4.5,0.2995,0.6019,33.7677,0
VH-03027,2022-05-01,4,Medium,3113.6,65.2,0.5288,0.3133,0,6.4,0.4827,0.6246,26.3845,0
VH-03028,2022-03-02,2,Heavy,3859.9,88.6,0.4823,0.4465,2,2.2,0.2509,0.8173,55.2284,1
VH-03029,2022-04-01,3,Medium,853.0,20.0,0.7435,0.3168,0,11.5,0.5207,0.8954,25.0164,0
VH-03030,2022-12-27,12,Medium,4150.0,72.5,0.8239,0.3736,0,4.0,0.7947,0.88,45.0013,0
VH-03031,2022-01-01,0,Heavy,3738.0,88.8,0.5285,0.5559,0,7.9,0.6381,0.7177,61.5079,0
VH-03032,2023-06-25,18,Light,5685.0,137.1,0.7082,0.6377,1,8.6,0.297,0.9059,47.256,0
VH-03033,2022-04-01,3,Medium,5134.5,106.0,0.5511,0.3424,0,10.4,0.3055,0.9754,58.4436,0
VH-03034,2023-10-23,22,Light,3438.5,104.4,0.8068,0.2528,0,2.8,0.6194,0.6729,25.2318,0
VH-03035,2023-02-25,14,Heavy,3812.2,104.7,0.7013,0.1676,2,5.6,0.4709,0.9853,66.0546,0
VH-03036,2022-10-28,10,Heavy,4148.1,104.8,0.7118,0.5059,1,5.3,0.7064,0.9513,40.753,0
VH-03037,2023-07-25,19,Medium,6728.9,162.0,0.5557,0.6574,0,6.6,0.7218,0.4853,37.1733,1
VH-03038,2023-08-24,20,Light,3266.5,73.0,0.3634,0.1266,3,1.3,0.3273,0.3994,38.9942,0
VH-03039,2023-05-26,17,Light,3420.4,93.1,0.6533,0.2766,1,5.3,0.4255,0.7719,39.3424,0
VH-03040,2022-08-29,8,Medium,2807.1,85.9,0.8529,0.3061,0,4.2,0.4816,0.7593,4.8161,1
VH-03041,2023-10-23,22,Medium,2276.9,62.7,0.5586,0.6188,2,1.1,0.8396,0.5574,48.7925,1
VH-03042,2022-08-29,8,Heavy,4960.5,101.7,0.9592,0.4835,2,34.9,0.6987,0.8865,15.8167,1
VH-03043,2023-01-26,13,Heavy,4804.4,106.2,0.6185,0.3906,1,5.7,0.8082,0.3859,9.0337,1
VH-03044,2022-05-31,5,Medium,6424.1,151.4,0.6441,0.4741,1,13.5,0.4141,0.4675,26.3736,1
VH-03045,2022-01-01,0,Heavy,6062.1,147.3,0.4949,0.3268,1,0.7,0.3445,0.6753,29.2227,0
VH-03046,2022-01-01,0,Heavy,8095.7,178.7,0.764,0.2099,1,5.3,0.49,0.7477,11.9292,1
VH-03047,2022-09-28,9,Medium,4389.2,89.0,0.9543,0.453,1,4.9,0.6127,0.8195,42.2072,0
VH-03048,2022-07-30,7,Medium,4109.2,115.1,0.5241,0.6624,0,8.8,0.8528,0.5983,29.5137,0
VH-03049,2022-07-30,7,Heavy,2549.7,40.6,0.8459,0.4629,0,6.0,0.16,0.3605,26.3421,0
VH-03050,2022-06-30,6,Light,5544.9,109.1,0.6944,0.6168,0,20.6,0.6381,0.8107,17.7014,1
VH-03051,2022-01-31,1,Heavy,4677.8,84.0,0.4858,0.608,1,10.1,0.1309,0.7738,33.6918,0
VH-03052,2023-05-26,17,Light,5476.9,107.6,0.7028,0.467,2,5.7,0.3721,0.5846,33.3275,0
VH-03053,2022-05-31,5,Medium,2791.3,80.7,0.9052,0.6558,1,9.2,0.5828,0.6766,38.907,1
VH-03054,2022-06-30,6,Heavy,5027.4,130.9,0.6745,0.508,3,4.8,0.5782,0.8409,32.9766,1
VH-03055,2022-01-31,1,Medium,4807.8,105.7,0.7514,0.4735,0,5.9,0.4565,0.6007,36.9793,0
VH-03056,2022-12-27,12,Medium,4708.6,112.1,0.8878,0.5166,0,8.1,0.9642,0.7453,35.7337,0
VH-03057,2023-08-24,20,Medium,3475.1,77.1,0.461,0.2056,0,3.2,0.3629,0.5276,46.1536,0
VH-03058,2023-02-25,14,Light,6284.0,121.8,0.67,0.7465,0,2.9,0.6828,0.8148,22.8805,1
VH-03059,2022-01-01,0,Light,7575.5,201.6,0.6697,0.3158,1,1.8,0.745,0.8081,55.7654,1
VH-03060,2022-01-01,0,Medium,2834.5,83.6,0.7642,0.1688,0,10.3,0.6056,0.7411,18.9593,0
VH-03061,2023-10-23,22,Medium,5580.7,129.3,0.7752,0.7838,2,4.3,0.3973,0.7597,18.6443,0
VH-03062,2022-01-01,0,Medium,800.0,20.0,0.8234,0.2222,2,6.7,0.9874,0.7172,30.3605,0
VH-03063,2023-11-22,23,Light,5502.9,118.9,0.6576,0.4352,1,7.5,0.6418,0.725,19.6569,1
VH-03064,2022-11-27,11,Heavy,1694.8,27.3,0.6349,0.1256,0,1.8,0.5924,0.8479,62.5479,0
VH-03065,2022-01-01,0,Medium,3712.5,84.0,0.4751,0.2384,0,3.0,0.2834,0.8215,57.8534,0
VH-03066,2022-05-31,5,Medium,2530.5,60.9,0.7541,0.4198,1,2.9,0.5574,0.5479,23.4562,1
VH-03067,2022-08-29,8,Medium,4176.6,87.7,0.8039,0.7767,0,5.5,0.6718,0.8205,16.8834,1
VH-03068,2022-01-31,1,Light,5758.2,106.1,0.6857,0.4532,0,8.1,0.5482,0.9708,44.4808,0
VH-03069,2023-11-22,23,Heavy,1714.0,70.1,0.6604,0.3698,2,9.5,0.6296,0.869,23.9996,0
VH-03070,2023-11-22,23,Medium,3960.8,91.6,0.7935,0.7763,2,8.5,0.7103,0.6743,5.3645,1
VH-03071,2023-09-23,21,Light,3729.9,89.7,0.9689,0.5585,1,9.8,0.5288,0.7165,27.6763,1
VH-03072,2023-11-22,23,Heavy,6871.6,146.4,0.7546,0.1413,2,14.1,0.6286,0.1893,19.257,0
VH-03073,2022-08-29,8,Heavy,5147.6,91.0,0.6034,0.312,1,1.2,0.5759,0.8778,10.9191,1
VH-03074,2022-07-30,7,Heavy,2734.2,59.5,0.4616,0.4489,0,2.7,0.6187,0.7306,20.8283,0
VH-03075,2023-06-25,18,Heavy,3793.1,79.4,0.9482,0.8012,0,5.0,0.531,0.6361,10.1554,1
VH-03076,2023-01-26,13,Heavy,6834.2,162.5,0.5821,0.1147,1,4.0,0.7922,0.7618,20.4948,1
VH-03077,2023-04-26,16,Medium,5571.5,137.4,0.7475,0.1464,1,5.7,0.3857,0.7978,9.2169,1
VH-03078,2022-01-01,0,Medium,3122.6,80.9,0.6302,0.225,0,10.6,0.4257,0.9463,52.7527,0
VH-03079,2022-04-01,3,Medium,4099.4,105.9,0.621,0.3176,3,1.4,0.7682,0.6891,62.2201,1
VH-03080,2023-11-22,23,Medium,4147.3,119.2,0.6167,0.4107,1,15.9,0.3676,0.8262,38.2916,0
VH-03081,2022-09-28,9,Light,3693.0,87.9,0.6581,0.2984,1,5.2,0.7369,0.7617,47.446,0
VH-03082,2022-09-28,9,Light,1934.7,59.5,0.816,0.2801,0,5.4,0.4232,0.7028,23.3501,0
VH-03083,2023-10-23,22,Medium,3483.6,84.8,0.4462,0.6649,0,5.5,0.8077,0.7154,40.4339,0
VH-03084,2022-07-30,7,Heavy,6583.8,117.8,0.7804,0.288,0,5.0,0.1117,0.8006,57.594,0
VH-03085,2023-07-25,19,Heavy,3928.3,85.0,0.9537,0.1331,1,7.3,0.3467,0.5664,42.3536,0
VH-03086,2023-03-27,15,Medium,4345.1,83.5,0.7188,0.2788,1,5.2,0.5558,0.6595,35.6506,1
VH-03087,2023-03-27,15,Light,4710.8,108.2,0.5903,0.3875,0,22.0,0.5121,0.5648,59.2906,1
VH-03088,2023-08-24,20,Medium,7827.2,162.1,0.8247,0.3414,3,0.2,0.467,0.7408,54.3747,1
VH-03089,2022-06-30,6,Medium,4513.3,109.4,0.7037,0.4873,1,1.6,0.661,0.9144,20.3474,0
VH-03090,2023-09-23,21,Heavy,6140.9,151.2,0.7749,0.4816,2,4.2,0.511,0.5119,16.9406,1
VH-03091,2023-03-27,15,Heavy,3602.7,98.1,0.8197,0.2153,0,16.3,0.238,0.5808,50.8134,0
VH-03092,2022-06-30,6,Heavy,4110.9,115.6,0.9148,0.5379,1,10.4,0.8433,0.6883,15.3513,1
VH-03093,2023-05-26,17,Heavy,4518.8,75.3,0.6143,0.1706,0,5.0,0.6954,0.9017,59.9601,0
VH-03094,2022-01-31,1,Heavy,3338.8,56.2,0.722,0.5961,2,1.7,0.5679,0.7591,40.6748,1
VH-03095,2023-09-23,21,Medium,4194.4,137.1,0.8292,0.4201,0,11.6,0.5915,0.698,38.2018,1
VH-03096,2023-03-27,15,Light,5832.1,144.7,0.5591,0.3906,0,3.1,0.4682,0.7326,18.3896,0
VH-03097,2022-01-31,1,Light,3299.5,76.7,0.7029,0.4623,1,0.5,0.3536,0.6725,28.5787,0
VH-03098,2022-07-30,7,Medium,4500.1,100.5,0.9483,0.1982,1,13.5,0.3455,0.5981,25.5573,0
VH-03099,2023-01-26,13,Medium,5563.1,122.8,0.9312,0.2928,1,3.2,0.3212,0.5431,41.2749,1
VH-03100,2022-07-30,7,Light,3263.3,43.5,0.693,0.3308,1,11.1,0.4954,0.5929,47.9763,1
VH-03101,2022-06-30,6,Heavy,6143.1,124.9,0.9715,0.1943,0,3.1,0.5528,0.5168,10.3554,1
VH-03102,2022-01-01,0,Light,4609.3,100.8,0.8181,0.1843,0,5.8,0.3712,0.8575,37.5469,0
VH-03103,2023-07-25,19,Heavy,4252.3,83.8,0.7575,0.2884,0,1.9,0.3351,0.8933,61.5952,0
VH-03104,2023-07-25,19,Heavy,1487.8,24.3,0.8636,0.7855,0,2.7,0.0862,0.6718,21.6778,0
VH-03105,2022-05-01,4,Medium,3939.6,125.9,0.5531,0.4147,1,4.6,0.5684,0.8857,31.7341,0
VH-03106,2023-01-26,13,Medium,5057.4,108.6,0.7398,0.1601,2,5.7,0.3852,0.487,29.294,0
VH-03107,2023-10-23,22,Medium,7118.0,162.3,0.8152,0.627,0,8.0,0.5841,0.5133,26.0312,1
VH-03108,2022-11-27,11,Medium,5351.8,122.6,0.7774,0.4019,2,0.7,0.5893,0.9208,15.3077,1
VH-03109,2022-04-01,3,Light,6189.3,146.4,0.893,0.294,1,7.3,0.5728,0.3753,13.3363,1
VH-03110,2023-05-26,17,Heavy,2686.3,52.5,0.7785,0.6556,1,5.6,0.6449,0.8777,27.7355,0
VH-03111,2022-11-27,11,Medium,4309.8,114.5,0.6329,0.1333,1,16.5,0.3127,0.7875,35.4195,0
VH-03112,2023-08-24,20,Medium,6331.1,147.3,0.6508,0.1957,0,6.4,0.4049,0.7848,43.6629,0
VH-03113,2022-11-27,11,Heavy,3168.4,51.1,0.4718,0.6527,0,0.7,0.5285,0.7943,42.9886,0
VH-03114,2023-11-22,23,Medium,5947.8,130.6,0.8182,0.6481,2,2.4,0.3019,0.9682,11.8685,1
VH-03115,2022-03-02,2,Medium,5600.0,121.9,0.4678,0.4877,1,7.0,0.2419,0.5839,44.6621,0
VH-03116,2023-09-23,21,Medium,4912.1,105.9,0.8079,0.4027,1,4.4,0.2691,0.8104,22.1782,0
VH-03117,2023-08-24,20,Light,4006.9,96.7,0.7354,0.0196,0,1.2,0.2586,0.8634,59.892,0
VH-03118,2023-03-27,15,Medium,3020.6,76.6,0.8158,0.3239,0,5.2,0.3061,0.9496,29.6217,0
VH-03119,2023-02-25,14,Medium,7163.1,166.9,0.6011,0.3181,0,2.6,0.3508,0.6482,36.2033,0
VH-03120,2023-05-26,17,Medium,5447.8,126.1,0.7855,0.5494,3,5.1,0.4403,0.7769,23.8268,0
VH-03121,2022-10-28,10,Light,5010.9,112.6,0.8299,0.3694,0,3.6,0.5183,0.7815,30.6942,0
VH-03122,2022-10-28,10,Medium,3880.7,54.0,0.9562,0.4798,0,5.3,0.3845,0.7179,36.1309,0
VH-03123,2022-04-01,3,Medium,4556.8,112.9,0.8404,0.4464,1,4.4,0.5886,0.8113,47.5467,1
VH-03124,2023-05-26,17,Medium,4747.1,112.8,0.7015,0.4207,1,3.6,0.4028,0.7793,40.0957,0
VH-03125,2022-03-02,2,Light,5099.8,98.6,0.7115,0.4493,1,8.9,0.4681,0.895,25.0847,0
VH-03126,2023-07-25,19,Light,5601.5,128.7,0.8374,0.3253,0,9.9,0.5937,0.2954,20.4891,0
VH-03127,2023-02-25,14,Medium,3326.3,83.6,0.5982,0.3194,1,6.8,0.6916,0.7894,40.9184,0
VH-03128,2022-06-30,6,Light,2300.1,68.7,0.563,0.3353,0,3.8,0.5169,0.7933,65.7079,0
VH-03129,2022-11-27,11,Medium,4626.4,110.5,0.9505,0.8164,2,3.6,0.6809,0.6059,18.7004,1
VH-03130,2022-06-30,6,Heavy,1879.2,46.6,0.7469,0.3998,0,6.5,0.2822,0.7436,69.3772,0
VH-03131,2023-10-23,22,Medium,4014.5,103.4,0.5628,0.7225,0,2.3,0.497,0.8039,46.4144,0
VH-03132,2022-05-01,4,Heavy,3736.2,78.4,0.6696,0.4987,0,14.4,0.4002,0.5723,68.6889,0
VH-03133,2022-09-28,9,Light,5237.6,122.6,0.7784,0.5167,0,1.7,0.6663,0.7768,20.351,0
VH-03134,2023-10-23,22,Light,7473.9,156.8,0.6765,0.172,4,1.7,0.5046,0.6738,38.2359,1
VH-03135,2023-02-25,14,Heavy,1583.1,51.8,0.8869,0.4401,0,6.1,0.5521,0.8699,67.854,0
VH-03136,2023-01-26,13,Heavy,7911.3,151.7,0.5881,0.182,0,6.6,0.4429,0.5894,70.4943,0
VH-03137,2023-07-25,19,Heavy,4150.4,104.5,0.9375,0.2568,2,2.6,0.6928,0.6819,6.4723,1
VH-03138,2023-08-24,20,Light,5021.7,111.9,0.4763,0.199,1,1.7,0.6776,0.7241,22.6281,0
VH-03139,2022-07-30,7,Heavy,2377.8,67.3,0.5176,0.35,0,3.4,0.3952,0.5271,38.4887,0
VH-03140,2023-08-24,20,Medium,5995.3,121.5,0.9509,0.4853,0,5.4,0.5122,0.7105,25.1496,1
VH-03141,2022-01-31,1,Medium,4562.2,102.7,0.8858,0.6447,0,1.6,0.4068,0.823,25.1504,0
VH-03142,2023-02-25,14,Light,4407.8,98.9,0.5743,0.1456,0,12.3,0.8303,0.5983,65.9966,1
VH-03143,2022-05-31,5,Heavy,1593.9,41.9,0.6455,0.4615,0,4.0,0.537,0.7252,69.1098,1
VH-03144,2023-05-26,17,Light,4610.7,86.7,0.514,0.3511,0,10.6,0.5813,0.6726,36.5806,0
VH-03145,2022-01-31,1,Heavy,5768.7,137.7,0.7883,0.4854,0,4.2,0.4443,0.5256,23.565,0
VH-03146,2022-05-01,4,Medium,4145.6,64.4,0.5662,0.0857,0,4.0,0.273,0.4818,54.8767,0
VH-03147,2023-08-24,20,Heavy,6261.3,129.1,0.5331,0.4251,0,5.4,0.2586,0.8561,19.8464,1
VH-03148,2023-01-26,13,Heavy,6199.3,114.3,0.7226,0.5688,0,3.6,0.683,0.8493,35.0703,1
VH-03149,2022-07-30,7,Heavy,3538.4,91.1,0.687,0.2062,1,10.3,0.546,0.7095,48.4711,0
VH-03150,2023-06-25,18,Light,6892.7,159.2,0.6648,0.6368,0,8.5,0.654,0.897,38.0744,1
VH-03151,2022-07-30,7,Light,4567.9,108.4,0.9231,0.6904,0,9.4,0.2529,0.5668,53.6924,1
VH-03152,2022-05-31,5,Medium,4574.6,123.8,0.5085,0.4151,0,4.1,0.153,0.4509,24.9759,1
VH-03153,2022-11-27,11,Medium,4648.5,98.6,0.7828,0.3661,0,5.1,0.5262,0.5984,21.8953,1
VH-03154,2023-06-25,18,Light,4604.0,111.5,0.9717,0.2631,0,6.4,0.2036,0.4053,43.0811,0
VH-03155,2022-10-28,10,Light,800.0,20.0,0.6979,0.5753,0,13.7,0.8149,0.6735,38.6509,0
VH-03156,2022-10-28,10,Medium,4221.7,92.5,0.5219,0.3175,0,9.3,0.4507,0.8967,39.9135,0
VH-03157,2023-04-26,16,Light,2454.1,74.1,0.829,0.2702,1,7.8,0.1828,0.5916,42.6911,0
VH-03158,2022-10-28,10,Light,6939.5,185.4,0.7423,0.6897,0,0.0,0.3719,0.5266,6.4863,1
VH-03159,2022-05-31,5,Heavy,6879.1,146.4,0.8703,0.3397,1,9.9,0.5749,0.5688,44.9061,0
VH-03160,2022-12-27,12,Medium,5777.9,140.9,0.9636,0.3457,2,8.7,0.4833,0.8152,34.7889,1
VH-03161,2022-05-31,5,Heavy,4142.3,96.8,0.6053,0.3968,1,6.8,0.6393,0.8296,31.4591,0
VH-03162,2022-07-30,7,Heavy,2988.0,71.4,0.8967,0.7021,0,2.9,0.5463,0.5831,34.6249,1
VH-03163,2022-10-28,10,Light,3513.6,81.8,0.676,0.4063,0,5.1,0.7668,0.9163,46.941,0
VH-03164,2023-08-24,20,Heavy,7414.0,159.8,0.6864,0.5761,2,4.2,0.7942,0.7847,10.2539,1
VH-03165,2022-12-27,12,Medium,3461.7,23.2,0.5172,0.1974,1,3.8,0.3398,0.9071,49.6428,0
VH-03166,2023-07-25,19,Medium,966.6,44.5,0.6615,0.5023,0,4.2,0.2445,0.8079,4.0927,1
VH-03167,2023-10-23,22,Light,6045.2,123.9,0.9191,0.5435,1,0.9,0.3948,0.8299,26.1163,1
VH-03168,2022-11-27,11,Light,6750.8,146.4,0.8363,0.6884,2,3.8,0.8291,0.6366,5.1439,1
VH-03169,2022-12-27,12,Light,6988.8,152.0,0.7195,0.3752,0,9.6,0.5389,0.6524,42.4239,0
VH-03170,2022-08-29,8,Medium,6057.5,122.9,0.5214,0.7556,0,16.0,0.7118,0.7658,12.5009,1
VH-03171,2022-06-30,6,Heavy,6302.3,143.7,0.724,0.2371,1,1.5,0.5017,0.3057,26.6361,1
VH-03172,2022-11-27,11,Medium,4579.4,101.1,0.4244,0.4387,0,10.0,0.6031,0.7356,8.3671,1
VH-03173,2023-03-27,15,Heavy,1385.6,20.0,0.4325,0.2549,1,1.2,0.5021,0.9123,53.3567,0
VH-03174,2022-12-27,12,Heavy,4541.8,103.2,0.4576,0.6504,1,2.9,0.7518,0.6971,22.7621,0
VH-03175,2022-01-31,1,Medium,5432.4,120.2,0.8099,0.4589,3,3.5,0.528,0.5938,34.8038,1
VH-03176,2023-11-22,23,Light,4297.1,109.4,0.9175,0.464,0,4.5,0.3925,0.7114,47.9141,0
VH-03177,2023-10-23,22,Heavy,4228.7,73.9,0.6862,0.1055,0,6.3,0.4675,0.9061,46.1377,0
VH-03178,2023-03-27,15,Medium,3053.8,55.8,0.6431,0.5299,2,0.8,0.4583,0.9124,20.9245,0
VH-03179,2023-04-26,16,Light,2997.4,77.5,0.6398,0.2737,1,8.8,0.7998,0.5953,55.5492,0
VH-03180,2023-09-23,21,Medium,7257.2,151.7,0.8825,0.2708,1,2.1,0.7388,0.8845,19.7024,1
VH-03181,2023-10-23,22,Heavy,7311.5,148.9,0.8869,0.1328,0,0.9,0.6275,0.6656,21.2778,1
VH-03182,2022-12-27,12,Medium,4496.0,91.1,0.6586,0.3689,3,18.1,0.5577,0.79,27.6378,1
VH-03183,2022-05-01,4,Medium,4922.3,107.9,0.9026,0.5813,1,7.1,0.3022,0.7458,36.645,1
VH-03184,2022-06-30,6,Light,3028.7,65.8,0.9174,0.4198,1,4.7,0.2226,0.3081,28.0712,1
VH-03185,2023-11-22,23,Light,5463.9,118.3,0.7284,0.6417,0,1.2,0.6216,0.3581,2.2219,1
VH-03186,2023-09-23,21,Light,7139.5,143.2,0.8345,0.5635,1,16.0,0.8535,0.6416,10.0049,1
VH-03187,2023-06-25,18,Heavy,2206.2,60.6,0.6541,0.3436,0,5.8,0.7673,0.9515,49.9514,0
VH-03188,2023-11-22,23,Heavy,5195.8,135.4,0.8236,0.2206,0,4.7,0.2648,0.7096,55.1736,0
VH-03189,2022-06-30,6,Light,5308.5,89.3,0.752,0.5752,1,11.7,0.5823,0.6349,39.9364,0
VH-03190,2023-05-26,17,Medium,5291.4,94.3,0.4281,0.5839,1,1.4,0.8724,0.6133,53.195,0
VH-03191,2022-06-30,6,Light,6964.2,169.8,0.6137,0.3731,3,4.9,0.7883,0.8546,43.7986,0
VH-03192,2022-03-02,2,Light,7554.0,191.4,0.4602,0.6547,0,10.1,0.8747,0.7759,30.4876,1
VH-03193,2022-12-27,12,Medium,4149.8,60.3,0.9197,0.3438,1,11.2,0.6906,0.8785,29.2435,1
VH-03194,2022-06-30,6,Medium,5509.8,134.7,0.6285,0.1863,0,11.2,0.6001,0.6878,24.0997,0
VH-03195,2022-10-28,10,Medium,4626.4,127.4,0.8934,0.4973,0,5.4,0.7519,0.7103,46.0251,1
VH-03196,2023-11-22,23,Medium,3551.8,66.0,0.7238,0.4293,0,2.2,0.5087,0.5741,66.6164,0
VH-03197,2022-06-30,6,Medium,4906.2,132.7,0.8645,0.7752,1,5.6,0.5888,0.671,18.0879,1
VH-03198,2023-07-25,19,Light,5507.2,119.7,0.8904,0.2936,1,8.0,0.4703,0.9697,70.6506,0
VH-03199,2022-01-31,1,Light,4825.4,112.0,0.7352,0.246,0,11.8,0.803,0.7038,34.835,0
VH-03200,2023-03-27,15,Heavy,3178.2,59.8,0.762,0.2891,0,10.5,0.025,0.5589,7.9941,1
VH-03201,2022-10-28,10,Heavy,3804.7,99.6,0.6745,0.1114,4,5.7,0.7585,0.6099,6.1238,1
VH-03202,2023-01-26,13,Heavy,3816.1,97.3,0.6558,0.3209,1,10.0,0.5918,0.6993,36.2328,1
VH-03203,2022-01-01,0,Heavy,3236.3,97.8,0.4882,0.4093,1,6.4,0.4521,0.7902,67.113,0
VH-03204,2023-09-23,21,Medium,4970.3,132.1,0.4042,0.1654,1,6.3,0.4357,0.5248,32.1642,0
VH-03205,2023-07-25,19,Heavy,5127.2,113.8,0.6414,0.3888,1,3.5,0.3817,0.5536,44.4108,0
VH-03206,2022-10-28,10,Medium,5969.3,179.3,0.8335,0.4159,1,4.9,0.4799,0.1555,20.226,1
VH-03207,2023-08-24,20,Light,3213.6,91.7,0.8749,0.5963,1,4.0,0.5529,0.8597,13.5648,1
VH-03208,2022-08-29,8,Light,3633.8,88.9,0.9232,0.4078,0,6.8,0.7203,0.4861,30.5093,0
VH-03209,2023-06-25,18,Light,6831.9,136.9,0.9248,0.2469,3,0.7,0.3412,0.7299,44.2743,0
VH-03210,2022-10-28,10,Light,4253.3,71.6,0.6793,0.2069,0,9.0,0.2456,0.5085,31.6944,0
VH-03211,2022-12-27,12,Medium,4545.2,79.3,0.9251,0.5291,0,2.4,0.4633,0.6934,10.2777,1
VH-03212,2022-12-27,12,Heavy,4237.3,80.2,0.4898,0.6429,0,0.4,0.4378,0.8666,34.058,0
VH-03213,2022-03-02,2,Heavy,6199.5,158.4,0.6638,0.1976,1,1.5,0.3692,0.3838,11.4216,1
VH-03214,2022-11-27,11,Medium,6257.7,146.4,0.5613,0.5546,0,10.7,0.2527,0.9585,33.1692,0
VH-03215,2022-05-31,5,Light,6169.8,127.9,0.7056,0.2075,1,4.9,0.7406,0.5887,19.289,1
VH-03216,2023-08-24,20,Heavy,4539.9,98.8,0.8062,0.4323,2,6.2,0.7117,0.5572,14.7563,1
VH-03217,2023-05-26,17,Medium,3191.3,67.1,0.5552,0.7266,0,1.6,0.2271,0.596,31.415,0
VH-03218,2023-06-25,18,Light,7387.8,176.2,0.7395,0.4909,0,12.2,0.3196,0.9284,69.1254,0
VH-03219,2023-09-23,21,Medium,5784.5,115.4,0.4442,0.2765,0,5.5,0.8377,0.645,62.8587,0
VH-03220,2022-03-02,2,Medium,3815.0,90.0,0.6875,0.2252,2,9.4,0.6701,0.7101,68.7245,0
VH-03221,2022-10-28,10,Medium,6635.7,152.0,0.5629,0.3487,0,3.1,0.4992,0.7248,44.176,1
VH-03222,2023-05-26,17,Heavy,3696.6,69.4,0.8296,0.7031,1,13.5,0.6713,0.7859,30.3949,1
VH-03223,2023-03-27,15,Heavy,6616.1,170.8,0.6086,0.3408,0,7.9,0.4229,0.374,16.9247,1
VH-03224,2022-01-31,1,Medium,6717.4,144.8,0.9374,0.4552,3,6.0,0.7565,0.705,11.5772,1
VH-03225,2022-05-01,4,Light,3117.8,54.4,0.8038,0.3239,2,3.6,0.5037,0.8815,60.3569,0
VH-03226,2023-03-27,15,Heavy,5372.6,132.2,0.9564,0.3926,0,13.1,0.5695,0.8604,22.7994,1
VH-03227,2023-02-25,14,Medium,5673.3,126.9,0.8712,0.8655,0,6.9,0.3981,0.8254,20.1014,1
VH-03228,2022-03-02,2,Light,8422.4,193.3,0.7758,0.2137,0,4.7,0.5436,0.9634,20.3032,0
VH-03229,2023-10-23,22,Medium,3386.5,57.5,0.8061,0.7597,1,1.1,0.6449,0.8699,27.6003,0
VH-03230,2022-05-01,4,Medium,6648.8,159.9,0.3763,0.2552,1,11.2,0.5019,0.7566,23.9257,0
VH-03231,2023-08-24,20,Medium,4526.0,133.2,0.6064,0.6367,1,8.6,0.5514,0.7884,31.6146,1
VH-03232,2023-08-24,20,Light,2638.0,39.7,0.6894,0.3625,1,18.5,0.4476,0.8505,28.3823,0
VH-03233,2023-10-23,22,Medium,4320.0,101.3,0.8148,0.3058,2,2.1,0.4848,0.3234,14.8099,1
VH-03234,2022-03-02,2,Light,4503.7,88.3,0.7126,0.2922,0,1.1,0.3606,0.941,22.7398,0
VH-03235,2022-04-01,3,Light,2911.7,105.0,0.9201,0.6823,1,6.7,0.1839,0.6241,70.5642,0
VH-03236,2022-10-28,10,Light,4968.3,129.0,0.8347,0.5747,0,5.5,0.5589,0.6625,19.4755,1
VH-03237,2023-08-24,20,Heavy,5936.7,136.2,0.8392,0.6379,1,7.4,0.6436,0.659,6.0528,1
VH-03238,2023-05-26,17,Medium,4857.3,89.5,0.4474,0.4686,1,1.3,0.1714,0.6067,63.4666,0
VH-03239,2022-01-01,0,Medium,3687.2,67.1,0.449,0.6813,1,5.5,0.6465,0.6926,54.8587,0
VH-03240,2023-05-26,17,Medium,4277.3,106.2,0.7498,0.3217,1,4.6,0.3837,0.8841,66.3823,0
VH-03241,2022-12-27,12,Heavy,4493.2,79.4,0.64,0.4044,0,10.6,0.1519,0.7151,44.7573,0
VH-03242,2022-06-30,6,Medium,4826.0,87.3,0.8538,0.3665,2,1.3,0.805,0.8445,24.6039,0
VH-03243,2022-10-28,10,Heavy,6164.7,137.1,0.9339,0.1286,1,4.2,0.1501,0.9641,18.9583,0
VH-03244,2022-05-31,5,Medium,4907.9,111.1,0.7345,0.6596,1,5.0,0.869,0.8231,24.2673,1
VH-03245,2022-10-28,10,Light,2396.0,58.9,0.6005,0.5713,0,7.0,0.6658,0.7541,43.065,0
VH-03246,2022-05-01,4,Medium,3656.5,74.7,0.92,0.5369,1,2.3,0.6433,0.3451,16.281,1
VH-03247,2023-04-26,16,Medium,4749.0,119.3,0.5962,0.4092,0,15.0,0.6171,0.6076,30.8828,1
VH-03248,2023-11-22,23,Heavy,6186.2,124.5,0.9162,0.101,0,14.6,0.7141,0.3898,33.3466,1
VH-03249,2022-07-30,7,Heavy,6446.8,152.7,0.9352,0.4733,1,11.1,0.2726,0.8491,23.1501,1
VH-03250,2023-03-27,15,Medium,7162.0,162.4,0.5836,0.3498,0,7.1,0.3547,0.7255,60.3588,0
VH-03251,2023-04-26,16,Heavy,4695.9,113.4,0.4446,0.2446,0,1.4,0.9572,0.7364,63.6587,0
VH-03252,2023-11-22,23,Medium,5645.0,143.2,0.4966,0.3683,0,15.5,0.7251,0.8365,61.1071,0
VH-03253,2023-06-25,18,Medium,2318.3,44.7,0.9692,0.5897,0,1.2,0.6585,0.5947,66.9628,0
VH-03254,2022-03-02,2,Medium,5144.8,104.4,0.5419,0.8486,1,1.2,0.6437,0.7738,67.4895,0
VH-03255,2022-12-27,12,Light,2887.1,38.8,0.7376,0.3978,1,3.0,0.1661,0.4552,42.2724,0
VH-03256,2023-02-25,14,Heavy,4406.2,67.6,0.7599,0.6483,1,7.3,0.6861,0.7463,26.6611,1
VH-03257,2022-05-31,5,Light,9000.0,197.4,0.3817,0.5953,1,6.5,0.8038,0.6723,53.5881,0
VH-03258,2022-10-28,10,Medium,4955.3,108.5,0.895,0.5209,1,12.9,0.7576,0.8526,5.6717,1
VH-03259,2023-04-26,16,Medium,3204.3,54.9,0.7525,0.2882,1,4.6,0.4468,0.823,18.3114,0
VH-03260,2023-05-26,17,Light,5111.7,100.5,0.6855,0.1563,1,8.0,0.3988,0.5346,33.7166,0
VH-03261,2022-03-02,2,Light,3724.4,105.6,0.6111,0.3905,0,3.9,0.7821,0.7302,64.5197,0
VH-03262,2023-06-25,18,Medium,3058.9,81.1,0.7765,0.3797,0,15.2,0.5269,0.7646,59.7807,0
VH-03263,2022-07-30,7,Light,7654.7,151.2,0.5532,0.0655,0,9.0,0.8158,0.4866,38.7606,1
VH-03264,2022-05-01,4,Medium,6100.2,128.9,0.99,0.0705,0,7.0,0.0867,0.7488,56.2741,1
VH-03265,2022-04-01,3,Medium,5018.3,117.6,0.6926,0.4,0,1.4,0.7649,0.9529,7.8971,1
VH-03266,2022-01-31,1,Light,3912.3,77.5,0.6908,0.6061,2,2.9,0.2313,0.7959,68.6707,0
VH-03267,2022-09-28,9,Light,4033.8,77.5,0.6574,0.1802,1,8.8,0.3614,0.5908,45.2322,1
VH-03268,2022-05-01,4,Heavy,6813.7,146.3,0.7625,0.6919,0,2.8,0.6209,0.8426,24.7277,1
VH-03269,2023-02-25,14,Heavy,4959.9,126.6,0.6536,0.3087,0,2.7,0.4833,0.8989,61.157,0
VH-03270,2022-09-28,9,Light,800.0,35.5,0.5812,0.2493,2,15.5,0.7641,0.7975,42.4535,0
VH-03271,2023-02-25,14,Heavy,8131.4,169.7,0.9322,0.3205,0,4.3,0.5984,0.6827,43.5355,1
VH-03272,2022-05-01,4,Medium,4774.6,113.0,0.7907,0.7535,1,1.9,0.5878,0.5095,11.4624,1
VH-03273,2022-03-02,2,Medium,5015.1,111.3,0.5424,0.1826,0,12.7,0.5597,0.5679,68.9846,0
VH-03274,2022-04-01,3,Heavy,6130.0,121.1,0.8708,0.5654,0,12.3,0.61,0.9099,39.2313,1
VH-03275,2023-04-26,16,Heavy,5198.1,111.1,0.8497,0.286,4,3.9,0.4472,0.6716,13.1793,1
VH-03276,2022-11-27,11,Heavy,5620.4,105.9,0.4625,0.7315,1,9.0,0.1516,0.7458,60.3747,0
VH-03277,2022-12-27,12,Medium,3864.4,103.3,0.7254,0.5551,2,7.3,0.3069,0.9792,27.0132,0
VH-03278,2022-12-27,12,Medium,2655.3,82.3,0.841,0.1536,2,7.7,0.3315,0.524,60.9371,0
VH-03279,2022-07-30,7,Medium,4920.3,103.2,0.8167,0.5325,0,6.0,0.3103,0.8356,62.6596,0
VH-03280,2022-11-27,11,Light,6647.4,138.0,0.4058,0.1544,3,19.7,0.6626,0.6845,47.6741,1
VH-03281,2022-07-30,7,Medium,3528.3,94.2,0.7043,0.4208,2,2.8,0.9008,0.7336,32.8704,1
VH-03282,2022-03-02,2,Light,3408.0,94.0,0.7702,0.1833,0,2.0,0.5046,0.6654,54.8876,1
VH-03283,2023-07-25,19,Medium,6331.5,124.0,0.9206,0.4044,1,3.9,0.7837,0.8262,49.3849,1
VH-03284,2022-05-01,4,Light,3814.1,82.5,0.8138,0.1685,2,10.8,0.6282,0.9005,60.0011,0
VH-03285,2022-05-31,5,Light,3884.2,85.4,0.8757,0.5968,2,5.3,0.8824,0.8576,29.3065,1
VH-03286,2023-01-26,13,Medium,3940.3,76.0,0.7583,0.3522,0,8.2,0.5105,0.2756,13.2736,1
VH-03287,2022-07-30,7,Medium,4402.5,103.6,0.4528,0.5989,1,10.5,0.7461,0.5543,45.5739,0
VH-03288,2022-03-02,2,Medium,2139.5,37.0,0.7087,0.7476,0,1.8,0.374,0.6926,58.8401,0
VH-03289,2023-09-23,21,Light,3691.0,73.9,0.8586,0.3851,2,10.1,0.7205,0.4951,12.4024,1
VH-03290,2022-12-27,12,Medium,4845.6,106.2,0.6353,0.7969,1,9.0,0.5818,0.6487,29.6182,0
VH-03291,2023-04-26,16,Medium,4834.9,85.1,0.7464,0.7741,1,1.0,0.2519,0.6336,35.2769,1
VH-03292,2023-02-25,14,Heavy,6237.0,107.8,0.8679,0.2553,1,1.3,0.4444,0.9192,30.0802,0
VH-03293,2023-02-25,14,Medium,7259.1,175.1,0.6814,0.4339,0,6.1,0.7448,0.7863,36.3643,1
VH-03294,2023-02-25,14,Medium,6768.7,139.3,0.736,0.2983,1,1.4,0.7575,0.8693,22.8071,1
VH-03295,2023-06-25,18,Medium,5872.0,162.5,0.3761,0.5499,1,7.5,0.2913,0.8537,60.6514,0
VH-03296,2022-07-30,7,Heavy,4276.9,124.6,0.9846,0.3541,3,3.1,0.4755,0.9087,53.7445,1
VH-03297,2023-05-26,17,Heavy,3565.4,71.6,0.2931,0.8135,0,2.5,0.2275,0.7735,21.224,0
VH-03298,2022-08-29,8,Medium,4526.8,135.7,0.6737,0.3661,2,4.9,0.3815,0.788,23.4837,0
VH-03299,2022-07-30,7,Medium,5378.4,133.6,0.2551,0.3472,0,3.1,0.5535,0.3336,22.8445,0
VH-03300,2022-03-02,2,Light,5732.9,117.7,0.8029,0.3233,1,7.4,0.6818,0.6336,49.001,1
VH-03301,2023-03-27,15,Heavy,5434.6,82.0,0.9257,0.0571,0,20.6,0.599,0.4439,15.5156,1
VH-03302,2022-05-31,5,Medium,4318.2,106.3,0.842,0.0806,0,3.2,0.5448,0.5988,15.9514,1
VH-03303,2023-11-22,23,Medium,5680.3,126.7,0.7607,0.3345,1,2.6,0.803,0.8306,23.3422,1
VH-03304,2023-09-23,21,Heavy,6391.3,148.5,0.9198,0.3583,0,6.3,0.4675,0.4968,4.8235,1
VH-03305,2022-04-01,3,Heavy,5820.2,125.9,0.8584,0.3369,3,7.1,0.6408,0.7918,23.3331,1
VH-03306,2022-10-28,10,Light,4452.0,81.8,0.6153,0.7151,0,1.0,0.316,0.7886,35.4054,1
VH-03307,2022-10-28,10,Light,3249.2,65.8,0.99,0.24,0,7.9,0.4501,0.702,57.4291,1
VH-03308,2022-01-01,0,Light,3213.6,82.0,0.8042,0.2794,1,8.3,0.497,0.706,42.5908,0
VH-03309,2022-11-27,11,Medium,3478.2,72.0,0.6529,0.5223,1,3.8,0.841,0.855,48.4479,1
VH-03310,2022-04-01,3,Light,4885.6,103.2,0.8216,0.0964,1,3.3,0.5838,0.7001,31.5898,0
VH-03311,2022-12-27,12,Heavy,5279.7,94.5,0.6676,0.726,0,5.6,0.515,0.7681,33.1087,0
VH-03312,2022-08-29,8,Heavy,2378.2,54.2,0.6873,0.3418,0,2.4,0.3254,0.7346,65.1725,0
VH-03313,2022-05-31,5,Medium,3744.0,66.5,0.9689,0.198,2,4.5,0.685,0.9089,10.9365,1
VH-03314,2022-05-01,4,Medium,4864.9,121.9,0.5393,0.539,1,2.0,0.5999,0.8661,38.9532,1
VH-03315,2023-09-23,21,Medium,3150.5,59.0,0.685,0.3714,1,2.7,0.6974,0.5929,26.6946,0
VH-03316,2023-09-23,21,Light,5150.9,110.0,0.9702,0.3163,1,4.9,0.4621,0.6157,12.6659,1
VH-03317,2022-09-28,9,Heavy,4038.9,122.2,0.431,0.3309,1,6.5,0.8893,0.5189,27.5064,0
VH-03318,2023-01-26,13,Light,3414.9,71.3,0.6583,0.5017,0,3.4,0.4411,0.7846,19.1868,0
VH-03319,2022-01-31,1,Light,4579.8,95.2,0.4902,0.5762,1,9.8,0.3264,0.7087,61.692,0
VH-03320,2023-11-22,23,Medium,5088.4,121.9,0.8697,0.1558,0,1.1,0.5803,0.9243,42.9719,0
VH-03321,2023-05-26,17,Light,3227.2,44.9,0.6025,0.8896,1,5.8,0.5863,0.5742,59.4994,1
VH-03322,2022-11-27,11,Medium,4136.1,110.7,0.5092,0.8301,1,2.2,0.4092,0.8971,40.6835,0
VH-03323,2022-11-27,11,Heavy,5201.5,130.5,0.6533,0.4394,0,8.5,0.8127,0.7294,22.5735,1
VH-03324,2023-10-23,22,Heavy,3356.9,82.5,0.5474,0.2395,0,26.7,0.4406,0.7011,18.6942,0
VH-03325,2023-08-24,20,Medium,2013.4,20.0,0.5409,0.185,0,2.8,0.4584,0.7726,71.3701,0
VH-03326,2023-10-23,22,Heavy,2195.1,44.9,0.4336,0.5577,0,3.0,0.6597,0.7537,62.563,0
VH-03327,2022-05-01,4,Medium,3872.9,67.0,0.6064,0.807,0,2.5,0.3565,0.8511,69.1946,0
VH-03328,2023-04-26,16,Heavy,2522.4,72.9,0.3652,0.4751,2,6.3,0.4728,0.8283,22.2976,0
VH-03329,2022-07-30,7,Medium,3978.4,104.2,0.8307,0.5331,0,3.8,0.3809,0.2874,61.7419,1
VH-03330,2023-05-26,17,Light,6997.4,161.3,0.6873,0.2474,1,5.8,0.5962,0.5569,46.8562,1
VH-03331,2023-11-22,23,Heavy,2432.1,36.0,0.9044,0.6031,3,1.9,0.7032,0.8964,14.4497,1
VH-03332,2022-01-31,1,Medium,4076.1,113.0,0.9629,0.8935,1,5.8,0.693,0.5206,12.6422,1
VH-03333,2022-01-01,0,Light,7698.5,167.1,0.9117,0.2246,1,4.8,0.207,0.8808,35.0751,1
VH-03334,2023-05-26,17,Light,5112.2,140.7,0.8686,0.4206,1,4.0,0.4553,0.4203,22.1096,1
VH-03335,2023-04-26,16,Medium,3948.4,91.7,0.7504,0.4954,1,12.1,0.2236,0.4349,27.7836,1
VH-03336,2023-04-26,16,Medium,4264.7,102.4,0.7156,0.3658,2,4.3,0.5762,0.4261,31.8946,0
VH-03337,2023-08-24,20,Medium,5144.0,107.4,0.7867,0.6502,2,2.2,0.9284,0.5949,2.4347,1
VH-03338,2023-03-27,15,Heavy,7043.7,177.6,0.9189,0.2742,1,6.0,0.5561,0.5653,22.0539,1
VH-03339,2023-02-25,14,Medium,3703.7,91.4,0.9085,0.4565,0,3.0,0.7791,0.6474,35.5069,1
VH-03340,2023-09-23,21,Medium,3363.6,96.4,0.903,0.748,1,6.5,0.4545,0.3668,9.3886,1
VH-03341,2022-10-28,10,Medium,2431.8,56.7,0.7854,0.5623,0,3.0,0.5035,0.9517,57.2093,1
VH-03342,2023-04-26,16,Heavy,4654.6,102.7,0.9179,0.5274,1,0.9,0.6483,0.72,56.3143,1
VH-03343,2023-10-23,22,Light,2391.5,62.1,0.9648,0.5136,0,4.0,0.4126,0.2923,22.6749,1
VH-03344,2022-01-01,0,Light,3804.3,106.2,0.8573,0.4996,1,1.9,0.7897,0.8561,36.6521,0
VH-03345,2023-01-26,13,Medium,3137.0,85.0,0.5498,0.3565,0,1.7,0.2964,0.3917,22.6133,0
VH-03346,2023-01-26,13,Medium,6111.2,137.9,0.5734,0.1554,3,8.6,0.8995,0.9485,56.2966,0
VH-03347,2022-06-30,6,Heavy,3737.4,55.2,0.6393,0.3937,0,2.5,0.569,0.9875,35.9207,0
VH-03348,2022-12-27,12,Medium,5095.4,125.4,0.6854,0.4116,1,1.6,0.5916,0.8362,45.4261,0
VH-03349,2022-07-30,7,Heavy,2093.9,24.9,0.7533,0.6244,3,8.6,0.8086,0.7833,45.5025,1
VH-03350,2023-09-23,21,Medium,4697.3,104.9,0.6048,0.2864,2,4.4,0.8371,0.9177,24.2461,0
VH-03351,2023-05-26,17,Light,2695.3,58.2,0.7815,0.1907,0,2.4,0.8093,0.7474,23.0316,0
VH-03352,2022-08-29,8,Light,3861.5,64.5,0.8413,0.417,0,2.7,0.6679,0.7281,18.9132,0
VH-03353,2023-08-24,20,Light,7816.8,179.3,0.7292,0.3877,1,2.7,0.2278,0.8779,7.6665,1
VH-03354,2023-07-25,19,Medium,5898.3,163.4,0.8555,0.3738,0,3.9,0.8313,0.7355,29.0853,1
VH-03355,2022-01-31,1,Medium,4307.4,91.0,0.8143,0.7585,2,6.3,0.9703,0.8971,40.0995,1
VH-03356,2023-03-27,15,Medium,9000.0,211.5,0.9471,0.1491,0,8.1,0.6302,0.7742,21.8314,0
VH-03357,2023-04-26,16,Medium,3127.2,104.8,0.555,0.6775,0,1.3,0.6785,0.808,24.7039,1
VH-03358,2023-05-26,17,Medium,6247.8,151.8,0.5157,0.1398,0,3.4,0.6808,0.8488,30.7387,0
VH-03359,2023-05-26,17,Medium,2201.0,39.2,0.6083,0.3712,0,2.2,0.3752,0.6039,69.3895,0
VH-03360,2023-01-26,13,Medium,4134.1,95.4,0.5904,0.4889,0,4.1,0.4545,0.4411,34.0125,1
VH-03361,2022-09-28,9,Medium,2478.3,62.3,0.7579,0.1102,0,5.8,0.5777,0.6938,60.4244,0
VH-03362,2022-11-27,11,Medium,4885.9,130.1,0.6216,0.4486,0,5.2,0.5132,0.8256,22.8281,0
VH-03363,2023-08-24,20,Medium,4584.0,120.1,0.5667,0.0654,0,3.8,0.1247,0.6449,61.2132,0
VH-03364,2023-02-25,14,Medium,4038.5,48.2,0.7772,0.7551,2,2.3,0.389,0.4132,50.2185,1
VH-03365,2022-01-01,0,Medium,6138.1,123.6,0.7548,0.4066,2,0.2,0.5201,0.7268,29.7497,1
VH-03366,2023-03-27,15,Medium,3649.4,80.0,0.4965,0.2834,3,5.5,0.4495,0.2275,53.8823,0
VH-03367,2023-10-23,22,Medium,4990.3,95.7,0.9055,0.3922,1,2.4,0.3974,0.9445,62.1921,0
VH-03368,2022-04-01,3,Medium,5730.8,71.9,0.3954,0.1162,0,8.4,0.7619,0.7463,44.5076,1
VH-03369,2022-01-01,0,Light,2275.2,39.7,0.5932,0.3045,1,7.1,0.5007,0.7794,35.4876,0
VH-03370,2022-01-31,1,Medium,3377.4,75.0,0.8846,0.4554,0,9.8,0.7041,0.5199,18.5664,1
VH-03371,2022-10-28,10,Heavy,4580.8,93.9,0.8516,0.4968,0,3.9,0.8965,0.93,23.3522,1
VH-03372,2022-05-01,4,Light,5445.2,106.1,0.6889,0.4087,1,4.3,0.5057,0.7762,25.9658,0
VH-03373,2023-04-26,16,Heavy,6631.9,148.0,0.4236,0.696,2,20.4,0.8766,0.7236,1.4098,1
VH-03374,2022-01-01,0,Light,4176.2,98.0,0.5605,0.0849,0,6.4,0.2226,0.3809,20.2529,1
VH-03375,2023-03-27,15,Medium,4025.3,82.4,0.8244,0.5937,2,0.6,0.5425,0.8153,36.6893,0
VH-03376,2023-11-22,23,Medium,3191.1,91.5,0.69,0.2242,1,4.5,0.7198,0.7788,29.4128,0
VH-03377,2022-06-30,6,Light,4995.0,111.9,0.9442,0.7046,3,9.3,0.3753,0.8678,21.7999,0
VH-03378,2022-01-31,1,Heavy,4054.3,77.0,0.5983,0.3151,0,9.6,0.6009,0.7583,61.2191,0
VH-03379,2023-08-24,20,Medium,4089.0,74.0,0.5175,0.6017,1,4.7,0.7453,0.5106,35.6869,0
VH-03380,2023-07-25,19,Heavy,4359.2,93.7,0.6554,0.47,0,9.0,0.4523,0.84,5.8999,1
VH-03381,2023-06-25,18,Medium,5327.4,135.1,0.7325,0.1213,1,6.9,0.3422,0.5349,25.9417,1
VH-03382,2022-06-30,6,Heavy,3654.4,68.9,0.8501,0.6099,2,13.7,0.3821,0.7492,46.8661,0
VH-03383,2022-12-27,12,Heavy,3341.8,83.2,0.6319,0.254,1,5.5,0.4387,0.3446,35.4798,0
VH-03384,2023-04-26,16,Medium,5147.6,115.8,0.6889,0.3392,0,7.1,0.5725,0.5378,61.2384,1
VH-03385,2023-03-27,15,Light,800.0,47.7,0.8413,0.33,2,4.0,0.6593,0.8192,29.0297,0
VH-03386,2022-06-30,6,Medium,3594.5,85.7,0.7279,0.2029,1,17.2,0.1955,0.4627,57.305,0
VH-03387,2022-01-31,1,Medium,2773.0,51.1,0.7942,0.5435,0,3.8,0.6407,0.942,51.9096,0
VH-03388,2023-08-24,20,Heavy,6304.9,151.2,0.5537,0.2645,2,5.9,0.498,0.826,26.8486,0
VH-03389,2022-07-30,7,Medium,3838.6,96.9,0.6126,0.3253,0,7.0,0.3539,0.6638,25.7136,0
VH-03390,2022-09-28,9,Medium,3658.9,75.4,0.8181,0.1717,0,2.0,0.2982,0.5065,32.3523,0
VH-03391,2023-08-24,20,Light,4427.1,80.9,0.6193,0.3163,0,7.9,0.6966,0.4353,56.0973,0
VH-03392,2023-06-25,18,Medium,3606.9,88.2,0.9048,0.2277,1,10.4,0.1358,0.7069,33.0617,0
VH-03393,2022-01-31,1,Heavy,3896.0,87.5,0.6129,0.0157,0,9.2,0.3095,0.8708,35.635,0
VH-03394,2023-03-27,15,Light,4645.7,80.5,0.7667,0.6721,2,2.4,0.4961,0.8307,30.1704,1
VH-03395,2022-10-28,10,Heavy,3866.9,89.7,0.7686,0.5955,0,3.2,0.7938,0.6634,39.0877,1
VH-03396,2022-12-27,12,Heavy,3856.2,76.1,0.6081,0.3307,0,2.5,0.1899,0.6699,48.3545,1
VH-03397,2022-10-28,10,Light,2984.8,43.6,0.9332,0.4807,1,3.2,0.7564,0.7502,34.4082,0
VH-03398,2023-03-27,15,Light,2769.3,56.3,0.6412,0.1182,0,8.3,0.5833,0.6911,23.1625,0
VH-03399,2022-12-27,12,Medium,4591.0,121.3,0.7451,0.3893,0,1.0,0.5326,0.5918,31.9496,0
VH-03400,2022-03-02,2,Medium,4959.9,128.3,0.5368,0.3355,4,3.6,0.5164,0.3923,37.6625,0
VH-03401,2022-01-01,0,Light,2357.8,66.6,0.7866,0.9547,0,5.1,0.6442,0.5048,39.3331,1
VH-03402,2022-04-01,3,Heavy,5639.9,129.4,0.8874,0.1794,2,13.5,0.8518,0.9763,9.8811,1
VH-03403,2022-10-28,10,Medium,5646.1,134.4,0.6233,0.2835,3,5.4,0.5274,0.6125,24.6758,1
VH-03404,2023-09-23,21,Heavy,5962.0,134.0,0.8606,0.3322,1,4.8,0.6422,0.8788,32.7947,1
VH-03405,2022-05-31,5,Heavy,4949.8,93.4,0.7436,0.77,2,9.2,0.7895,0.8852,21.1768,0
VH-03406,2023-07-25,19,Heavy,5455.6,107.7,0.6867,0.3145,2,1.8,0.4552,0.9084,44.9352,0
VH-03407,2023-10-23,22,Medium,7777.5,163.7,0.7345,0.6294,1,7.2,0.978,0.8033,24.0929,1
VH-03408,2022-01-31,1,Medium,4047.7,111.0,0.8985,0.3808,2,8.6,0.7502,0.8742,41.418,1
VH-03409,2022-05-01,4,Medium,2931.5,81.3,0.9185,0.4376,0,5.8,0.8946,0.6271,43.1538,1
VH-03410,2023-11-22,23,Light,2198.9,32.7,0.8774,0.3005,1,8.6,0.5399,0.7281,68.5744,0
VH-03411,2023-07-25,19,Medium,7133.5,159.3,0.7659,0.4048,3,5.0,0.6514,0.7368,15.9904,1
VH-03412,2022-03-02,2,Light,7153.2,152.9,0.7118,0.687,1,1.1,0.7147,0.6216,20.9058,1
VH-03413,2022-05-01,4,Medium,3113.1,66.9,0.6524,0.2976,0,2.6,0.3844,0.8254,58.3242,0
VH-03414,2022-08-29,8,Light,3409.0,67.7,0.9256,0.3747,1,4.8,0.4261,0.7739,23.5833,0
VH-03415,2022-05-31,5,Medium,4014.0,110.3,0.5696,0.412,0,19.8,0.87,0.8307,20.2617,0
VH-03416,2023-01-26,13,Light,6336.4,140.5,0.9294,0.1357,0,2.0,0.431,0.3785,17.1666,1
VH-03417,2022-07-30,7,Medium,2569.0,60.3,0.78,0.1265,0,10.0,0.4283,0.6845,4.4251,1
VH-03418,2022-03-02,2,Heavy,1550.1,37.8,0.4753,0.297,0,5.7,0.7393,0.7256,34.614,0
VH-03419,2023-04-26,16,Light,7751.3,156.8,0.8066,0.6263,0,5.2,0.7383,0.9158,5.6482,1
VH-03420,2022-06-30,6,Heavy,4968.6,112.0,0.7051,0.2152,1,4.0,0.5376,0.6074,11.5669,1
VH-03421,2023-09-23,21,Heavy,5181.6,131.1,0.7558,0.3281,1,6.5,0.4092,0.7966,36.3873,1
VH-03422,2022-11-27,11,Medium,4192.3,115.3,0.7877,0.6068,1,5.7,0.6588,0.5035,24.7344,1
VH-03423,2022-11-27,11,Medium,5198.7,98.3,0.942,0.3137,1,5.8,0.3172,0.6205,29.257,1
VH-03424,2023-09-23,21,Medium,2228.7,26.7,0.9017,0.2446,1,5.0,0.3775,0.9219,67.3921,0
VH-03425,2022-06-30,6,Light,3238.6,72.9,0.7448,0.6674,0,12.4,0.7297,0.5665,27.7197,1
VH-03426,2023-04-26,16,Medium,4657.7,120.1,0.9438,0.8269,1,8.3,0.6878,0.5614,6.8764,1
VH-03427,2023-07-25,19,Light,1093.7,29.7,0.3462,0.2348,0,4.9,0.6082,0.6395,43.3627,0
VH-03428,2023-08-24,20,Heavy,4046.2,100.1,0.6037,0.1841,0,7.0,0.7541,0.8117,17.6813,1
VH-03429,2023-11-22,23,Heavy,3953.8,67.5,0.4798,0.7724,0,7.8,0.5171,0.3506,55.7802,1
VH-03430,2022-03-02,2,Heavy,4046.0,81.3,0.7546,0.5429,0,6.9,0.8839,0.6109,20.1597,1
VH-03431,2023-07-25,19,Medium,3673.4,48.7,0.8242,0.588,1,2.4,0.6197,0.8578,21.0194,1
VH-03432,2023-05-26,17,Medium,3006.2,64.7,0.7155,0.5955,2,6.3,0.8529,0.7783,32.4199,1
VH-03433,2022-11-27,11,Heavy,1767.0,20.0,0.5969,0.5095,0,4.9,0.4202,0.7736,65.2352,0
VH-03434,2023-08-24,20,Light,4717.1,124.8,0.4932,0.1063,0,2.4,0.7183,0.7224,67.5239,0
VH-03435,2023-07-25,19,Light,4049.8,113.3,0.7821,0.126,0,5.4,0.4594,0.9391,26.6204,1
VH-03436,2023-05-26,17,Medium,2437.1,56.3,0.647,0.7331,0,6.2,0.6792,0.8336,51.9337,0
VH-03437,2022-01-31,1,Medium,4593.8,79.4,0.5962,0.0455,1,6.0,0.8191,0.5532,71.6435,0
VH-03438,2022-05-01,4,Medium,4057.6,95.8,0.4309,0.3571,0,4.8,0.2668,0.6472,55.0721,0
VH-03439,2023-03-27,15,Light,3808.5,112.5,0.7969,0.3895,0,5.3,0.4818,0.6596,54.279,0
VH-03440,2022-01-01,0,Medium,1264.7,35.2,0.8931,0.083,1,3.2,0.8717,0.735,4.2644,1
VH-03441,2022-08-29,8,Medium,5524.2,140.5,0.564,0.5896,0,4.0,0.6667,0.8546,41.1597,0
VH-03442,2023-01-26,13,Light,2650.4,51.6,0.8176,0.3233,0,0.6,0.1141,0.6553,9.3938,1
VH-03443,2022-04-01,3,Light,4594.9,89.0,0.6641,0.1279,1,4.0,0.9382,0.6851,23.6754,0
VH-03444,2022-09-28,9,Medium,3287.6,72.0,0.6775,0.7562,0,0.8,0.4407,0.7752,31.4508,0
VH-03445,2023-01-26,13,Heavy,3916.9,58.1,0.46,0.5386,0,4.2,0.359,0.7596,37.7977,0
VH-03446,2022-06-30,6,Medium,6228.4,172.4,0.6172,0.3408,2,6.7,0.5362,0.6053,25.7374,1
VH-03447,2023-11-22,23,Medium,5297.4,119.8,0.7383,0.4005,3,6.8,0.7078,0.5236,3.0586,1
VH-03448,2023-04-26,16,Heavy,6195.1,150.7,0.7751,0.3616,1,0.8,0.432,0.9397,55.9274,0
VH-03449,2022-05-01,4,Medium,4995.6,104.1,0.4501,0.6498,0,3.1,0.7675,0.7926,34.8401,0
VH-03450,2023-01-26,13,Heavy,5094.2,90.1,0.7299,0.1426,2,2.2,0.4638,0.6985,10.9688,1
VH-03451,2023-11-22,23,Medium,1828.3,62.0,0.6403,0.3454,0,5.2,0.734,0.7541,31.3251,0
VH-03452,2022-11-27,11,Medium,4023.7,72.6,0.3048,0.7879,1,4.2,0.3491,0.8287,41.4157,0
VH-03453,2022-11-27,11,Light,4162.6,97.7,0.9811,0.2913,2,22.1,0.7003,0.9091,20.8614,0
VH-03454,2022-04-01,3,Light,6335.5,147.4,0.7854,0.279,1,21.3,0.3181,0.83,45.5942,0
VH-03455,2023-04-26,16,Heavy,3740.7,84.2,0.6676,0.4587,0,5.3,0.6328,0.8125,23.7095,0
VH-03456,2022-08-29,8,Heavy,4897.3,97.1,0.8386,0.2137,0,3.7,0.4972,0.7824,24.5517,0
VH-03457,2022-05-31,5,Heavy,4838.6,105.3,0.8779,0.5877,2,6.1,0.6363,0.9854,33.3506,1
VH-03458,2022-10-28,10,Heavy,6236.5,124.3,0.5948,0.2046,0,1.8,0.2653,0.7238,46.9412,1
VH-03459,2023-10-23,22,Light,4299.4,107.7,0.676,0.3648,0,6.0,0.778,0.7518,29.5188,1
VH-03460,2023-08-24,20,Heavy,5741.7,136.2,0.5239,0.1332,1,12.1,0.5193,0.839,41.1274,0
VH-03461,2023-11-22,23,Medium,1942.7,42.9,0.321,0.3407,1,10.4,0.2499,0.6664,46.0594,0
VH-03462,2022-08-29,8,Heavy,2079.0,37.7,0.84,0.6024,2,10.6,0.4974,0.7613,32.8817,1
VH-03463,2022-11-27,11,Light,1075.0,55.5,0.8061,0.4146,0,7.1,0.8246,0.7367,51.8575,0
VH-03464,2023-08-24,20,Medium,5679.0,106.7,0.7225,0.326,1,10.4,0.6773,0.52,14.2922,1
VH-03465,2022-08-29,8,Heavy,5510.5,99.3,0.7414,0.2785,0,0.7,0.5408,0.3608,14.9341,1
VH-03466,2023-02-25,14,Heavy,5845.2,128.7,0.2632,0.5223,0,3.3,0.6891,0.6885,67.3788,0
VH-03467,2022-10-28,10,Medium,3484.0,73.6,0.8297,0.6655,1,8.1,0.4348,0.4486,24.1992,0
VH-03468,2023-03-27,15,Medium,3654.7,97.7,0.8924,0.2185,1,3.8,0.4925,0.6428,26.6426,0
VH-03469,2022-07-30,7,Medium,4318.4,105.7,0.6723,0.445,3,28.1,0.5643,0.6189,22.9445,1
VH-03470,2023-06-25,18,Heavy,6665.5,148.6,0.8326,0.3083,2,2.2,0.5585,0.9346,49.4328,1
VH-03471,2022-01-01,0,Medium,7040.7,164.0,0.9134,0.2741,3,13.2,0.6077,0.496,15.2643,1
VH-03472,2022-01-01,0,Medium,5690.7,133.7,0.4891,0.3531,2,5.2,0.5185,0.5023,46.8167,1
VH-03473,2023-11-22,23,Medium,4996.5,142.6,0.9331,0.2183,0,7.3,0.6381,0.8641,52.5765,0
VH-03474,2022-03-02,2,Medium,6503.1,148.3,0.7607,0.4017,1,1.9,0.5844,0.7849,26.2234,1
VH-03475,2022-03-02,2,Medium,4116.2,81.3,0.6,0.4438,0,2.1,0.6272,0.6057,36.0541,1
VH-03476,2023-06-25,18,Medium,3913.6,89.9,0.9136,0.4149,0,4.5,0.5562,0.3581,23.7855,1
VH-03477,2022-08-29,8,Heavy,4306.5,56.4,0.6172,0.0439,0,2.3,0.8064,0.7323,64.3939,0
VH-03478,2022-05-31,5,Heavy,3031.9,66.9,0.757,0.3278,1,7.1,0.7697,0.7034,49.3119,0
VH-03479,2023-07-25,19,Heavy,4237.5,110.6,0.7198,0.6623,1,2.8,0.5644,0.6683,35.2859,1
VH-03480,2022-07-30,7,Medium,2823.9,71.8,0.483,0.2656,0,4.2,0.4817,0.6091,28.3088,0
VH-03481,2022-01-31,1,Medium,6037.5,138.6,0.5229,0.6143,2,8.3,0.8442,0.5476,19.6133,1
VH-03482,2022-04-01,3,Heavy,5315.5,127.9,0.6773,0.2296,0,3.5,0.5017,0.9942,45.8907,0
VH-03483,2022-04-01,3,Heavy,6644.3,164.2,0.6725,0.298,0,2.7,0.2194,0.4349,49.9274,0
VH-03484,2022-07-30,7,Medium,2056.1,67.1,0.6141,0.3732,0,1.5,0.3636,0.513,25.1381,0
VH-03485,2023-06-25,18,Medium,7352.5,170.1,0.7931,0.8986,1,16.0,0.5454,0.7601,29.4825,1
VH-03486,2023-10-23,22,Heavy,2141.3,42.8,0.8887,0.2441,3,5.2,0.5676,0.7309,22.0881,1
VH-03487,2022-05-01,4,Medium,2702.5,25.4,0.7779,0.5791,0,1.3,0.424,0.7768,48.5157,0
VH-03488,2023-04-26,16,Heavy,3568.8,94.0,0.7684,0.2127,0,6.7,0.6356,0.6931,37.0627,0
VH-03489,2023-10-23,22,Light,6461.6,151.3,0.5579,0.7933,0,2.3,0.0895,0.4369,33.3081,1
VH-03490,2023-03-27,15,Medium,4838.4,109.8,0.8004,0.3712,0,10.0,0.5853,0.8207,33.3105,0
VH-03491,2022-01-01,0,Medium,4134.3,81.6,0.8056,0.6229,0,4.8,0.6308,0.6057,9.9959,1
VH-03492,2023-09-23,21,Light,3311.1,88.1,0.8105,0.0179,1,5.4,0.6076,0.6783,21.4506,0
VH-03493,2023-05-26,17,Heavy,2436.1,50.3,0.744,0.205,2,1.2,0.6473,0.6238,30.7618,1
VH-03494,2022-01-31,1,Medium,6198.9,137.2,0.6839,0.5289,1,8.7,0.6565,0.9023,23.5594,1
VH-03495,2022-01-31,1,Light,5698.0,125.8,0.7245,0.6806,3,5.7,0.2458,0.7249,42.6372,0
VH-03496,2022-03-02,2,Heavy,6528.7,151.8,0.7572,0.4237,2,1.8,0.8969,0.8123,5.5496,1
VH-03497,2022-03-02,2,Heavy,5095.2,96.0,0.8612,0.6019,1,2.3,0.7628,0.765,22.4256,0
VH-03498,2023-11-22,23,Heavy,800.0,26.2,0.937,0.4261,1,1.8,0.4335,0.929,50.1205,0
VH-03499,2022-01-31,1,Medium,2633.1,47.7,0.7346,0.522,1,6.9,0.6478,0.3995,17.6037,1
VH-03500,2023-10-23,22,Heavy,5197.3,105.2,0.8762,0.142,2,3.9,0.5006,0.5772,25.418,0
VH-03501,2022-03-02,2,Medium,3945.4,101.0,0.5427,0.2828,0,1.7,0.8928,0.5581,19.8003,0
VH-03502,2022-05-01,4,Medium,3661.7,66.4,0.9594,0.4714,1,5.7,0.5482,0.7319,25.296,0
VH-03503,2022-11-27,11,Light,2845.2,76.5,0.7254,0.5775,1,5.9,0.6064,0.6471,62.0006,0
VH-03504,2023-08-24,20,Medium,5921.4,133.1,0.765,0.4945,0,4.1,0.5163,0.5659,24.0119,0
VH-03505,2023-05-26,17,Heavy,5184.3,90.5,0.6017,0.3079,0,5.6,0.4217,0.8476,39.7574,0
VH-03506,2023-08-24,20,Medium,5251.8,137.2,0.7331,0.4011,2,5.4,0.8017,0.3999,12.6328,1
VH-03507,2022-06-30,6,Medium,3549.6,83.5,0.9065,0.8328,0,5.8,0.7608,0.4398,6.9276,1
VH-03508,2023-07-25,19,Heavy,4764.4,111.8,0.6827,0.1666,1,10.6,0.6217,0.6726,28.4119,0
VH-03509,2023-06-25,18,Medium,2493.4,70.5,0.3322,0.234,2,3.7,0.4211,0.7341,25.98,0
VH-03510,2022-01-01,0,Medium,4305.3,118.2,0.8708,0.229,1,4.0,0.1485,0.3633,10.3111,1
VH-03511,2023-07-25,19,Heavy,800.0,20.8,0.4937,0.6323,0,5.2,0.6864,0.5816,44.8377,0
VH-03512,2022-12-27,12,Heavy,2147.8,57.0,0.8882,0.5671,0,8.4,0.6963,0.8041,42.139,1
VH-03513,2022-07-30,7,Heavy,4016.5,94.8,0.8083,0.3049,1,2.8,0.3196,0.7387,17.4345,1
VH-03514,2023-10-23,22,Heavy,8062.7,174.0,0.9693,0.3462,0,2.5,0.4795,0.478,10.1105,1
VH-03515,2023-10-23,22,Heavy,1798.9,20.0,0.8179,0.4484,1,11.9,0.5327,0.553,27.2595,0
VH-03516,2023-02-25,14,Heavy,2634.6,61.8,0.5884,0.2048,0,6.4,0.6968,0.4382,32.5371,1
VH-03517,2022-01-31,1,Medium,4825.2,127.9,0.6366,0.231,3,3.1,0.8913,0.7907,24.1412,0
VH-03518,2022-11-27,11,Light,7154.1,167.7,0.8285,0.0907,1,7.7,0.5338,0.6341,32.3859,1
VH-03519,2022-03-02,2,Medium,4803.3,90.7,0.8073,0.6858,0,1.6,0.7094,0.6945,33.6412,1
VH-03520,2023-05-26,17,Heavy,5553.2,139.9,0.7112,0.4678,1,5.7,0.5367,0.8564,22.0148,1
VH-03521,2022-01-01,0,Medium,3993.6,84.1,0.8324,0.5267,1,21.2,0.7563,0.7864,12.0951,1
VH-03522,2022-05-31,5,Heavy,3734.1,51.6,0.3664,0.2668,1,2.3,0.5347,0.7326,66.9401,0
VH-03523,2022-08-29,8,Light,4623.3,118.0,0.8574,0.6752,0,7.2,0.474,0.5326,3.5269,1
VH-03524,2023-04-26,16,Medium,3512.6,63.9,0.9566,0.2961,0,7.5,0.2742,0.6211,21.0527,1
VH-03525,2022-11-27,11,Medium,5586.4,150.9,0.8714,0.6234,0,16.5,0.4847,0.6,14.0425,1
VH-03526,2022-05-31,5,Medium,2090.6,63.7,0.8779,0.3618,0,4.7,0.3233,0.4603,39.1257,1
VH-03527,2022-01-31,1,Light,5835.0,126.2,0.9288,0.5053,0,0.5,0.452,0.7415,19.6683,1
VH-03528,2023-02-25,14,Light,4559.0,108.2,0.8973,0.107,0,3.9,0.9157,0.6605,39.1391,1
VH-03529,2022-09-28,9,Heavy,4177.9,129.2,0.5592,0.2116,1,5.6,0.2609,0.5235,12.6617,1
VH-03530,2022-10-28,10,Medium,2035.5,60.2,0.8156,0.0631,4,12.0,0.5895,0.8669,24.0018,0
VH-03531,2023-02-25,14,Light,3030.3,70.9,0.4291,0.5011,1,8.8,0.5942,0.7268,44.6934,0
VH-03532,2023-03-27,15,Light,6298.0,183.3,0.7403,0.377,0,14.2,0.1799,0.5051,18.0109,1
VH-03533,2022-08-29,8,Medium,4187.1,94.8,0.3791,0.1198,0,19.7,0.6072,0.6792,17.8976,1
VH-03534,2022-06-30,6,Light,4917.6,118.0,0.8157,0.9641,1,6.8,0.5294,0.867,28.347,1
VH-03535,2023-02-25,14,Heavy,3180.7,56.6,0.99,0.286,3,8.9,0.305,0.4625,44.0926,1
VH-03536,2023-04-26,16,Heavy,4456.4,73.9,0.8156,0.4019,0,4.7,0.2855,0.9177,44.7927,0
VH-03537,2022-08-29,8,Light,2441.8,49.9,0.8465,0.0504,1,0.6,0.6286,0.8923,39.903,0
VH-03538,2022-12-27,12,Medium,4649.8,103.9,0.9354,0.8707,0,1.9,0.8722,0.8368,36.3368,1
VH-03539,2023-11-22,23,Light,5056.0,117.3,0.8412,0.2968,1,5.3,0.5551,0.5338,34.3151,1
VH-03540,2023-03-27,15,Medium,4980.9,89.4,0.5231,0.3154,1,4.7,0.9055,0.6753,21.2303,0
VH-03541,2022-03-02,2,Heavy,3144.6,79.8,0.5064,0.286,0,1.8,0.6563,0.7995,51.3772,0
VH-03542,2023-05-26,17,Medium,3986.9,76.1,0.7662,0.4111,0,3.5,0.5117,0.7752,61.8094,1
VH-03543,2022-09-28,9,Heavy,5305.8,127.0,0.4227,0.4959,1,0.5,0.6182,0.5467,40.5476,1
VH-03544,2022-11-27,11,Light,4182.8,107.0,0.7262,0.3917,0,2.7,0.2365,0.8716,28.1684,0
VH-03545,2022-03-02,2,Medium,4069.0,84.5,0.7793,0.2059,0,4.2,0.5521,0.7212,27.1071,1
VH-03546,2022-01-31,1,Medium,7355.2,149.0,0.4196,0.6743,1,1.8,0.4396,0.7528,25.1821,0
VH-03547,2022-05-01,4,Medium,3073.5,91.5,0.9038,0.677,0,22.1,0.5679,0.7582,40.062,1
VH-03548,2023-03-27,15,Heavy,6120.6,149.1,0.5816,0.593,0,2.0,0.4318,0.6878,30.6475,1
VH-03549,2022-03-02,2,Light,2768.0,63.8,0.7007,0.3665,1,9.1,0.5142,0.8976,20.8272,1
VH-03550,2023-01-26,13,Heavy,5482.2,143.9,0.8156,0.4875,1,2.0,0.7131,0.5614,12.6465,1
VH-03551,2023-01-26,13,Heavy,5562.2,124.9,0.4853,0.2723,0,2.4,0.6615,0.9691,58.5753,0
VH-03552,2023-07-25,19,Medium,3734.5,73.7,0.662,0.0685,2,1.9,0.1933,0.9208,32.3052,0
VH-03553,2022-05-01,4,Medium,2673.8,44.4,0.6569,0.2853,0,8.3,0.6935,0.6574,39.3768,0
VH-03554,2023-01-26,13,Medium,1544.4,32.7,0.6592,0.2784,1,21.5,0.509,0.7098,25.771,0
VH-03555,2023-01-26,13,Medium,3577.3,91.1,0.7301,0.3363,0,5.5,0.2337,0.5728,25.2765,0
VH-03556,2023-06-25,18,Heavy,5289.3,138.4,0.8576,0.1349,1,10.7,0.3093,0.3459,25.8607,0
VH-03557,2022-06-30,6,Medium,2883.6,64.4,0.7203,0.5836,0,3.1,0.548,0.8046,55.1844,1
VH-03558,2022-12-27,12,Heavy,4645.4,121.4,0.6703,0.4202,2,2.4,0.2471,0.9112,62.4621,0
VH-03559,2022-06-30,6,Medium,2285.4,47.6,0.6254,0.3412,1,9.2,0.7215,0.7519,63.0859,1
VH-03560,2022-09-28,9,Medium,4149.2,80.5,0.7665,0.2528,0,18.1,0.5334,0.4792,23.086,0
VH-03561,2022-10-28,10,Heavy,2779.4,42.2,0.911,0.4798,4,7.4,0.4677,0.9808,39.4142,0
VH-03562,2023-05-26,17,Medium,4383.0,89.8,0.7585,0.2991,1,13.9,0.7325,0.925,32.3449,0
VH-03563,2022-03-02,2,Heavy,3748.4,64.3,0.8955,0.3372,2,8.3,0.5849,0.7236,21.9524,0
VH-03564,2023-08-24,20,Light,2714.5,90.5,0.7745,0.3484,0,7.1,0.6628,0.7868,40.5112,0
VH-03565,2023-02-25,14,Heavy,3511.7,84.6,0.6928,0.2907,2,2.7,0.4804,0.6322,47.9063,0
VH-03566,2023-11-22,23,Heavy,3098.8,67.4,0.8459,0.5171,1,3.3,0.4537,0.7903,50.1277,0
VH-03567,2022-03-02,2,Heavy,2529.1,82.0,0.8275,0.3433,0,4.6,0.3501,0.7795,57.3063,0
VH-03568,2022-01-01,0,Medium,6124.1,116.6,0.8012,0.4557,1,3.5,0.3262,0.3146,33.7583,1
VH-03569,2022-01-01,0,Heavy,3959.7,85.9,0.7407,0.5946,0,6.1,0.609,0.6668,35.2126,1
VH-03570,2023-10-23,22,Medium,1196.7,56.6,0.8902,0.1023,0,1.7,0.3953,0.8448,40.1766,0
VH-03571,2023-10-23,22,Heavy,3565.1,77.1,0.882,0.364,1,6.8,0.4362,0.5211,34.248,0
VH-03572,2022-04-01,3,Light,5872.1,167.2,0.4557,0.324,0,3.1,0.3916,0.4849,21.6033,1
VH-03573,2022-04-01,3,Medium,3358.0,86.4,0.9035,0.4326,1,1.7,0.5159,0.3841,15.0379,1
VH-03574,2023-07-25,19,Medium,6746.6,169.5,0.854,0.7518,0,2.6,0.7013,0.8836,22.3714,0
VH-03575,2023-08-24,20,Medium,3215.0,91.5,0.9545,0.4574,1,17.3,0.6689,0.6761,22.2141,1
VH-03576,2023-07-25,19,Medium,5255.1,116.8,0.9076,0.4782,4,10.1,0.4461,0.9597,43.8331,0
VH-03577,2022-05-31,5,Heavy,6055.0,127.2,0.5318,0.475,0,6.6,0.6337,0.8756,31.3293,1
VH-03578,2022-12-27,12,Medium,5175.3,113.3,0.847,0.5501,0,7.0,0.7518,0.864,28.6723,0
VH-03579,2022-03-02,2,Heavy,2438.3,39.4,0.5597,0.0291,0,13.3,0.2498,0.92,53.1819,0
VH-03580,2023-05-26,17,Light,3086.3,67.6,0.453,0.2536,1,11.8,0.4805,0.8018,65.2119,0
VH-03581,2022-12-27,12,Heavy,6255.1,138.9,0.6959,0.1346,0,4.7,0.5337,0.6969,21.4354,1
VH-03582,2022-12-27,12,Heavy,3293.1,98.5,0.8814,0.6628,2,6.5,0.4958,0.6656,10.7271,1
VH-03583,2023-03-27,15,Medium,5963.5,141.4,0.5724,0.4038,0,2.1,0.6839,0.7864,13.1525,1
VH-03584,2023-11-22,23,Heavy,3854.6,121.1,0.9206,0.7796,1,8.3,0.5527,0.8005,10.357,1
VH-03585,2023-01-26,13,Heavy,4712.2,72.3,0.4282,0.3594,1,7.1,0.8612,0.716,59.6114,0
VH-03586,2022-04-01,3,Heavy,2420.8,35.5,0.2982,0.2048,0,8.0,0.4089,0.4659,22.1281,0
VH-03587,2022-04-01,3,Medium,3587.6,74.4,0.7484,0.6331,1,7.8,0.2594,0.9111,48.2984,0
VH-03588,2023-01-26,13,Medium,3187.0,93.2,0.6952,0.6035,2,4.0,0.1551,0.9507,45.3424,1
VH-03589,2023-11-22,23,Heavy,4838.4,105.9,0.8346,0.6244,1,3.4,0.338,0.6458,23.4265,1
VH-03590,2022-05-01,4,Medium,4639.8,81.1,0.5906,0.2342,0,12.9,0.3573,0.6025,27.9001,0
VH-03591,2023-04-26,16,Heavy,5194.0,111.7,0.8936,0.4563,2,7.9,0.4692,0.7051,9.5502,1
VH-03592,2022-07-30,7,Medium,3764.2,65.7,0.5579,0.508,2,6.7,0.5487,0.6173,32.0791,1
VH-03593,2023-03-27,15,Heavy,3104.7,48.1,0.7662,0.4052,0,1.2,0.6313,0.7177,20.2755,0
VH-03594,2022-08-29,8,Light,4774.1,136.1,0.8576,0.1695,0,3.3,0.6708,0.8813,34.2473,0
VH-03595,2022-10-28,10,Light,2955.6,60.4,0.4218,0.6292,1,2.0,0.8037,0.6044,30.3191,1
VH-03596,2022-01-31,1,Heavy,6117.6,138.5,0.6667,0.2573,1,0.7,0.3564,0.6671,36.6122,1
VH-03597,2022-03-02,2,Heavy,4328.2,94.8,0.9244,0.6945,0,3.3,0.5171,0.7776,33.4558,1
VH-03598,2022-05-01,4,Heavy,4010.8,85.4,0.7729,0.3527,0,3.5,0.3844,0.6452,32.9751,0
VH-03599,2022-07-30,7,Heavy,5193.3,102.8,0.9589,0.3938,1,4.0,0.6698,0.881,47.1207,1
VH-03600,2022-11-27,11,Medium,4385.5,92.8,0.8077,0.3294,1,8.2,0.6015,0.6699,47.1507,1
VH-03601,2022-06-30,6,Medium,2012.9,49.8,0.4881,0.1876,0,7.4,0.1883,0.8866,39.0226,0
VH-03602,2022-04-01,3,Light,2907.9,85.9,0.8523,0.2053,1,3.1,0.8256,0.8899,56.3379,0
VH-03603,2022-12-27,12,Medium,6086.6,149.5,0.6063,0.7941,0,8.0,0.516,0.5054,29.694,1
VH-03604,2022-04-01,3,Light,4625.8,84.5,0.7322,0.254,1,6.2,0.1388,0.4849,36.9959,0
VH-03605,2022-11-27,11,Heavy,1977.6,58.8,0.4479,0.6959,1,5.1,0.4518,0.9161,65.238,0
VH-03606,2022-03-02,2,Light,5028.2,118.9,0.7156,0.101,0,4.7,0.9409,0.787,23.445,1
VH-03607,2022-10-28,10,Light,3661.1,72.0,0.5159,0.4462,0,1.7,0.2821,0.4906,50.0312,0
VH-03608,2023-04-26,16,Light,3188.3,73.6,0.7405,0.3358,1,1.7,0.3123,0.659,23.1816,0
VH-03609,2022-03-02,2,Light,2782.7,70.4,0.9345,0.716,2,2.9,0.3869,0.4641,36.5455,1
VH-03610,2023-08-24,20,Light,5999.9,134.0,0.5604,0.47,0,4.3,0.3864,0.723,23.823,0
VH-03611,2023-09-23,21,Medium,1551.8,41.7,0.6619,0.4974,1,5.3,0.8105,0.8645,68.3034,0
VH-03612,2022-06-30,6,Medium,3243.7,59.1,0.8175,0.3982,1,13.2,0.5491,0.9443,35.7042,0
VH-03613,2022-03-02,2,Medium,4680.2,133.9,0.4039,0.5923,0,5.5,0.6869,0.8794,48.2622,0
VH-03614,2023-05-26,17,Heavy,6867.5,123.7,0.5554,0.5341,0,4.6,0.596,0.8309,23.945,0
VH-03615,2022-05-31,5,Medium,5330.8,127.1,0.5044,0.5583,1,4.8,0.7391,0.4467,47.4784,0
VH-03616,2023-01-26,13,Medium,3231.0,77.3,0.7939,0.6848,1,7.2,0.644,0.6807,45.2241,0
VH-03617,2022-03-02,2,Medium,6794.0,160.6,0.5614,0.6297,0,13.6,0.0645,0.5993,39.8729,0
VH-03618,2023-10-23,22,Light,2467.3,44.2,0.644,0.6255,0,2.0,0.6143,0.5204,11.8932,1
VH-03619,2022-12-27,12,Medium,4898.0,126.4,0.8589,0.4384,1,14.4,0.3449,0.7041,20.5518,0
VH-03620,2022-10-28,10,Heavy,5231.7,114.6,0.7991,0.3284,1,3.2,0.3342,0.8369,24.4989,1
VH-03621,2022-09-28,9,Medium,3178.3,52.8,0.6256,0.2862,0,6.4,0.6891,0.8441,68.5516,0
VH-03622,2023-03-27,15,Medium,5546.4,106.8,0.7039,0.3169,1,10.4,0.8237,0.5666,16.23,1
VH-03623,2023-09-23,21,Medium,3729.2,84.7,0.7758,0.3117,2,23.3,0.3756,0.6446,41.8994,1
VH-03624,2023-08-24,20,Heavy,5542.7,99.2,0.6104,0.5442,0,11.4,0.6368,0.575,43.1745,1
VH-03625,2022-03-02,2,Medium,1740.6,65.7,0.7682,0.171,1,9.5,0.5717,0.4249,32.1053,0
VH-03626,2023-05-26,17,Medium,5002.5,126.9,0.8359,0.3017,0,9.7,0.5683,0.5905,17.5644,1
VH-03627,2022-11-27,11,Heavy,3881.8,113.7,0.6684,0.618,0,2.6,0.604,0.8029,12.433,1
VH-03628,2022-01-31,1,Medium,6224.6,164.1,0.7826,0.1799,1,4.5,0.5324,0.7742,37.4863,0
VH-03629,2023-07-25,19,Medium,4434.0,93.3,0.2336,0.6463,0,5.3,0.5918,0.7512,33.7494,0
VH-03630,2022-10-28,10,Light,6373.8,128.6,0.5742,0.4322,1,5.6,0.5113,0.7041,35.5801,0
VH-03631,2023-01-26,13,Light,5261.4,76.8,0.4421,0.0629,1,7.5,0.1405,0.7532,44.7953,0
VH-03632,2022-01-01,0,Heavy,4308.7,89.7,0.6013,0.6319,0,4.1,0.6107,0.8564,24.2896,0
VH-03633,2022-04-01,3,Medium,5681.5,152.7,0.8452,0.2971,2,12.5,0.2991,0.9868,20.443,0
VH-03634,2023-10-23,22,Medium,5691.1,114.1,0.605,0.311,0,3.4,0.6762,0.5397,59.2737,1
VH-03635,2023-03-27,15,Medium,5207.9,112.6,0.5675,0.1868,1,8.1,0.6844,0.7073,25.4832,0
VH-03636,2022-03-02,2,Light,1061.5,20.0,0.872,0.2246,2,9.0,0.6297,0.9098,26.7253,0
VH-03637,2023-06-25,18,Heavy,3026.2,72.9,0.7171,0.1312,0,4.6,0.508,0.8858,20.6994,0
VH-03638,2023-06-25,18,Light,6576.2,165.4,0.769,0.1134,0,11.3,0.5371,0.697,55.9875,0
VH-03639,2022-01-31,1,Heavy,2616.1,35.0,0.4621,0.5339,1,11.2,0.5306,0.8498,45.5892,0
VH-03640,2022-08-29,8,Medium,5823.7,109.2,0.5018,0.1043,0,18.7,0.6892,0.4881,45.5799,1
VH-03641,2023-05-26,17,Medium,5559.7,145.8,0.936,0.4297,2,6.8,0.8282,0.746,8.1785,1
VH-03642,2023-11-22,23,Light,3411.4,86.8,0.8637,0.4171,3,3.1,0.4428,0.7949,32.3967,0
VH-03643,2022-08-29,8,Heavy,1507.2,29.6,0.8648,0.2877,2,4.8,0.6865,0.5893,36.4976,0
VH-03644,2023-06-25,18,Light,3646.6,106.6,0.3262,0.7426,0,12.2,0.6507,0.7759,46.102,0
VH-03645,2022-05-31,5,Light,7617.0,148.8,0.5376,0.217,0,4.1,0.4465,0.8777,18.0903,0
VH-03646,2023-11-22,23,Heavy,3205.1,85.2,0.691,0.2843,0,3.7,0.6477,0.4188,65.6772,0
VH-03647,2022-03-02,2,Medium,3308.6,72.5,0.8709,0.356,1,2.7,0.6414,0.5922,20.8535,0
VH-03648,2023-05-26,17,Medium,3003.6,75.8,0.772,0.5906,2,4.2,0.4304,0.6619,51.0234,0
VH-03649,2022-08-29,8,Light,6322.2,104.7,0.2871,0.3412,0,10.3,0.6109,0.7119,30.3947,0
VH-03650,2022-11-27,11,Heavy,4135.6,88.0,0.8247,0.3381,1,4.8,0.6078,0.9546,27.0977,1
VH-03651,2023-06-25,18,Medium,3561.1,90.2,0.6457,0.2101,1,3.2,0.228,0.8909,62.1066,0
VH-03652,2023-06-25,18,Light,6620.2,146.2,0.8389,0.185,0,1.8,0.7538,0.63,52.8662,0
VH-03653,2022-07-30,7,Medium,5369.2,138.1,0.6219,0.0774,1,6.6,0.4917,0.8261,65.576,0
VH-03654,2023-01-26,13,Light,3121.1,87.7,0.99,0.5332,2,6.9,0.3849,0.9424,23.9784,0
VH-03655,2022-03-02,2,Medium,2664.6,44.8,0.8442,0.3706,1,5.9,0.3558,0.816,38.4884,0
VH-03656,2022-12-27,12,Light,6237.3,151.0,0.6764,0.2054,1,1.5,0.7758,0.8672,58.4912,0
VH-03657,2022-05-31,5,Light,4525.2,85.7,0.7915,0.4744,0,2.8,0.5488,0.5144,29.0731,1
VH-03658,2023-01-26,13,Medium,2176.4,49.2,0.7477,0.2839,1,1.9,0.6317,0.5901,18.5851,1
VH-03659,2023-11-22,23,Heavy,1825.3,50.4,0.6747,0.6123,0,2.7,0.5351,0.6143,14.2661,1
VH-03660,2022-08-29,8,Light,2825.9,50.3,0.6945,0.5615,1,2.8,0.6822,0.8671,60.6287,0
VH-03661,2022-09-28,9,Light,2640.8,70.5,0.8541,0.2321,1,4.3,0.7668,0.5222,20.9258,1
VH-03662,2023-06-25,18,Heavy,1430.9,24.2,0.7698,0.1954,0,2.3,0.7732,0.7053,65.1271,0
VH-03663,2023-11-22,23,Heavy,2850.7,54.6,0.7613,0.5658,0,8.1,0.7001,0.8922,27.9608,0
VH-03664,2022-10-28,10,Medium,3121.4,80.0,0.9836,0.5003,0,1.1,0.6304,0.6794,9.6047,1
VH-03665,2023-10-23,22,Light,3806.0,72.0,0.7468,0.2808,0,4.1,0.6832,0.7543,33.232,0
VH-03666,2023-03-27,15,Medium,7039.4,143.1,0.6412,0.5395,1,2.9,0.5573,0.6839,46.3117,0
VH-03667,2023-07-25,19,Light,4099.7,106.7,0.3436,0.4701,0,4.4,0.6342,0.9039,37.3868,0
VH-03668,2022-05-31,5,Light,4248.6,96.0,0.7589,0.2434,0,6.8,0.8156,0.7747,41.4655,1
VH-03669,2022-04-01,3,Medium,5263.9,95.2,0.7725,0.7033,3,5.0,0.3366,0.6604,12.4273,1
VH-03670,2023-07-25,19,Medium,4144.0,104.9,0.503,0.3775,1,9.1,0.4481,0.6744,71.3334,0
VH-03671,2023-09-23,21,Medium,5100.2,107.2,0.5322,0.2502,1,5.8,0.6856,0.7291,53.8127,0
VH-03672,2022-10-28,10,Medium,4920.9,88.3,0.735,0.3046,1,7.3,0.3718,0.7748,54.1259,0
VH-03673,2022-03-02,2,Medium,4683.9,66.5,0.7217,0.5696,0,11.0,0.2958,0.6358,19.9708,0
VH-03674,2022-10-28,10,Medium,8649.7,205.8,0.8847,0.3023,1,10.3,0.543,0.7924,6.7901,1
VH-03675,2022-03-02,2,Heavy,5866.7,117.5,0.4349,0.6688,0,7.3,0.3788,0.701,56.6063,0
VH-03676,2023-07-25,19,Heavy,2877.4,45.3,0.6814,0.2832,1,10.3,0.7221,0.8255,19.5644,0
VH-03677,2022-07-30,7,Medium,5055.3,121.9,0.8696,0.4241,0,2.9,0.8342,0.8805,19.0478,0
VH-03678,2023-07-25,19,Medium,3312.4,85.7,0.5509,0.426,0,21.4,0.3193,0.782,14.9157,1
VH-03679,2022-07-30,7,Medium,5169.4,103.1,0.8358,0.2365,0,35.0,0.6645,0.6475,31.1571,1
VH-03680,2023-08-24,20,Light,2437.2,67.9,0.8068,0.714,1,11.6,0.8859,0.6737,5.5217,1
VH-03681,2022-08-29,8,Heavy,2838.3,93.9,0.6672,0.6501,2,7.2,0.2428,0.4124,20.4506,0
VH-03682,2022-01-01,0,Light,5015.9,131.7,0.6282,0.1637,1,7.9,0.2768,0.2186,20.1606,1
VH-03683,2022-06-30,6,Medium,5996.5,151.1,0.5845,0.6009,0,2.2,0.4711,0.6918,39.0557,1
VH-03684,2022-01-31,1,Medium,5254.0,121.5,0.7421,0.6509,0,7.6,0.3204,0.8607,27.3657,0
VH-03685,2022-09-28,9,Light,5781.2,121.8,0.9613,0.2468,1,2.9,0.4943,0.7779,31.2467,1
VH-03686,2023-01-26,13,Light,5060.7,111.6,0.8593,0.7182,0,2.9,0.5665,0.8288,56.0197,0
VH-03687,2022-09-28,9,Medium,4758.7,112.4,0.7625,0.2332,1,6.7,0.5408,0.5784,27.9445,1
VH-03688,2022-01-31,1,Heavy,3744.5,64.3,0.9202,0.2748,1,2.2,0.4492,0.6394,56.4213,0
VH-03689,2022-06-30,6,Medium,5719.5,115.6,0.7971,0.1306,0,15.8,0.6849,0.9726,51.2282,0
VH-03690,2023-03-27,15,Medium,6037.3,112.7,0.5679,0.5594,1,9.5,0.8082,0.8906,31.8139,1
VH-03691,2022-01-01,0,Light,4405.3,101.4,0.8781,0.4475,0,1.7,0.3868,0.6081,12.3688,1
VH-03692,2023-07-25,19,Medium,4324.6,97.3,0.8224,0.475,1,3.0,0.5113,0.8683,46.5169,1
VH-03693,2023-03-27,15,Light,6887.1,143.3,0.865,0.394,0,2.6,0.7375,0.4854,11.0371,1
VH-03694,2022-10-28,10,Medium,4469.4,111.6,0.9773,0.469,0,4.0,0.4554,0.9458,37.9764,1
VH-03695,2022-11-27,11,Heavy,4613.5,86.9,0.8499,0.7477,1,12.9,0.8123,0.819,23.279,1
VH-03696,2022-04-01,3,Medium,5226.3,105.8,0.5012,0.5202,2,11.6,0.0805,0.3772,54.58,1
VH-03697,2022-05-01,4,Medium,4353.3,108.4,0.871,0.3742,0,8.1,0.6942,0.9789,36.4051,0
VH-03698,2023-03-27,15,Light,3269.5,86.6,0.6907,0.4381,2,8.8,0.6244,0.4467,32.2681,0
VH-03699,2022-05-01,4,Light,5066.9,100.7,0.4447,0.6599,1,3.4,0.1844,0.5564,56.0933,1
VH-03700,2022-10-28,10,Medium,4441.9,102.2,0.714,0.5067,0,2.1,0.802,0.7952,24.0935,0
VH-03701,2022-01-31,1,Heavy,7263.4,149.7,0.623,0.2418,3,10.3,0.3091,0.761,10.1627,1
VH-03702,2022-12-27,12,Light,5682.7,123.3,0.4855,0.7585,0,9.5,0.5816,0.8531,25.8867,0
VH-03703,2022-08-29,8,Medium,3606.8,82.3,0.9643,0.5097,2,6.1,0.6646,0.7602,29.2755,1
VH-03704,2023-09-23,21,Medium,5593.6,132.7,0.8926,0.2405,1,11.2,0.6406,0.7689,21.5486,1
VH-03705,2023-06-25,18,Light,4961.8,115.0,0.6365,0.7274,1,9.6,0.7758,0.6894,16.3601,1
VH-03706,2022-09-28,9,Light,6464.1,147.7,0.5085,0.357,2,5.7,0.5986,0.6651,18.3909,1
VH-03707,2023-11-22,23,Medium,3713.3,66.3,0.7919,0.4046,0,7.3,0.475,0.5432,51.8605,0
VH-03708,2023-10-23,22,Medium,4783.0,112.1,0.724,0.0691,1,4.3,0.514,0.6025,48.3341,0
VH-03709,2023-10-23,22,Medium,4351.4,105.0,0.6038,0.2419,1,2.8,0.239,0.7781,19.0521,0
VH-03710,2023-05-26,17,Heavy,4587.7,112.3,0.6267,0.4102,1,5.2,0.4793,0.8225,53.3273,0
VH-03711,2023-02-25,14,Heavy,3172.2,59.7,0.6635,0.5543,0,1.4,0.0971,0.5464,35.6018,0
VH-03712,2022-07-30,7,Heavy,5363.9,132.9,0.9469,0.4133,1,1.5,0.885,0.5604,10.3503,1
VH-03713,2023-01-26,13,Heavy,5126.9,94.2,0.5119,0.4311,1,3.0,0.7525,0.5033,71.2334,0
VH-03714,2023-06-25,18,Heavy,6427.8,136.4,0.8198,0.3359,4,6.6,0.5257,0.6076,33.6282,1
VH-03715,2023-09-23,21,Heavy,4485.0,95.5,0.7187,0.5697,0,8.7,0.401,0.8532,49.1567,1
VH-03716,2022-04-01,3,Heavy,3882.2,67.3,0.658,0.5445,0,5.4,0.1605,0.6788,58.7848,0
VH-03717,2022-05-01,4,Heavy,5683.9,121.9,0.8096,0.0739,2,2.3,0.3961,0.849,32.3812,0
VH-03718,2022-04-01,3,Heavy,3308.7,76.8,0.7082,0.7615,1,6.6,0.4534,0.8246,4.2968,1
VH-03719,2022-09-28,9,Heavy,6127.5,108.8,0.8993,0.7334,1,2.4,0.6233,0.7992,22.0629,1
VH-03720,2022-08-29,8,Medium,6124.3,130.2,0.5509,0.3438,1,4.5,0.6808,0.6544,30.1236,1
VH-03721,2022-09-28,9,Medium,6385.9,115.7,0.8956,0.337,0,2.7,0.4341,0.8995,63.1195,0
VH-03722,2022-01-31,1,Medium,5064.9,143.2,0.69,0.4028,0,17.8,0.5481,0.95,46.0604,0
VH-03723,2023-10-23,22,Heavy,3770.3,87.0,0.4504,0.4353,2,6.5,0.3044,0.7724,26.9202,0
VH-03724,2022-12-27,12,Medium,4663.8,105.5,0.8812,0.4411,0,2.6,0.4554,0.6642,58.7789,0
VH-03725,2022-08-29,8,Heavy,5070.1,116.2,0.9624,0.5308,1,8.6,0.5301,0.896,22.2007,1
VH-03726,2022-10-28,10,Heavy,3659.8,90.4,0.7523,0.3712,2,2.8,0.5172,0.7422,46.2256,0
VH-03727,2022-11-27,11,Heavy,6499.7,159.1,0.7159,0.1688,2,7.0,0.6318,0.5238,27.1994,1
VH-03728,2023-01-26,13,Light,5370.1,95.9,0.802,0.1599,1,3.7,0.3178,0.5443,29.1516,0
VH-03729,2022-10-28,10,Heavy,3161.7,89.9,0.7453,0.1855,1,5.9,0.4238,0.7633,22.1966,0
VH-03730,2022-12-27,12,Heavy,7324.3,181.4,0.9778,0.4025,0,12.6,0.3881,0.7648,10.881,1
VH-03731,2022-09-28,9,Heavy,4646.1,102.3,0.6626,0.1978,0,5.4,0.2216,0.7215,67.9776,0
VH-03732,2022-01-31,1,Heavy,2858.8,61.7,0.3936,0.5073,1,16.2,0.8903,0.7659,20.4381,0
VH-03733,2022-01-31,1,Medium,3254.6,25.8,0.6009,0.4769,1,5.8,0.5996,0.9325,43.8499,1
VH-03734,2022-05-31,5,Medium,6731.7,130.9,0.5666,0.3519,2,3.1,0.6893,0.7739,16.37,1
VH-03735,2023-10-23,22,Light,7237.5,168.6,0.8459,0.8091,0,3.5,0.498,0.6188,23.426,1
VH-03736,2022-05-01,4,Heavy,6014.2,151.7,0.6294,0.2425,0,4.0,0.3697,0.4667,18.8927,1
VH-03737,2022-01-31,1,Medium,6479.0,154.9,0.6406,0.3407,0,3.0,0.5401,0.818,29.3283,0
VH-03738,2023-04-26,16,Heavy,6324.9,139.4,0.3652,0.6651,0,7.1,0.7511,0.6907,18.9472,0
VH-03739,2022-10-28,10,Heavy,5335.4,147.5,0.8926,0.265,0,7.8,0.6893,0.4817,16.3464,1
VH-03740,2023-09-23,21,Medium,4993.6,126.0,0.8194,0.4038,0,3.1,0.4011,0.7276,14.5693,1
VH-03741,2022-05-01,4,Light,5309.8,112.1,0.7455,0.1618,0,3.3,0.2529,0.5174,36.0296,1
VH-03742,2022-01-01,0,Light,5604.0,157.3,0.9478,0.1087,1,17.6,0.5397,0.4666,25.4092,0
VH-03743,2022-03-02,2,Heavy,3387.6,58.8,0.7827,0.7873,1,3.1,0.7642,0.9349,35.4939,0
VH-03744,2022-05-31,5,Medium,5597.9,102.3,0.7864,0.6664,0,4.4,0.3,0.3646,28.8769,0
VH-03745,2023-10-23,22,Light,6687.9,142.3,0.6072,0.4132,0,11.5,0.8378,0.8409,14.7255,1
VH-03746,2023-01-26,13,Heavy,4190.4,81.7,0.5802,0.3094,2,8.6,0.4896,0.6458,51.4411,0
VH-03747,2022-06-30,6,Medium,4030.1,84.1,0.6046,0.8085,1,4.0,0.7232,0.6365,36.8653,0
VH-03748,2023-09-23,21,Heavy,5214.8,127.9,0.7351,0.6027,1,5.4,0.7334,0.8132,16.0792,1
VH-03749,2022-01-01,0,Medium,3525.5,77.8,0.9108,0.7778,0,10.4,0.6087,0.7311,42.7561,0
VH-03750,2022-01-01,0,Light,2524.8,56.0,0.7857,0.1141,3,6.8,0.345,0.6726,68.3116,0
VH-03751,2023-04-26,16,Light,6221.6,139.1,0.3307,0.3643,0,10.3,0.88,0.6857,8.9236,1
VH-03752,2022-09-28,9,Medium,3823.6,50.3,0.636,0.0559,2,7.7,0.4823,0.7743,37.8625,0
VH-03753,2023-10-23,22,Medium,4527.7,77.9,0.8615,0.2442,0,12.3,0.9016,0.8348,42.8251,1
VH-03754,2023-06-25,18,Heavy,3584.8,73.9,0.5595,0.7926,1,12.0,0.6375,0.7563,56.0931,0
VH-03755,2022-06-30,6,Medium,6415.1,129.9,0.7592,0.3224,1,7.1,0.2486,0.3682,46.1606,0
VH-03756,2022-09-28,9,Medium,5779.8,125.0,0.6689,0.736,2,8.9,0.8145,0.957,21.786,1
VH-03757,2023-11-22,23,Medium,4138.9,113.0,0.8347,0.233,0,1.7,0.78,0.5272,38.8515,1
VH-03758,2023-01-26,13,Medium,2730.2,59.6,0.8143,0.107,0,8.0,0.2807,0.5519,56.018,0
VH-03759,2022-09-28,9,Heavy,3979.6,68.6,0.6752,0.4397,2,3.2,0.3994,0.3873,24.2674,1
VH-03760,2022-03-02,2,Light,5355.2,107.1,0.7034,0.6168,1,2.7,0.667,0.6724,28.6214,1
VH-03761,2022-12-27,12,Heavy,4783.0,131.9,0.2389,0.4605,3,8.2,0.246,0.7447,31.0325,1
VH-03762,2022-05-31,5,Medium,4663.6,126.6,0.9423,0.3349,0,2.3,0.5834,0.7462,34.9137,1
VH-03763,2022-04-01,3,Light,4817.5,116.0,0.8302,0.3286,1,8.6,0.6167,0.355,37.5638,1
VH-03764,2023-06-25,18,Light,5638.2,101.9,0.4483,0.4946,0,15.6,0.7393,0.7773,45.701,0
VH-03765,2022-08-29,8,Light,4437.2,103.2,0.7801,0.2888,0,9.6,0.7059,0.924,22.6139,0
VH-03766,2023-05-26,17,Heavy,5175.0,120.8,0.7462,0.7588,0,9.8,0.6209,0.7727,25.0967,1
VH-03767,2023-02-25,14,Medium,3019.6,67.5,0.809,0.6343,1,6.6,0.4676,0.4505,38.4887,1
VH-03768,2023-03-27,15,Medium,8330.8,176.6,0.66,0.7003,0,2.1,0.7288,0.7862,18.202,0
VH-03769,2023-10-23,22,Medium,4074.2,85.1,0.7069,0.5665,1,0.9,0.4939,0.6171,38.4831,1
VH-03770,2023-05-26,17,Medium,4805.4,97.2,0.4824,0.4784,0,0.6,0.4944,0.9261,49.85,0
VH-03771,2022-09-28,9,Heavy,5349.7,101.7,0.6803,0.2064,2,2.5,0.4827,0.4884,28.8891,1
VH-03772,2023-11-22,23,Heavy,3883.8,106.8,0.7009,0.4764,0,3.0,0.6903,0.5966,19.9853,0
VH-03773,2022-10-28,10,Medium,4511.7,113.5,0.6072,0.4789,1,7.3,0.6261,0.6107,28.4403,0
VH-03774,2023-02-25,14,Heavy,4493.5,95.6,0.9453,0.153,0,3.2,0.3872,0.8736,42.5712,0
VH-03775,2022-09-28,9,Heavy,3128.9,74.8,0.7119,0.2535,2,8.6,0.4279,0.8519,23.8939,0
VH-03776,2023-07-25,19,Medium,5157.9,120.5,0.7768,0.4095,0,6.0,0.3882,0.8144,25.2359,1
VH-03777,2022-06-30,6,Heavy,2026.2,80.2,0.8845,0.6452,0,6.1,0.8866,0.6599,11.6144,1
VH-03778,2022-08-29,8,Light,7129.1,171.5,0.6401,0.346,1,2.4,0.5697,0.6187,16.4312,1
VH-03779,2023-04-26,16,Heavy,5689.5,139.0,0.9031,0.3143,0,2.7,0.1031,0.8072,5.8748,1
VH-03780,2022-11-27,11,Heavy,5458.7,121.9,0.735,0.3733,1,6.0,0.1373,0.6506,23.2681,0
VH-03781,2023-08-24,20,Light,1895.0,35.6,0.8935,0.4934,2,3.0,0.5179,0.4963,20.5293,1
VH-03782,2022-04-01,3,Heavy,3311.2,94.3,0.7914,0.3581,1,2.9,0.395,0.8644,66.5687,0
VH-03783,2022-08-29,8,Heavy,6584.0,156.1,0.642,0.2805,1,11.4,0.6464,0.8706,60.7186,0
VH-03784,2022-11-27,11,Light,9000.0,187.6,0.6838,0.1534,1,4.6,0.3034,0.8353,30.7857,0
VH-03785,2022-11-27,11,Medium,6292.0,146.6,0.4402,0.8964,2,1.9,0.4868,0.7298,56.5002,1
VH-03786,2023-08-24,20,Heavy,6055.4,147.1,0.9542,0.6175,0,6.6,0.6138,0.1733,18.7386,1
VH-03787,2022-09-28,9,Heavy,5287.5,86.1,0.6426,0.2938,2,1.7,0.8902,0.9308,41.4783,1
VH-03788,2023-01-26,13,Light,3228.8,57.9,0.68,0.3086,2,5.2,0.3619,0.5047,49.0725,0
VH-03789,2022-04-01,3,Medium,5992.8,138.6,0.6984,0.4364,1,11.0,0.5265,0.4085,36.0786,0
VH-03790,2023-10-23,22,Medium,2848.2,34.4,0.6794,0.5104,0,2.8,0.3266,0.4628,19.0139,0
VH-03791,2022-09-28,9,Light,2684.1,33.2,0.5643,0.1535,2,2.0,0.4626,0.6798,46.6988,0
VH-03792,2022-12-27,12,Medium,2589.7,53.5,0.6335,0.0738,2,2.3,0.3254,0.7316,25.9033,0
VH-03793,2022-06-30,6,Light,5963.6,139.9,0.2778,0.3772,1,4.9,0.7117,0.6279,30.8345,0
VH-03794,2022-07-30,7,Light,4413.9,106.2,0.585,0.6639,0,5.0,0.4676,0.6757,23.3544,0
VH-03795,2023-01-26,13,Medium,4651.3,127.1,0.5665,0.8595,0,6.6,0.6684,0.4868,41.9093,1
VH-03796,2022-04-01,3,Medium,4476.9,100.7,0.9426,0.3654,0,10.4,0.4446,0.8922,68.0994,0
VH-03797,2022-10-28,10,Medium,2811.4,56.9,0.7695,0.6921,2,5.3,0.4323,0.579,27.9087,1
VH-03798,2023-08-24,20,Heavy,3493.9,58.0,0.6433,0.5988,1,1.6,0.3,0.866,65.4873,0
VH-03799,2023-01-26,13,Medium,3569.4,73.5,0.7412,0.6625,0,8.1,0.7266,0.9103,28.2316,0
VH-03800,2023-09-23,21,Medium,2392.1,63.8,0.335,0.7141,0,2.7,0.9453,0.7386,70.0009,0
VH-03801,2022-04-01,3,Light,3743.7,94.5,0.8012,0.6114,1,4.0,0.4104,0.8862,28.1956,0
VH-03802,2023-09-23,21,Light,2878.0,67.9,0.4857,0.467,2,2.5,0.6742,0.7251,47.2504,0
VH-03803,2023-11-22,23,Medium,5366.5,127.5,0.9167,0.5594,2,9.4,0.7573,0.7652,2.9587,1
VH-03804,2022-01-01,0,Light,5491.5,141.2,0.8805,0.4281,3,17.8,0.56,0.6988,17.1233,1
VH-03805,2023-10-23,22,Light,2559.5,58.0,0.5354,0.1816,0,3.1,0.7357,0.5397,36.5447,0
VH-03806,2023-10-23,22,Light,4055.1,110.6,0.6899,0.6973,0,4.4,0.3118,0.939,64.8376,0
VH-03807,2023-03-27,15,Medium,7284.1,151.0,0.99,0.3127,0,0.8,0.4743,0.808,29.2146,1
VH-03808,2022-12-27,12,Medium,3028.9,66.2,0.5721,0.2548,0,9.5,0.5841,0.9044,43.7854,0
VH-03809,2022-05-01,4,Heavy,5140.0,107.0,0.958,0.495,2,4.4,0.8294,0.8088,38.1075,1
VH-03810,2022-09-28,9,Heavy,4658.3,115.4,0.792,0.6204,0,3.3,0.5406,0.7784,3.1035,1
VH-03811,2023-08-24,20,Medium,6139.3,121.2,0.835,0.7287,0,8.2,0.8306,0.7648,12.3158,1
VH-03812,2023-06-25,18,Light,4943.2,105.0,0.543,0.667,0,3.5,0.6378,0.7096,30.1036,0
VH-03813,2022-09-28,9,Medium,3853.1,57.7,0.912,0.5191,0,2.3,0.4679,0.675,42.4283,1
VH-03814,2022-09-28,9,Light,4600.1,111.1,0.8249,0.5168,0,11.7,0.314,0.6935,46.0385,0
VH-03815,2022-09-28,9,Medium,4622.1,121.4,0.646,0.404,3,10.9,0.0863,0.6962,22.9315,0
VH-03816,2022-05-31,5,Medium,4362.5,110.6,0.6455,0.4659,5,1.0,0.8048,0.8732,22.2877,0
VH-03817,2022-07-30,7,Medium,2521.3,68.2,0.7203,0.1589,1,5.1,0.4277,0.52,51.2287,0
VH-03818,2023-03-27,15,Medium,6364.6,154.0,0.5967,0.205,0,3.0,0.8312,0.6819,25.9607,0
VH-03819,2022-01-31,1,Medium,6099.7,146.0,0.7366,0.4755,2,4.9,0.7101,0.6307,18.8254,1
VH-03820,2022-06-30,6,Heavy,2933.7,74.4,0.913,0.0561,1,3.6,0.6575,0.3822,13.3413,1
VH-03821,2022-04-01,3,Heavy,4048.9,100.2,0.7479,0.4723,2,18.3,0.6264,0.525,27.0763,1
VH-03822,2022-01-31,1,Medium,4162.4,82.7,0.5849,0.3922,1,5.3,0.596,0.841,43.965,0
VH-03823,2022-01-01,0,Medium,2765.2,58.4,0.8897,0.3407,0,3.1,0.5447,0.87,24.3083,0
VH-03824,2022-06-30,6,Light,1699.8,38.8,0.6016,0.3035,2,0.3,0.7484,0.7106,22.2394,0
VH-03825,2022-04-01,3,Heavy,3494.1,72.6,0.7185,0.6076,0,2.6,0.7536,0.7405,10.6892,1
VH-03826,2023-01-26,13,Medium,3965.4,64.6,0.3776,0.4209,0,21.8,0.2419,0.9334,55.1508,0
VH-03827,2022-09-28,9,Medium,2338.1,33.4,0.8803,0.2289,1,6.2,0.7519,0.6222,5.0119,1
VH-03828,2023-08-24,20,Medium,4765.5,109.3,0.8415,0.2276,1,7.8,0.7307,0.5097,24.3104,0
VH-03829,2022-04-01,3,Heavy,6244.3,152.3,0.6399,0.2954,1,2.4,0.3614,0.5171,68.8947,0
VH-03830,2022-03-02,2,Medium,5763.2,128.2,0.9364,0.2033,0,2.1,0.4512,0.838,14.0064,1
VH-03831,2022-03-02,2,Medium,4310.0,137.2,0.8496,0.8262,0,4.3,0.6205,0.598,10.9655,1
VH-03832,2022-06-30,6,Medium,1739.4,24.9,0.5913,0.508,2,14.2,0.6061,0.7886,41.3443,0
VH-03833,2022-05-01,4,Medium,5573.6,130.5,0.7357,0.5326,0,1.7,0.5165,0.7007,22.3352,1
VH-03834,2023-07-25,19,Medium,4719.6,124.2,0.6024,0.34,0,6.0,0.4534,0.829,18.8873,0
VH-03835,2023-06-25,18,Medium,5136.5,130.1,0.6528,0.7077,0,3.8,0.5867,0.8869,27.6372,1
VH-03836,2023-05-26,17,Medium,7404.2,174.4,0.8053,0.1779,0,6.0,0.2918,0.7397,42.9837,0
VH-03837,2022-06-30,6,Medium,3262.8,88.6,0.5392,0.2065,0,17.6,0.2629,0.6951,33.1965,0
VH-03838,2023-05-26,17,Light,800.0,20.0,0.6802,0.5478,0,2.0,0.3933,0.9566,36.8364,0
VH-03839,2022-12-27,12,Heavy,2919.8,89.8,0.4224,0.4281,0,2.1,0.3981,0.8969,28.3251,0
VH-03840,2022-03-02,2,Medium,5229.1,135.4,0.6689,0.4643,0,4.1,0.465,0.8454,47.1582,0
VH-03841,2023-02-25,14,Medium,4540.4,88.1,0.9811,0.2191,1,23.0,0.5,0.8939,41.5497,0
VH-03842,2022-05-01,4,Medium,2676.5,64.3,0.8637,0.4842,0,1.4,0.528,0.8362,44.8925,0
VH-03843,2022-06-30,6,Medium,2370.4,29.5,0.5473,0.2076,2,2.6,0.5197,0.7936,18.9364,0
VH-03844,2023-09-23,21,Medium,3968.1,111.0,0.707,0.4968,2,7.5,0.6736,0.8166,29.3646,0
VH-03845,2023-03-27,15,Heavy,2630.9,61.8,0.6324,0.6421,0,4.6,0.735,0.6898,46.3723,1
VH-03846,2022-06-30,6,Medium,5281.0,137.6,0.7725,0.6043,0,9.6,0.764,0.9666,62.7301,0
VH-03847,2022-01-01,0,Heavy,3882.9,84.6,0.6692,0.3705,0,16.0,0.8792,0.3389,10.299,1
VH-03848,2022-03-02,2,Heavy,3559.3,51.3,0.4343,0.902,2,5.9,0.4815,0.5212,57.8162,0
VH-03849,2023-03-27,15,Light,3362.6,114.3,0.5518,0.3478,1,10.0,0.7048,0.9011,65.1877,0
VH-03850,2023-10-23,22,Medium,4894.7,110.7,0.7891,0.2435,1,6.2,0.6691,0.8115,56.0797,0
VH-03851,2022-12-27,12,Medium,4563.9,86.4,0.7139,0.5477,0,0.5,0.5117,0.9139,15.6867,1
VH-03852,2022-01-31,1,Medium,4802.9,123.9,0.9124,0.209,0,2.8,0.425,0.7854,70.6049,0
VH-03853,2023-11-22,23,Medium,4770.2,136.5,0.856,0.4949,0,6.9,0.7314,0.884,15.3778,1
VH-03854,2023-07-25,19,Medium,4391.7,94.6,0.8126,0.659,0,9.4,0.9802,0.8035,18.5535,0
VH-03855,2023-04-26,16,Medium,2950.3,64.1,0.8382,0.6736,0,4.2,0.6381,0.5274,20.7608,0
VH-03856,2022-06-30,6,Light,3404.4,79.2,0.9436,0.7319,1,4.9,0.3986,0.5865,23.9345,0
VH-03857,2022-03-02,2,Heavy,3908.0,70.2,0.7355,0.2182,2,2.9,0.5619,0.6789,67.809,0
VH-03858,2023-11-22,23,Medium,7597.8,158.5,0.6618,0.1825,1,4.8,0.6868,0.5372,23.1051,1
VH-03859,2023-05-26,17,Heavy,2476.7,81.8,0.9065,0.0225,2,2.9,0.633,0.487,23.2774,1
VH-03860,2023-08-24,20,Light,3871.5,84.1,0.6753,0.4047,0,2.7,0.8355,0.4161,6.4032,1
VH-03861,2023-09-23,21,Medium,4647.4,90.7,0.8976,0.4778,1,2.1,0.6039,0.7297,60.7957,0
VH-03862,2023-03-27,15,Light,4045.0,83.1,0.5308,0.4975,0,2.5,0.8885,0.737,45.6319,0
VH-03863,2023-04-26,16,Medium,6111.0,151.9,0.9325,0.1302,0,12.5,0.9689,0.7596,27.2363,1
VH-03864,2022-01-01,0,Medium,4037.3,60.1,0.7026,0.4731,1,2.2,0.7457,0.8327,20.9875,1
VH-03865,2023-05-26,17,Heavy,4148.2,96.0,0.4916,0.5228,0,3.9,0.4332,0.67,18.2462,0
VH-03866,2022-06-30,6,Medium,5721.9,164.1,0.7085,0.3631,0,4.6,0.7427,0.9124,33.9668,0
VH-03867,2022-05-01,4,Medium,7216.1,190.8,0.7647,0.6367,1,5.0,0.491,0.916,38.7935,1
VH-03868,2023-10-23,22,Medium,6611.2,155.5,0.405,0.1404,0,6.3,0.4707,0.819,22.2949,0
VH-03869,2022-10-28,10,Medium,4295.0,115.2,0.4834,0.1963,1,1.1,0.4161,0.6391,69.4644,0
VH-03870,2022-06-30,6,Medium,4425.7,118.0,0.6968,0.334,0,5.3,0.4769,0.4976,19.9262,0
VH-03871,2023-07-25,19,Medium,4570.1,99.7,0.5599,0.315,3,9.5,0.6923,0.6801,23.868,0
VH-03872,2022-06-30,6,Light,4720.5,118.8,0.6986,0.3036,0,11.5,0.6586,0.6027,4.1535,1
VH-03873,2023-06-25,18,Light,3229.0,98.6,0.6216,0.2744,0,7.7,0.5124,0.5727,40.2747,0
VH-03874,2022-05-01,4,Light,5904.9,112.3,0.8453,0.7316,1,1.8,0.3469,0.8392,26.6076,0
VH-03875,2022-03-02,2,Heavy,4809.9,115.5,0.5751,0.4271,0,4.3,0.5352,0.6705,45.4222,1
VH-03876,2023-01-26,13,Medium,4432.7,103.9,0.5401,0.72,0,1.9,0.9158,0.8239,24.6829,1
VH-03877,2023-08-24,20,Light,2593.3,59.2,0.8446,0.2345,2,5.6,0.4994,0.7088,21.3409,0
VH-03878,2022-08-29,8,Heavy,4593.4,102.3,0.7162,0.6727,1,4.5,0.9625,0.4597,8.2238,1
VH-03879,2022-07-30,7,Light,1660.2,40.4,0.8144,0.4162,0,5.9,0.4326,0.8459,40.0033,1
VH-03880,2023-05-26,17,Medium,3627.5,85.3,0.4966,0.2251,0,1.5,0.6195,0.7101,39.0256,0
VH-03881,2022-10-28,10,Heavy,3655.4,98.0,0.4148,0.2815,1,5.4,0.6185,0.6791,22.5539,0
VH-03882,2022-01-01,0,Heavy,4930.5,116.7,0.8956,0.2134,2,11.5,0.482,0.5977,17.9877,1
VH-03883,2022-01-31,1,Heavy,7319.8,160.0,0.9323,0.3681,0,8.4,0.4934,0.7468,8.7038,1
VH-03884,2022-10-28,10,Medium,5357.9,106.5,0.9185,0.3221,1,4.3,0.6173,0.7729,35.4939,0
VH-03885,2023-01-26,13,Heavy,6672.6,141.2,0.6513,0.3988,1,8.3,0.9299,0.6869,18.5521,1
VH-03886,2023-01-26,13,Light,5467.8,125.4,0.9567,0.4276,1,6.0,0.4419,0.601,31.2229,1
VH-03887,2023-04-26,16,Heavy,6187.6,126.9,0.7266,0.2732,2,5.8,0.6999,0.8758,35.7365,1
VH-03888,2022-09-28,9,Heavy,7285.7,176.1,0.7976,0.3672,1,13.0,0.6063,0.4709,24.0889,1
VH-03889,2022-08-29,8,Heavy,3402.2,82.1,0.7197,0.4449,0,5.9,0.6303,0.9373,40.9077,1
VH-03890,2023-01-26,13,Medium,3304.3,90.6,0.8095,0.5015,0,3.3,0.4652,0.5153,22.7153,0
VH-03891,2023-06-25,18,Light,5503.2,112.7,0.7996,0.3164,1,3.6,0.858,0.4221,24.3177,0
VH-03892,2022-05-31,5,Medium,4494.5,87.4,0.6345,0.6449,1,5.2,0.2477,0.8243,21.1353,0
VH-03893,2023-05-26,17,Medium,4830.5,124.4,0.7453,0.668,1,0.6,0.2743,0.8288,21.2258,0
VH-03894,2022-12-27,12,Medium,4127.0,93.7,0.7223,0.6416,4,2.5,0.1803,0.8606,25.6823,0
VH-03895,2022-05-01,4,Heavy,3605.6,77.1,0.5736,0.261,2,0.6,0.7191,0.6266,47.9208,0
VH-03896,2023-11-22,23,Medium,6931.1,164.5,0.9366,0.1735,2,2.0,0.6647,0.5856,15.183,1
VH-03897,2022-01-31,1,Medium,2850.2,73.3,0.6157,0.2471,0,5.8,0.5721,0.5869,26.6716,1
VH-03898,2023-01-26,13,Medium,5529.6,104.0,0.6187,0.499,1,8.0,0.4941,0.8433,57.9992,0
VH-03899,2022-06-30,6,Light,5286.3,138.2,0.8852,0.5802,1,17.7,0.8497,0.8084,24.6627,1
VH-03900,2022-05-01,4,Light,2131.5,41.2,0.6472,0.1007,3,2.8,0.1017,0.7311,64.8683,0
VH-03901,2022-06-30,6,Light,3253.8,97.8,0.9655,0.1471,2,11.8,0.7694,0.5956,29.7103,0
VH-03902,2022-09-28,9,Heavy,3506.0,57.9,0.5308,0.0432,0,9.3,0.4968,0.8652,69.0052,0
VH-03903,2022-01-01,0,Heavy,5346.9,123.6,0.7433,0.5584,0,4.2,0.6087,0.8614,40.683,1
VH-03904,2022-08-29,8,Medium,3949.4,85.0,0.5664,0.1876,0,11.0,0.4127,0.5798,41.4411,0
VH-03905,2023-07-25,19,Medium,4371.6,67.5,0.5432,0.856,1,7.8,0.5232,0.6591,29.3101,0
VH-03906,2022-05-31,5,Medium,2313.5,61.3,0.9622,0.6594,0,0.2,0.3053,0.8817,26.6615,0
VH-03907,2023-02-25,14,Heavy,7988.9,148.7,0.846,0.61,1,2.8,0.5398,0.6943,29.0941,1
VH-03908,2022-01-01,0,Heavy,4606.8,98.0,0.699,0.3082,2,4.2,0.6553,0.9413,19.3657,0
VH-03909,2022-03-02,2,Medium,5248.5,133.2,0.8744,0.7232,2,3.2,0.6758,0.7534,23.8086,1
VH-03910,2022-10-28,10,Heavy,3689.1,74.0,0.99,0.245,3,2.1,0.677,0.6745,14.8265,1
VH-03911,2023-03-27,15,Medium,3521.1,64.7,0.8617,0.6919,1,3.7,0.4304,0.7049,46.3665,0
VH-03912,2022-03-02,2,Medium,7369.0,175.8,0.279,0.9343,1,6.1,0.6684,0.7277,28.1589,0
VH-03913,2022-12-27,12,Heavy,1624.9,32.4,0.6256,0.4823,2,1.6,0.7792,0.5833,51.3881,1
VH-03914,2023-08-24,20,Medium,4918.0,103.2,0.8023,0.1423,0,1.5,0.1062,0.9499,23.428,0
VH-03915,2022-06-30,6,Medium,2682.7,78.7,0.6929,0.2797,1,5.9,0.4074,0.7671,48.7533,0
VH-03916,2023-05-26,17,Medium,3892.5,69.0,0.5453,0.2631,0,3.9,0.7971,0.6313,68.1511,0
VH-03917,2023-03-27,15,Medium,3542.9,71.8,0.7825,0.1016,0,2.3,0.4032,0.9503,18.9366,0
VH-03918,2022-03-02,2,Medium,3021.0,80.1,0.7374,0.4488,1,2.7,0.4479,0.7716,45.2427,0
VH-03919,2022-01-31,1,Medium,4553.2,82.7,0.675,0.393,1,8.4,0.4556,0.8295,66.7989,0
VH-03920,2023-03-27,15,Medium,800.0,44.4,0.8141,0.2459,0,1.6,0.198,0.7713,61.5285,0
VH-03921,2022-01-01,0,Light,4026.8,86.2,0.8661,0.4003,2,19.0,0.6657,0.6559,13.5698,1
VH-03922,2022-08-29,8,Heavy,4364.6,110.1,0.7274,0.3338,3,12.0,0.8095,0.5457,16.96,1
VH-03923,2023-06-25,18,Medium,2461.1,67.8,0.3881,0.6063,2,14.1,0.3842,0.8697,26.5824,0
VH-03924,2022-03-02,2,Heavy,6769.8,148.2,0.7853,0.0941,0,2.9,0.1839,0.5126,61.2978,0
VH-03925,2023-04-26,16,Light,3608.3,73.0,0.7242,0.489,2,5.9,0.7452,0.6408,19.587,1
VH-03926,2022-05-31,5,Medium,4143.8,91.4,0.8933,0.1513,0,4.3,0.6849,0.8813,61.3505,1
VH-03927,2023-08-24,20,Medium,3611.7,90.9,0.8895,0.3854,2,6.1,0.6109,0.2713,10.6043,1
VH-03928,2022-08-29,8,Heavy,4377.7,82.5,0.5657,0.0363,2,6.4,0.8401,0.9011,34.2328,0
VH-03929,2023-08-24,20,Light,6462.2,125.6,0.7541,0.7203,0,11.7,0.6633,0.6675,7.4543,1
VH-03930,2023-01-26,13,Heavy,8209.5,204.7,0.8206,0.4389,1,1.8,0.8553,0.9166,17.9948,1
VH-03931,2022-11-27,11,Medium,5618.5,113.8,0.6083,0.5478,0,11.8,0.6275,0.4797,26.7511,1
VH-03932,2023-03-27,15,Medium,6132.0,141.6,0.8045,0.353,0,3.0,0.639,0.6914,7.6404,1
VH-03933,2022-01-01,0,Medium,7074.6,154.2,0.844,0.5895,3,1.8,0.8598,0.7633,20.1186,1
VH-03934,2022-09-28,9,Light,4873.3,105.9,0.4696,0.4031,1,2.2,0.6649,0.7644,46.1287,0
VH-03935,2022-10-28,10,Medium,6855.4,173.8,0.5188,0.4072,3,3.8,0.6235,0.7178,58.6995,0
VH-03936,2022-12-27,12,Medium,5688.6,125.1,0.6869,0.0839,0,8.5,0.2228,0.7813,50.1088,0
VH-03937,2023-11-22,23,Medium,4716.0,99.4,0.703,0.4294,2,4.9,0.6628,0.8723,25.4661,1
VH-03938,2022-05-31,5,Medium,5025.5,107.6,0.8219,0.2938,3,2.2,0.5898,0.7007,35.1747,1
VH-03939,2022-03-02,2,Medium,1767.9,31.7,0.9504,0.765,1,7.2,0.2575,0.5829,32.4996,1
VH-03940,2023-09-23,21,Light,4938.2,99.7,0.7048,0.2633,0,2.8,0.789,0.5328,39.0461,0
VH-03941,2023-03-27,15,Light,2184.4,41.1,0.7516,0.6515,1,8.7,0.588,0.8775,53.264,0
VH-03942,2023-06-25,18,Light,2062.1,70.8,0.5771,0.2265,2,2.7,0.6454,0.6508,20.2021,0
VH-03943,2023-02-25,14,Light,4789.3,117.1,0.5145,0.2088,1,2.4,0.5433,0.6285,40.8397,0
VH-03944,2022-04-01,3,Medium,2828.9,57.7,0.4146,0.3001,1,0.7,0.8362,0.7348,34.0094,0
VH-03945,2022-04-01,3,Light,4489.3,114.5,0.5365,0.5778,0,3.9,0.3921,0.9075,50.5227,0
VH-03946,2022-07-30,7,Heavy,4707.7,80.8,0.6716,0.1141,0,7.0,0.684,0.6444,24.0684,0
VH-03947,2023-08-24,20,Light,4774.6,126.7,0.5013,0.4631,0,6.4,0.6046,0.526,12.3325,1
VH-03948,2022-06-30,6,Light,3143.8,89.3,0.6897,0.5979,2,13.0,0.6224,0.8172,31.5823,1
VH-03949,2022-09-28,9,Heavy,5848.0,163.5,0.6077,0.2921,1,5.2,0.4416,0.8896,47.3697,1
VH-03950,2023-02-25,14,Medium,4366.1,112.2,0.9145,0.4954,3,5.9,0.0703,0.7881,60.3566,0
VH-03951,2022-07-30,7,Medium,5161.6,121.3,0.6634,0.3124,1,11.9,0.3988,0.9199,34.4017,0
VH-03952,2023-10-23,22,Heavy,2705.3,79.5,0.8348,0.1535,2,5.9,0.489,0.6547,54.1918,0
VH-03953,2022-05-01,4,Heavy,4232.5,84.7,0.9356,0.6788,0,10.8,0.4876,0.8869,41.9237,0
VH-03954,2022-08-29,8,Heavy,6145.9,130.6,0.3405,0.8061,1,4.5,0.453,0.8126,46.4846,0
VH-03955,2022-03-02,2,Light,5955.3,131.4,0.9446,0.1102,1,6.4,0.6702,0.7183,51.0265,1
VH-03956,2023-11-22,23,Medium,3304.1,94.0,0.5691,0.4077,1,4.6,0.1334,0.7808,34.7957,0
VH-03957,2023-10-23,22,Heavy,3681.7,69.0,0.8118,0.5611,1,4.0,0.5869,0.838,41.8692,1
VH-03958,2023-02-25,14,Heavy,3017.0,52.6,0.702,0.6253,1,10.0,0.605,0.7547,15.6428,1
VH-03959,2022-09-28,9,Light,3515.4,81.7,0.9408,0.5725,0,3.3,0.8573,0.6739,13.8464,1
VH-03960,2023-06-25,18,Medium,2401.4,64.1,0.8646,0.448,1,14.0,0.161,0.6489,33.4786,0
VH-03961,2022-08-29,8,Medium,4292.7,84.8,0.8663,0.2964,1,1.4,0.5646,0.8617,18.8514,0
VH-03962,2023-08-24,20,Light,5449.7,131.2,0.7787,0.4152,2,7.9,0.4822,0.5902,10.0096,1
VH-03963,2022-03-02,2,Medium,3322.4,94.4,0.8717,0.2921,2,2.2,0.5885,0.84,16.7434,1
VH-03964,2022-07-30,7,Medium,4364.1,115.0,0.7786,0.2131,0,1.2,0.3733,0.6732,27.3769,1
VH-03965,2023-04-26,16,Medium,4169.3,97.9,0.885,0.071,1,11.5,0.6622,0.6832,33.1365,1
VH-03966,2022-12-27,12,Light,6082.7,133.8,0.6226,0.2433,1,5.9,0.7088,0.4859,31.9401,1
VH-03967,2022-08-29,8,Medium,3582.6,105.6,0.5937,0.7963,1,5.2,0.6142,0.7194,35.6724,0
VH-03968,2022-10-28,10,Light,3637.2,81.1,0.4519,0.7122,0,3.1,0.5273,0.7735,38.286,0
VH-03969,2022-01-01,0,Medium,3231.0,85.9,0.6213,0.6476,0,16.0,0.4717,0.822,21.9033,0
VH-03970,2022-04-01,3,Light,2793.7,91.5,0.8964,0.6705,1,1.6,0.8823,0.7179,2.3329,1
VH-03971,2022-04-01,3,Heavy,5293.8,130.2,0.587,0.5001,0,8.4,0.5623,0.8206,69.2909,1
VH-03972,2022-04-01,3,Light,4297.3,80.5,0.5371,0.6619,2,4.6,0.2178,0.3506,25.1128,0
VH-03973,2022-09-28,9,Medium,4582.2,83.2,0.5705,0.4814,1,8.0,0.3952,0.9256,25.0762,0
VH-03974,2023-09-23,21,Light,6412.0,138.0,0.7454,0.4309,1,6.7,0.5925,0.6285,24.005,1
VH-03975,2022-01-01,0,Light,6498.1,155.0,0.9877,0.4653,0,2.3,0.6865,0.7623,17.9212,1
VH-03976,2022-09-28,9,Light,2030.6,51.8,0.8447,0.1934,1,2.5,0.6472,0.7389,61.251,0
VH-03977,2023-04-26,16,Light,5471.8,154.7,0.5683,0.4909,0,5.5,0.2788,0.6419,18.0201,0
VH-03978,2022-05-31,5,Light,4838.5,114.0,0.5918,0.3524,1,3.8,0.7136,0.6975,40.7005,0
VH-03979,2022-01-31,1,Medium,3807.6,79.7,0.9365,0.8427,1,6.5,0.438,0.8282,17.816,1
VH-03980,2022-07-30,7,Medium,4991.5,93.9,0.7573,0.395,1,9.3,0.6427,0.6073,10.2308,1
VH-03981,2022-10-28,10,Light,1910.4,60.2,0.7525,0.2185,0,10.5,0.5407,0.8788,30.4218,0
VH-03982,2022-09-28,9,Medium,6694.0,148.7,0.7929,0.4427,0,2.1,0.4073,0.7773,21.3173,1
VH-03983,2022-03-02,2,Medium,5272.4,94.6,0.8028,0.3771,2,4.5,0.3517,0.5151,40.5563,1
VH-03984,2022-05-31,5,Light,3202.2,71.5,0.989,0.651,0,9.4,0.1667,0.7826,68.1544,0
VH-03985,2022-08-29,8,Medium,3621.9,65.6,0.4776,0.1047,3,3.4,0.3136,0.7505,34.5494,0
VH-03986,2022-12-27,12,Light,1945.3,36.8,0.5571,0.4999,1,5.9,0.6635,0.532,60.9991,0
VH-03987,2022-11-27,11,Light,4029.1,89.6,0.7142,0.7618,0,7.4,0.4186,0.4693,25.0316,0
VH-03988,2022-09-28,9,Medium,3775.9,70.3,0.6474,0.3796,1,3.5,0.3765,0.7476,47.6524,0
VH-03989,2022-08-29,8,Heavy,2512.3,48.5,0.812,0.5101,1,0.6,0.6512,0.8614,61.9312,0
VH-03990,2023-08-24,20,Heavy,5665.1,114.7,0.6554,0.4323,1,6.8,0.4586,0.5895,42.1187,0
VH-03991,2022-12-27,12,Heavy,6415.2,131.8,0.9088,0.2394,0,13.5,0.694,0.9966,45.0959,1
VH-03992,2022-01-31,1,Medium,4459.0,84.0,0.8039,0.4925,3,5.0,0.501,0.5092,17.3644,1
VH-03993,2023-02-25,14,Light,4041.5,82.6,0.715,0.5982,0,8.6,0.2737,0.6198,21.3653,0
VH-03994,2023-10-23,22,Medium,5152.5,101.1,0.8565,0.2185,0,2.3,0.787,0.5903,15.6579,1
VH-03995,2023-08-24,20,Light,4470.5,108.1,0.9411,0.3552,1,4.6,0.8254,0.9751,13.5179,1
VH-03996,2022-01-01,0,Light,2876.7,66.9,0.4929,0.2811,2,1.7,0.3784,0.5793,46.537,0
VH-03997,2023-08-24,20,Light,3521.0,96.2,0.755,0.5115,1,4.6,0.5141,0.8463,30.5085,1
VH-03998,2023-06-25,18,Medium,4055.3,118.4,0.8607,0.7106,1,4.1,0.3787,0.8727,19.6423,0
VH-03999,2022-09-28,9,Medium,4872.3,118.4,0.5883,0.5641,1,3.0,0.1562,0.6033,41.2226,1
VH-04000,2023-04-26,16,Light,4514.0,107.1,0.9145,0.4316,0,7.6,0.3252,0.8455,69.4086,0
VH-04001,2022-10-28,10,Heavy,4815.6,118.1,0.4803,0.6243,1,1.9,0.8369,0.7916,26.9498,1
VH-04002,2022-09-28,9,Medium,2212.8,56.2,0.9718,0.2183,0,0.8,0.3644,0.9191,71.0345,0
VH-04003,2022-01-01,0,Heavy,5497.8,122.9,0.8126,0.755,1,7.8,0.6488,0.9451,53.5974,1
VH-04004,2022-06-30,6,Light,4505.1,99.7,0.8575,0.5882,2,2.0,0.5351,0.7685,41.5484,0
VH-04005,2023-07-25,19,Medium,8329.1,169.8,0.8716,0.6643,0,3.5,0.567,0.3366,22.6738,1
VH-04006,2022-08-29,8,Light,3918.5,99.7,0.4998,0.308,1,2.2,0.4217,0.7292,31.2691,0
VH-04007,2023-06-25,18,Medium,4985.2,110.3,0.9311,0.3328,0,4.8,0.5889,0.5512,18.4609,1
VH-04008,2023-05-26,17,Light,8743.8,216.1,0.8306,0.3952,2,1.9,0.6782,0.8489,10.152,1
VH-04009,2022-09-28,9,Light,4791.1,120.2,0.4623,0.035,1,10.4,0.551,0.8385,60.7734,0
VH-04010,2022-07-30,7,Medium,4398.6,88.4,0.731,0.5059,1,8.0,0.6363,0.8146,32.9092,1
VH-04011,2023-10-23,22,Medium,3019.6,85.8,0.8229,0.6271,0,16.4,0.4734,0.543,50.3337,1
VH-04012,2022-03-02,2,Light,6792.4,112.5,0.7483,0.681,0,15.6,0.7697,0.7842,18.98,0
VH-04013,2022-09-28,9,Heavy,2761.3,90.3,0.7676,0.2547,3,2.2,0.5713,0.6633,24.3614,1
VH-04014,2023-01-26,13,Light,5140.7,94.2,0.7613,0.4989,1,2.6,0.669,0.7961,28.0477,0
VH-04015,2022-08-29,8,Medium,3789.7,91.6,0.6177,0.5541,1,7.6,0.568,0.6658,71.475,0
VH-04016,2023-10-23,22,Medium,4216.0,100.1,0.8777,0.4616,0,15.9,0.2443,0.8227,21.2687,0
VH-04017,2023-02-25,14,Medium,2364.1,69.4,0.8681,0.0557,1,5.2,0.7128,0.3909,21.506,1
VH-04018,2023-04-26,16,Medium,6514.7,139.8,0.47,0.5782,1,8.4,0.9275,0.7085,22.0133,1
VH-04019,2023-07-25,19,Light,4083.3,58.6,0.7492,0.2734,0,8.3,0.7037,0.9329,45.4228,0
VH-04020,2023-09-23,21,Heavy,2677.4,54.6,0.4891,0.2098,2,6.0,0.693,0.9454,53.6889,0
VH-04021,2022-05-31,5,Light,6379.0,138.5,0.8308,0.6849,3,12.2,0.6469,0.7317,21.1455,1
VH-04022,2023-03-27,15,Light,3743.8,52.5,0.7689,0.382,0,1.7,0.9146,0.7635,31.9402,0
VH-04023,2022-04-01,3,Medium,5001.9,111.8,0.5379,0.5666,0,3.3,0.4563,0.8019,42.6681,0
VH-04024,2022-08-29,8,Heavy,5762.1,111.9,0.3779,0.2193,1,2.6,0.5656,0.4627,54.4861,0
VH-04025,2022-03-02,2,Heavy,5211.1,125.5,0.701,0.1043,1,9.2,0.4128,0.889,48.0583,1
VH-04026,2022-07-30,7,Heavy,1205.0,23.1,0.7031,0.1249,0,1.3,0.4187,0.9119,52.8101,0
VH-04027,2023-03-27,15,Medium,5543.0,152.6,0.7255,0.3837,2,1.2,0.5448,0.7945,55.3281,0
VH-04028,2022-12-27,12,Medium,4349.1,92.8,0.6571,0.322,0,3.5,0.3768,0.2633,22.8079,0
VH-04029,2022-05-01,4,Medium,4006.5,95.5,0.7167,0.3463,0,3.2,0.601,0.6117,33.1972,1
VH-04030,2022-10-28,10,Heavy,4336.4,93.2,0.7112,0.199,0,8.1,0.2681,0.535,59.3447,0
VH-04031,2023-10-23,22,Medium,2085.0,22.0,0.4831,0.301,1,10.7,0.6179,0.7969,28.6158,0
VH-04032,2022-08-29,8,Medium,4788.3,103.3,0.9089,0.699,2,3.7,0.3243,0.7774,29.7442,0
VH-04033,2023-08-24,20,Medium,2453.4,65.8,0.8851,0.2295,0,0.4,0.3822,0.5145,30.88,0
VH-04034,2022-10-28,10,Medium,4071.2,99.5,0.6096,0.1989,2,5.7,0.4308,0.7231,64.2929,0
VH-04035,2022-09-28,9,Light,4734.4,100.8,0.8538,0.6322,1,2.2,0.4985,0.4426,19.3491,1
VH-04036,2022-12-27,12,Medium,6111.1,113.9,0.6439,0.2844,1,1.6,0.5588,0.8384,37.8834,0
VH-04037,2023-05-26,17,Medium,3270.6,82.3,0.745,0.4246,2,12.0,0.6412,0.7158,26.8147,0
VH-04038,2023-04-26,16,Heavy,6677.4,154.7,0.6444,0.2408,0,4.4,0.2662,0.683,37.8491,1
VH-04039,2023-06-25,18,Medium,5920.3,144.2,0.6332,0.2854,1,2.1,0.5691,0.8302,58.0565,1
VH-04040,2022-05-31,5,Heavy,3855.9,81.6,0.6411,0.6562,0,3.9,0.2826,0.8999,47.8766,0
VH-04041,2023-01-26,13,Medium,2836.9,37.8,0.956,0.8899,1,3.8,0.2888,0.8833,25.2602,0
VH-04042,2022-09-28,9,Heavy,2334.3,59.9,0.338,0.8194,0,12.8,0.1215,0.7092,35.8527,0
VH-04043,2022-05-01,4,Light,4907.6,108.9,0.8245,0.3173,0,1.9,0.9122,0.7275,49.9598,1
VH-04044,2022-12-27,12,Heavy,3394.1,96.3,0.7972,0.4556,0,2.0,0.509,0.6712,9.3429,1
VH-04045,2023-11-22,23,Medium,6299.0,140.4,0.9769,0.1002,0,10.0,0.5133,0.8044,6.528,1
VH-04046,2023-03-27,15,Medium,3480.7,76.7,0.8136,0.8201,0,18.1,0.6258,0.7954,13.3619,1
VH-04047,2023-02-25,14,Light,3149.0,76.2,0.4744,0.3505,2,3.2,0.3112,0.7416,50.1915,0
VH-04048,2023-08-24,20,Medium,4850.4,98.8,0.8686,0.2593,0,0.7,0.2287,0.3286,22.7904,0
VH-04049,2023-03-27,15,Medium,3470.9,67.5,0.3904,0.4761,0,3.7,0.508,0.6436,66.7261,0
VH-04050,2022-10-28,10,Heavy,4512.8,98.8,0.9802,0.3051,0,11.8,0.4267,0.7134,6.1382,1
VH-04051,2023-04-26,16,Heavy,5979.0,119.1,0.4958,0.0452,1,3.3,0.6505,0.5768,34.9236,0
VH-04052,2023-07-25,19,Medium,4675.8,100.5,0.7898,0.4154,1,5.6,0.2709,0.8545,52.4787,0
VH-04053,2023-07-25,19,Medium,4681.4,133.1,0.8652,0.6014,1,5.8,0.3933,0.6132,27.2965,0
VH-04054,2022-04-01,3,Medium,4807.7,122.5,0.9241,0.2006,1,2.8,0.5479,0.8691,35.2671,0
VH-04055,2023-08-24,20,Heavy,1960.4,48.2,0.5974,0.5302,2,2.6,0.6327,0.6445,39.788,1
VH-04056,2023-05-26,17,Heavy,5087.8,136.3,0.7215,0.2993,0,6.8,0.5288,0.4761,29.6999,0
VH-04057,2022-09-28,9,Medium,4739.9,93.0,0.4248,0.2226,1,2.3,0.9411,0.4878,65.9039,0
VH-04058,2023-10-23,22,Heavy,5839.3,167.1,0.9231,0.2765,0,0.6,0.587,0.4679,11.3825,1
VH-04059,2022-05-31,5,Medium,5408.7,113.3,0.684,0.3315,1,23.3,0.7439,0.7517,18.6157,0
VH-04060,2023-11-22,23,Heavy,4197.1,123.3,0.4277,0.7242,0,2.9,0.5732,0.654,12.4433,1
VH-04061,2022-11-27,11,Heavy,6048.6,164.4,0.7269,0.3332,2,1.9,0.5871,0.6006,24.0807,0
VH-04062,2022-08-29,8,Heavy,4061.1,63.9,0.5089,0.67,1,7.8,0.3877,0.4762,28.0509,1
VH-04063,2023-01-26,13,Light,4870.7,130.2,0.7622,0.6101,1,13.0,0.6156,0.4854,31.5963,1
VH-04064,2022-05-01,4,Medium,4033.3,85.4,0.7485,0.6994,2,3.7,0.4793,0.7626,38.9751,1
VH-04065,2023-11-22,23,Light,5192.6,106.9,0.91,0.095,0,9.6,0.4125,0.6912,31.9257,1
VH-04066,2022-06-30,6,Heavy,3935.3,95.3,0.9372,0.6706,0,2.8,0.321,0.7078,54.0905,1
VH-04067,2022-10-28,10,Medium,6971.3,139.8,0.6805,0.3993,1,0.6,0.5581,0.7416,43.2429,0
VH-04068,2022-11-27,11,Medium,7526.0,174.8,0.6767,0.7784,1,6.2,0.5698,0.9092,50.0019,0
VH-04069,2022-03-02,2,Heavy,5810.9,115.0,0.7162,0.8634,0,5.0,0.2541,0.7415,30.2148,1
VH-04070,2022-07-30,7,Light,6811.9,154.0,0.7085,0.2481,0,1.2,0.9363,0.5745,36.4833,1
VH-04071,2022-05-01,4,Medium,2191.2,68.7,0.7665,0.6199,1,1.3,0.6034,0.9276,35.2549,0
VH-04072,2022-06-30,6,Medium,2367.9,58.4,0.7163,0.2573,0,3.2,0.2936,0.7426,32.3181,0
VH-04073,2022-01-01,0,Medium,4017.7,83.9,0.5532,0.2136,0,9.1,0.4822,0.8158,63.7177,0
VH-04074,2023-04-26,16,Light,4561.8,109.5,0.6918,0.6275,3,3.0,0.3298,0.7541,26.8751,0
VH-04075,2023-09-23,21,Light,4202.7,72.3,0.8996,0.3359,1,6.1,0.5827,0.6561,18.7814,1
VH-04076,2022-09-28,9,Medium,2036.8,32.7,0.5995,0.5501,1,10.7,0.8957,0.698,71.7531,0
VH-04077,2022-06-30,6,Medium,6227.4,131.9,0.9019,0.2001,1,9.5,0.9204,0.7478,36.9027,1
VH-04078,2022-08-29,8,Medium,7731.3,183.6,0.281,0.404,0,8.6,0.344,0.8476,24.8632,0
VH-04079,2023-10-23,22,Light,6421.5,148.8,0.6529,0.2216,1,5.6,0.8186,0.92,61.2318,0
VH-04080,2022-12-27,12,Medium,6128.3,144.2,0.5359,0.445,2,21.3,0.616,0.8707,40.7974,0
VH-04081,2023-01-26,13,Medium,4839.2,107.1,0.2183,0.5958,1,2.4,0.5547,0.8342,59.2762,0
VH-04082,2022-04-01,3,Medium,3235.5,60.1,0.8333,0.5965,0,1.0,0.8934,0.378,16.7483,1
VH-04083,2023-07-25,19,Heavy,4608.8,124.7,0.778,0.3452,2,2.6,0.1485,0.7753,33.527,0
VH-04084,2022-05-31,5,Medium,7658.4,159.7,0.9143,0.3923,0,8.6,0.5895,0.8325,37.3236,1
VH-04085,2022-01-31,1,Medium,3972.0,94.6,0.7017,0.0826,0,11.6,0.9651,0.5896,34.023,0
VH-04086,2022-07-30,7,Heavy,3817.6,83.2,0.8639,0.8095,1,1.2,0.1926,0.6998,25.7852,1
VH-04087,2022-05-01,4,Medium,6161.0,145.4,0.8533,0.2854,0,5.9,0.8596,0.875,46.7002,1
VH-04088,2023-10-23,22,Medium,6260.5,130.0,0.5463,0.6559,0,3.7,0.9433,0.7018,24.9151,1
VH-04089,2022-01-31,1,Light,3228.1,87.5,0.8813,0.7583,0,0.4,0.9578,0.5521,21.0656,1
VH-04090,2023-05-26,17,Light,4107.8,112.0,0.913,0.0602,1,2.9,0.6318,0.7303,43.312,0
VH-04091,2023-05-26,17,Light,3747.1,98.1,0.416,0.6859,1,5.3,0.3298,0.8305,68.9471,0
VH-04092,2022-04-01,3,Heavy,4604.5,104.7,0.3294,0.8589,3,1.8,0.7332,0.6736,15.8616,1
VH-04093,2022-01-31,1,Heavy,6155.5,130.3,0.6291,0.2252,1,7.4,0.6662,0.7456,28.0697,0
VH-04094,2023-03-27,15,Light,3294.0,115.5,0.9347,0.5312,1,5.8,0.4307,0.7489,44.6555,1
VH-04095,2022-01-31,1,Light,6134.5,121.4,0.8839,0.1324,0,5.4,0.7481,0.5462,39.1331,1
VH-04096,2022-08-29,8,Medium,4652.5,116.6,0.7051,0.4653,1,1.7,0.7192,0.7084,60.4674,1
VH-04097,2022-06-30,6,Medium,7989.3,182.5,0.6215,0.3614,1,4.6,0.2728,0.4729,38.5292,1
VH-04098,2023-02-25,14,Medium,4978.2,109.7,0.7807,0.472,0,1.6,0.8342,0.7298,25.0048,1
VH-04099,2022-08-29,8,Medium,4354.6,99.5,0.9005,0.9145,1,2.2,0.2164,0.6878,23.8325,0
VH-04100,2022-03-02,2,Heavy,5362.1,111.5,0.8991,0.3742,0,6.4,0.5042,0.7232,35.3662,0
VH-04101,2022-08-29,8,Medium,3994.3,95.2,0.8441,0.2095,2,20.2,0.8171,0.8459,31.9284,1
VH-04102,2023-10-23,22,Medium,1807.1,44.9,0.435,0.5849,0,1.0,0.2038,0.7368,36.8507,0
VH-04103,2022-04-01,3,Medium,4139.2,132.1,0.7007,0.3987,0,4.4,0.6198,0.7866,19.8749,0
VH-04104,2022-05-01,4,Medium,4115.6,107.5,0.778,0.2943,2,4.3,0.5377,0.6819,27.834,1
VH-04105,2022-11-27,11,Heavy,2111.5,54.7,0.6791,0.6065,2,5.4,0.336,0.624,33.7277,0
VH-04106,2022-08-29,8,Light,4390.4,106.2,0.8548,0.375,1,6.7,0.2058,0.9286,70.2182,0
VH-04107,2022-12-27,12,Heavy,1399.3,58.7,0.8086,0.5058,1,3.6,0.2718,0.8722,54.1139,0
VH-04108,2022-03-02,2,Heavy,3978.5,73.9,0.853,0.1823,1,9.4,0.3619,0.7867,24.2621,0
VH-04109,2022-09-28,9,Heavy,4865.4,105.4,0.6543,0.8018,0,4.5,0.3733,0.8269,34.4539,0
VH-04110,2022-09-28,9,Medium,4645.5,74.6,0.7563,0.4749,0,3.1,0.6256,0.8083,25.3325,1
VH-04111,2022-11-27,11,Medium,3883.4,94.7,0.7185,0.2389,1,9.5,0.6773,0.7636,47.293,1
VH-04112,2023-07-25,19,Heavy,4371.7,109.9,0.797,0.7818,2,3.8,0.6374,0.3577,7.2367,1
VH-04113,2022-11-27,11,Heavy,3323.9,58.9,0.4997,0.3021,0,8.6,0.2714,0.7831,39.6801,0
VH-04114,2022-03-02,2,Medium,4516.2,121.9,0.4622,0.2342,0,9.8,0.3504,0.6402,46.1214,0
VH-04115,2022-11-27,11,Heavy,4587.1,91.2,0.7513,0.6279,1,4.4,0.5439,0.811,49.1693,0
VH-04116,2022-03-02,2,Medium,3149.6,64.9,0.6766,0.1699,0,0.7,0.6812,0.6798,44.1109,1
VH-04117,2022-08-29,8,Medium,4901.5,110.7,0.8901,0.1799,0,6.1,0.7522,0.5697,23.4564,1
VH-04118,2023-09-23,21,Heavy,4892.2,132.6,0.8123,0.6763,0,11.8,0.557,0.9444,59.9642,1
VH-04119,2022-04-01,3,Medium,4250.7,81.6,0.6178,0.2892,0,5.8,0.8534,0.7153,47.8433,1
VH-04120,2023-08-24,20,Medium,8131.6,185.1,0.8751,0.2653,0,8.0,0.1446,0.4713,21.4627,1
VH-04121,2023-07-25,19,Heavy,4288.9,106.9,0.3205,0.2127,3,2.9,0.499,0.4427,50.2146,1
VH-04122,2023-11-22,23,Heavy,4081.1,99.2,0.4395,0.2395,2,5.2,0.7128,0.8413,58.9257,0
VH-04123,2022-01-31,1,Heavy,3866.4,95.0,0.9072,0.1322,1,5.0,0.1301,0.5878,19.0307,0
VH-04124,2022-08-29,8,Medium,3043.6,79.1,0.9768,0.6569,0,5.4,0.5186,0.5814,24.5019,1
VH-04125,2023-05-26,17,Heavy,5528.8,114.5,0.8766,0.3889,3,9.3,0.6603,0.6393,36.1796,1
VH-04126,2022-03-02,2,Light,3470.6,102.4,0.9191,0.5108,0,0.5,0.3732,0.6608,23.4231,1
VH-04127,2023-02-25,14,Medium,3648.1,79.4,0.7496,0.3396,0,1.9,0.2835,0.6412,11.8536,1
VH-04128,2023-08-24,20,Medium,3692.6,78.4,0.9209,0.3193,0,11.1,0.4338,0.4658,35.7278,0
VH-04129,2022-01-01,0,Heavy,3022.6,87.4,0.3171,0.6579,0,6.0,0.4947,0.8464,54.149,0
VH-04130,2023-06-25,18,Heavy,1873.4,32.2,0.6091,0.3087,1,10.0,0.8926,0.7525,47.974,0
VH-04131,2022-11-27,11,Heavy,3805.6,89.4,0.6559,0.6434,0,3.9,0.2282,0.6711,12.284,1
VH-04132,2023-04-26,16,Medium,5810.0,118.3,0.5326,0.3914,0,6.2,0.3836,0.8905,49.0668,0
VH-04133,2022-06-30,6,Medium,4795.5,144.4,0.7385,0.7653,1,6.1,0.596,0.5266,7.9109,1
VH-04134,2022-07-30,7,Medium,6840.9,186.6,0.8995,0.3539,1,9.8,0.7992,0.7632,24.9279,1
VH-04135,2022-01-31,1,Medium,5626.4,123.4,0.7135,0.3945,2,2.1,0.5713,0.9098,26.1168,0
VH-04136,2022-04-01,3,Light,5285.9,125.3,0.6047,0.2445,1,9.4,0.7225,0.6987,69.2657,0
VH-04137,2023-06-25,18,Medium,7324.0,162.8,0.7928,0.5454,0,2.0,0.5856,0.8015,2.3063,1
VH-04138,2022-11-27,11,Heavy,4354.3,91.5,0.7757,0.7175,0,15.5,0.5817,0.6844,9.1375,1
VH-04139,2023-11-22,23,Heavy,4594.6,103.9,0.3883,0.9249,1,2.5,0.466,0.9621,68.5649,0
VH-04140,2022-04-01,3,Heavy,4482.8,99.0,0.6875,0.6339,1,9.5,0.5804,0.559,37.4427,0
VH-04141,2022-04-01,3,Medium,6815.7,128.6,0.4701,0.3611,1,6.0,0.746,0.6893,44.3362,0
VH-04142,2023-01-26,13,Medium,4503.8,104.0,0.4488,0.5908,2,13.8,0.2993,0.4985,58.7248,1
VH-04143,2023-10-23,22,Light,3527.6,77.8,0.538,0.6073,1,4.8,0.4417,0.1905,33.6591,0
VH-04144,2022-01-01,0,Medium,5381.5,124.3,0.9208,0.5114,0,4.4,0.8844,0.5904,2.3847,1
VH-04145,2023-10-23,22,Medium,3275.6,71.6,0.911,0.3813,2,4.2,0.7933,0.5177,15.1374,1
VH-04146,2022-08-29,8,Medium,5300.2,112.4,0.6533,0.8489,0,4.3,0.6401,0.6337,53.1839,0
VH-04147,2023-11-22,23,Light,5120.8,126.9,0.7315,0.2624,0,5.9,0.6381,0.7034,33.7642,1
VH-04148,2023-01-26,13,Medium,4215.9,101.7,0.9237,0.2838,1,11.7,0.4138,0.8585,58.3102,0
VH-04149,2022-09-28,9,Medium,5348.7,139.8,0.9071,0.4696,1,7.4,0.2879,0.6445,21.1625,0
VH-04150,2023-10-23,22,Medium,2268.3,57.8,0.6347,0.737,1,5.7,0.3692,0.7108,52.8837,0
VH-04151,2022-01-31,1,Light,4744.4,102.5,0.6736,0.3243,1,4.9,0.715,0.8853,43.7574,0
VH-04152,2023-06-25,18,Medium,3805.9,93.8,0.8977,0.3868,1,11.9,0.2364,0.745,19.1398,0
VH-04153,2022-05-01,4,Medium,8793.4,165.7,0.8845,0.5661,2,8.0,0.1987,0.9077,24.795,0
VH-04154,2022-05-01,4,Medium,4733.7,136.7,0.8602,0.345,0,7.5,0.7179,0.6079,47.1803,1
VH-04155,2023-11-22,23,Medium,3605.4,84.2,0.5719,0.8464,0,9.7,0.3454,0.7242,36.2489,0
VH-04156,2022-01-01,0,Light,2432.5,86.8,0.9309,0.2061,2,6.9,0.3324,0.696,30.558,1
VH-04157,2022-07-30,7,Heavy,6458.1,130.5,0.3866,0.3918,0,3.2,0.6355,0.9583,50.1717,0
VH-04158,2023-08-24,20,Light,3975.0,71.6,0.8669,0.2382,0,5.1,0.4665,0.8081,60.2076,0
VH-04159,2023-08-24,20,Medium,3313.0,79.1,0.6906,0.9423,0,20.1,0.7114,0.6332,20.8194,0
VH-04160,2022-09-28,9,Light,5004.4,116.6,0.4826,0.843,2,3.5,0.5378,0.9254,28.2907,1
VH-04161,2022-04-01,3,Medium,5474.6,126.7,0.6687,0.4305,0,2.8,0.5413,0.9009,58.8728,0
VH-04162,2022-01-31,1,Medium,5450.9,123.9,0.7402,0.2424,0,2.2,0.5327,0.5079,69.1454,0
VH-04163,2022-05-01,4,Heavy,4529.6,91.2,0.605,0.2341,2,2.9,0.6595,0.6088,33.9466,0
VH-04164,2022-09-28,9,Medium,4738.8,83.0,0.9134,0.3943,0,11.7,0.3718,0.842,50.7702,1
VH-04165,2023-01-26,13,Medium,4848.1,112.0,0.9724,0.684,0,3.1,0.5056,0.7433,24.483,0
VH-04166,2023-08-24,20,Light,5004.6,92.0,0.7534,0.2027,2,16.2,0.3924,0.4646,23.1534,1
VH-04167,2023-11-22,23,Light,5137.3,93.5,0.5448,0.5299,1,5.9,0.544,0.8244,43.6429,0
VH-04168,2022-06-30,6,Medium,6141.7,130.8,0.6416,0.3749,0,10.3,0.6553,0.5377,23.809,1
VH-04169,2023-07-25,19,Medium,4584.6,108.3,0.4138,0.6341,3,1.2,0.3595,0.7786,44.6576,1
VH-04170,2022-03-02,2,Medium,3274.8,102.6,0.807,0.5286,0,1.8,0.7769,0.448,3.8796,1
VH-04171,2023-04-26,16,Heavy,4283.6,109.9,0.4486,0.6228,0,12.6,0.7077,0.7581,29.233,0
VH-04172,2023-06-25,18,Heavy,5630.7,146.6,0.5104,0.1058,2,2.8,0.1812,0.7733,15.8948,1
VH-04173,2023-06-25,18,Heavy,1820.2,50.3,0.6409,0.4385,0,2.3,0.7493,0.6605,56.7508,0
VH-04174,2022-05-31,5,Medium,1828.9,46.1,0.5602,0.2187,1,13.8,0.7732,0.6034,56.3703,0
VH-04175,2023-09-23,21,Heavy,5877.4,168.2,0.4151,0.3317,0,10.6,0.3134,0.7817,32.4923,0
VH-04176,2023-01-26,13,Medium,6780.2,130.8,0.801,0.6235,0,6.8,0.6325,0.7484,22.1288,1
VH-04177,2022-12-27,12,Medium,2602.2,51.6,0.6463,0.4685,0,4.2,0.5592,0.8821,33.0848,0
VH-04178,2022-08-29,8,Heavy,4650.7,98.3,0.7342,0.2735,0,14.5,0.6054,0.8105,42.7957,1
VH-04179,2023-09-23,21,Medium,3900.7,100.1,0.9218,0.3688,0,6.7,0.7108,0.6638,5.4995,1
VH-04180,2022-05-31,5,Heavy,4108.8,76.6,0.6736,0.6375,0,7.4,0.7837,0.7319,56.8754,0
VH-04181,2022-05-31,5,Heavy,4958.3,121.6,0.7572,0.4333,2,3.7,0.4184,0.834,35.4146,0
VH-04182,2022-09-28,9,Light,2560.7,65.6,0.7914,0.5903,1,6.2,0.6933,0.6789,35.22,0
VH-04183,2022-10-28,10,Medium,2839.2,75.3,0.5955,0.4405,1,4.0,0.6537,0.7705,66.4099,0
VH-04184,2023-05-26,17,Medium,4048.1,101.9,0.7584,0.6952,0,7.0,0.8717,0.9442,40.5831,1
VH-04185,2023-11-22,23,Heavy,4281.9,118.2,0.8955,0.0724,0,17.3,0.4536,0.6195,39.6626,1
VH-04186,2022-05-31,5,Heavy,2811.1,61.7,0.8056,0.2595,0,3.8,0.6572,0.8682,20.1255,0
VH-04187,2023-01-26,13,Light,5684.5,134.3,0.9182,0.3591,0,3.7,0.8913,0.7076,44.733,1
VH-04188,2023-10-23,22,Light,3873.7,75.0,0.5982,0.6641,0,5.4,0.662,0.6888,61.6364,0
VH-04189,2023-05-26,17,Light,3867.3,71.5,0.7786,0.6302,0,4.0,0.8481,0.9582,39.3826,1
VH-04190,2023-11-22,23,Medium,4924.0,135.9,0.6372,0.3138,0,3.9,0.5994,0.9362,21.0105,0
VH-04191,2022-12-27,12,Light,4306.6,83.5,0.9579,0.5174,2,3.0,0.716,0.7268,17.3881,1
VH-04192,2022-10-28,10,Heavy,5756.2,137.5,0.656,0.4805,1,7.2,0.8871,0.8475,17.1528,1
VH-04193,2023-08-24,20,Medium,3099.9,76.9,0.6655,0.0729,1,3.3,0.7392,0.8021,18.2463,1
VH-04194,2023-06-25,18,Heavy,2403.9,71.0,0.8518,0.5897,1,11.2,0.4023,0.5071,23.1268,0
VH-04195,2022-08-29,8,Medium,4035.3,64.8,0.7462,0.1999,0,1.8,0.3635,0.8925,43.8736,0
VH-04196,2022-04-01,3,Medium,4590.4,115.4,0.7471,0.0374,2,3.5,0.7608,0.7558,26.1348,1
VH-04197,2022-09-28,9,Light,2638.9,57.8,0.6482,0.2684,0,2.9,0.6336,0.8647,34.7114,0
VH-04198,2022-04-01,3,Heavy,2418.4,44.7,0.3876,0.6964,0,3.2,0.6586,0.7426,11.2749,1
VH-04199,2023-06-25,18,Light,4773.4,102.3,0.4161,0.6997,1,6.8,0.8528,0.6531,38.0517,0
VH-04200,2022-04-01,3,Light,3363.3,90.3,0.5952,0.5215,2,3.9,0.4195,0.544,58.772,1
VH-04201,2022-03-02,2,Light,2321.2,62.6,0.7583,0.3146,3,5.2,0.7062,0.4858,46.6329,0
VH-04202,2023-11-22,23,Heavy,5948.0,130.3,0.5356,0.7136,1,2.2,0.0314,0.5889,39.5397,0
VH-04203,2023-05-26,17,Light,3552.3,61.9,0.8606,0.8069,0,5.4,0.6144,0.792,6.7009,1
VH-04204,2022-04-01,3,Medium,6224.7,122.3,0.7942,0.4845,2,6.8,0.8843,0.6725,16.1983,1
VH-04205,2022-08-29,8,Heavy,4542.7,112.2,0.3784,0.7656,0,7.1,0.387,0.7634,38.1253,0
VH-04206,2023-02-25,14,Heavy,4942.1,90.7,0.6023,0.5272,1,8.6,0.5947,0.5321,48.6882,1
VH-04207,2023-07-25,19,Light,4182.8,91.2,0.398,0.2283,4,9.2,0.6664,0.6112,26.1061,0
VH-04208,2022-10-28,10,Light,800.0,58.0,0.7533,0.7014,1,2.9,0.4462,0.6193,26.9798,0
VH-04209,2023-11-22,23,Medium,2794.8,69.0,0.891,0.5478,0,3.8,0.4994,0.861,19.1661,0
VH-04210,2023-11-22,23,Light,4311.4,106.9,0.5491,0.2435,1,9.1,0.4243,0.6358,57.317,0
VH-04211,2022-05-01,4,Medium,5047.1,96.2,0.6528,0.1666,1,1.0,0.5585,0.5533,27.3096,0
VH-04212,2022-05-01,4,Medium,1815.5,21.9,0.7306,0.3855,1,6.5,0.4755,0.7076,29.4586,0
VH-04213,2023-07-25,19,Medium,4419.6,110.2,0.8026,0.2734,2,16.1,0.283,0.584,31.5267,0
VH-04214,2022-03-02,2,Light,2816.6,58.4,0.7676,0.6257,1,2.1,0.6276,0.4664,18.3168,1
VH-04215,2022-08-29,8,Medium,4851.9,125.4,0.7385,0.4335,1,5.6,0.5433,0.9247,49.2497,0
VH-04216,2022-11-27,11,Light,4470.9,101.5,0.5552,0.736,0,0.7,0.5409,0.7066,52.0301,0
VH-04217,2022-06-30,6,Medium,5615.3,178.1,0.5892,0.4249,1,11.4,0.5298,0.7076,25.5896,0
VH-04218,2022-07-30,7,Light,6100.2,128.5,0.5719,0.8332,1,3.2,0.34,0.6498,28.3644,1
VH-04219,2023-03-27,15,Heavy,5188.5,121.1,0.6664,0.4388,1,10.4,0.5643,0.8736,57.3154,0
VH-04220,2022-05-31,5,Medium,5790.6,116.8,0.75,0.3188,2,5.5,0.2121,0.7216,48.4016,1
VH-04221,2023-03-27,15,Light,3974.5,105.3,0.9609,0.3228,3,9.2,0.6733,0.8659,61.6434,0
VH-04222,2022-12-27,12,Light,8734.7,202.2,0.9675,0.3493,1,1.2,0.6566,0.8426,9.6853,1
VH-04223,2023-10-23,22,Medium,2671.8,46.5,0.7525,0.1982,1,6.5,0.7393,0.7602,41.913,0
VH-04224,2022-09-28,9,Light,3708.4,79.1,0.7673,0.3257,1,2.8,0.5058,0.6406,9.1773,1
VH-04225,2022-12-27,12,Light,5852.0,152.1,0.6266,0.0845,0,10.7,0.8162,0.4625,36.7665,0
VH-04226,2022-10-28,10,Heavy,5629.1,145.4,0.8914,0.3004,0,5.1,0.6155,0.823,19.716,0
VH-04227,2023-04-26,16,Medium,5231.1,96.5,0.7578,0.0411,0,8.2,0.4978,0.5631,25.2072,0
VH-04228,2023-10-23,22,Light,5513.0,117.0,0.5309,0.3294,0,0.8,0.5332,0.2666,16.1185,1
VH-04229,2023-10-23,22,Medium,1374.7,59.4,0.7516,0.2911,3,0.5,0.1621,0.6023,62.4645,0
VH-04230,2023-11-22,23,Medium,6883.9,152.0,0.73,0.7992,0,8.6,0.1736,0.8664,29.9467,0
VH-04231,2023-09-23,21,Heavy,4194.2,97.5,0.685,0.6912,0,8.2,0.6996,0.407,15.2832,1
VH-04232,2022-12-27,12,Light,6368.8,158.4,0.8689,0.6817,1,2.1,0.323,0.6436,21.4036,1
VH-04233,2023-11-22,23,Heavy,1449.7,20.0,0.5542,0.5968,1,4.8,0.8228,0.8041,40.2337,0
VH-04234,2022-01-31,1,Heavy,4884.9,96.0,0.9137,0.3737,1,8.0,0.6542,0.7398,24.6891,1
VH-04235,2022-06-30,6,Light,3654.7,77.9,0.5001,0.3546,1,10.0,0.3033,0.7089,43.045,0
VH-04236,2023-06-25,18,Light,5358.2,138.6,0.6571,0.1622,0,6.3,0.6503,0.8468,37.6574,0
VH-04237,2022-07-30,7,Medium,4975.6,127.4,0.6747,0.1537,0,6.8,0.793,0.7191,51.8311,0
VH-04238,2022-04-01,3,Heavy,5049.1,124.5,0.8994,0.4661,0,13.4,0.5335,0.7646,50.0909,1
VH-04239,2022-05-01,4,Medium,2911.6,64.1,0.5113,0.2883,1,1.8,0.5476,0.6643,58.4864,0
VH-04240,2022-10-28,10,Medium,4414.5,116.5,0.481,0.3661,1,3.1,0.9727,0.9591,58.6855,0
VH-04241,2022-01-31,1,Heavy,4229.7,93.2,0.8669,0.539,2,8.5,0.9471,0.9081,12.1266,1
VH-04242,2022-07-30,7,Heavy,5243.0,126.7,0.6121,0.5025,0,1.9,0.8904,0.7211,28.2132,1
VH-04243,2023-04-26,16,Medium,5983.9,148.2,0.7281,0.34,0,7.6,0.2945,0.7846,54.6606,1
VH-04244,2022-09-28,9,Medium,4725.7,132.0,0.6998,0.298,0,7.9,0.6783,0.5923,44.3664,0
VH-04245,2023-07-25,19,Heavy,2585.7,58.1,0.9197,0.1482,0,1.2,0.3334,0.8472,20.2866,0
VH-04246,2022-12-27,12,Medium,4661.4,99.6,0.7882,0.1716,0,1.7,0.7758,0.5396,34.7976,1
VH-04247,2022-10-28,10,Heavy,8416.6,208.0,0.7952,0.4071,1,7.1,0.6636,0.4648,20.7481,1
VH-04248,2023-09-23,21,Light,6969.0,176.9,0.8829,0.1831,2,2.6,0.5572,0.9426,36.9602,1
VH-04249,2022-12-27,12,Light,800.0,20.0,0.8456,0.2586,2,6.4,0.6575,0.8721,40.0453,0
VH-04250,2023-01-26,13,Heavy,4595.0,87.0,0.8902,0.2424,0,15.1,0.5369,0.447,9.3807,1
VH-04251,2023-09-23,21,Medium,5898.2,150.9,0.6011,0.2256,0,6.3,0.6361,0.4897,4.3386,1
VH-04252,2023-09-23,21,Light,4226.5,70.8,0.596,0.4434,2,4.1,0.6422,0.9106,46.4836,1
VH-04253,2023-05-26,17,Light,3809.9,60.8,0.4943,0.0954,1,5.7,0.5525,0.8985,18.3378,0
VH-04254,2022-04-01,3,Medium,4099.6,88.6,0.5756,0.663,2,4.0,0.3823,0.5198,15.3327,1
VH-04255,2022-05-01,4,Heavy,5328.3,119.9,0.7534,0.7713,0,4.3,0.7469,0.6789,13.0025,1
VH-04256,2022-08-29,8,Light,2777.3,45.8,0.6372,0.4416,0,6.0,0.3877,0.3723,57.5078,0
VH-04257,2022-08-29,8,Light,6283.0,143.0,0.7027,0.287,0,27.1,0.6719,0.6548,24.205,1
VH-04258,2023-05-26,17,Medium,4416.0,102.1,0.3088,0.1601,2,10.8,0.5904,0.8336,33.4679,0
VH-04259,2022-01-31,1,Heavy,3097.5,61.6,0.5631,0.2367,0,7.2,0.7346,0.6071,64.264,0
VH-04260,2023-08-24,20,Medium,6186.5,168.0,0.7198,0.2141,1,7.3,0.3759,0.8192,39.4035,1
VH-04261,2022-05-01,4,Heavy,2182.3,54.9,0.7945,0.7838,0,3.2,0.611,0.7913,56.1001,0
VH-04262,2023-03-27,15,Heavy,3667.2,98.4,0.7699,0.2221,0,1.3,0.495,0.8282,35.582,0
VH-04263,2023-05-26,17,Medium,3642.5,59.1,0.6996,0.535,0,6.2,0.5488,0.7367,52.2472,0
VH-04264,2022-05-01,4,Heavy,7715.9,149.5,0.8587,0.4902,2,3.5,0.371,0.4764,8.4363,1
VH-04265,2023-09-23,21,Medium,3472.5,84.1,0.9728,0.4734,0,8.3,0.6193,0.6897,34.6,0
VH-04266,2022-04-01,3,Medium,1267.6,56.0,0.8422,0.6062,0,7.6,0.3301,0.8798,35.7062,0
VH-04267,2022-05-01,4,Medium,3627.3,65.5,0.8786,0.1461,0,0.8,0.7379,0.629,3.3335,1
VH-04268,2023-04-26,16,Heavy,5183.3,117.3,0.4111,0.6565,1,3.1,0.6284,0.7816,53.8376,0
VH-04269,2023-03-27,15,Heavy,5676.1,107.6,0.825,0.6363,0,10.8,0.8286,0.5704,12.307,1
VH-04270,2023-05-26,17,Heavy,7914.8,165.1,0.7063,0.3674,2,4.3,0.7878,0.7064,31.8886,1
VH-04271,2023-04-26,16,Heavy,6610.3,149.8,0.7708,0.6743,3,1.7,0.6952,0.6391,8.5963,1
VH-04272,2023-11-22,23,Medium,4781.9,98.9,0.6713,0.4179,1,6.6,0.2787,0.647,33.3663,0
VH-04273,2023-06-25,18,Heavy,3162.9,50.7,0.8491,0.2124,1,13.2,0.4255,0.8047,22.0807,1
VH-04274,2022-04-01,3,Heavy,6936.0,134.2,0.8628,0.4317,1,20.4,0.6432,0.7782,22.3169,1
VH-04275,2023-02-25,14,Light,3947.2,59.4,0.8679,0.6528,1,8.3,0.6173,0.4414,7.3277,1
VH-04276,2023-09-23,21,Light,3512.8,85.2,0.5585,0.3816,0,3.9,0.7368,0.6808,18.7095,0
VH-04277,2022-01-31,1,Medium,3874.4,95.1,0.7038,0.0643,1,2.5,0.4888,0.54,22.5602,0
VH-04278,2022-05-01,4,Heavy,2621.6,67.1,0.5355,0.8865,0,2.6,0.1799,0.7425,27.4223,0
VH-04279,2022-09-28,9,Medium,3802.5,70.9,0.7652,0.4805,0,6.7,0.5198,0.7497,26.8977,0
VH-04280,2022-03-02,2,Heavy,4150.3,107.3,0.8009,0.3672,1,3.3,0.7224,0.5661,25.0874,1
VH-04281,2023-04-26,16,Light,5596.0,135.0,0.8267,0.2553,1,0.8,0.4083,0.6597,5.1025,1
VH-04282,2023-05-26,17,Medium,3917.9,87.2,0.5169,0.4798,1,15.0,0.3491,0.741,59.502,1
VH-04283,2023-04-26,16,Medium,2598.8,55.4,0.5835,0.5685,0,1.8,0.7616,0.3358,18.8563,1
VH-04284,2023-10-23,22,Light,2094.3,36.8,0.7405,0.3029,0,4.6,0.3143,0.9011,52.4867,0
VH-04285,2022-11-27,11,Heavy,4814.4,109.9,0.9163,0.3375,1,2.7,0.7549,0.5352,10.282,1
VH-04286,2022-03-02,2,Light,4608.9,126.7,0.9097,0.3503,0,8.1,0.341,0.7746,20.2008,0
VH-04287,2023-07-25,19,Heavy,3668.5,98.6,0.8638,0.1051,1,2.8,0.6928,0.6594,55.9852,0
VH-04288,2022-12-27,12,Light,3798.8,80.6,0.9131,0.3667,0,2.1,0.779,0.8852,37.0012,1
VH-04289,2022-08-29,8,Heavy,5082.7,121.0,0.6202,0.0529,2,2.7,0.686,0.6887,48.2585,1
VH-04290,2023-07-25,19,Medium,6585.8,129.8,0.2331,0.4513,2,8.3,0.4518,0.7853,41.5146,1
VH-04291,2022-05-31,5,Light,3329.8,84.9,0.5336,0.5824,2,5.5,0.3119,0.8156,71.5326,0
VH-04292,2023-11-22,23,Light,4633.4,90.5,0.5587,0.0521,0,10.7,0.688,0.6762,25.2595,0
VH-04293,2023-02-25,14,Light,5937.4,142.3,0.892,0.2238,2,1.5,0.8745,0.7387,27.1898,0
VH-04294,2023-11-22,23,Medium,3335.8,118.7,0.8694,0.5888,0,6.1,0.7705,0.4182,9.2249,1
VH-04295,2023-05-26,17,Heavy,4476.6,90.9,0.8433,0.2291,2,11.9,0.4239,0.7542,36.2839,0
VH-04296,2022-05-01,4,Medium,4443.0,142.6,0.7641,0.234,0,5.2,0.2552,0.7137,26.5841,0
VH-04297,2023-04-26,16,Medium,2533.1,63.6,0.7297,0.1847,0,12.1,0.4089,0.8582,41.8367,1
VH-04298,2022-08-29,8,Medium,4752.7,94.4,0.8486,0.2701,3,2.0,0.4411,0.5433,48.6129,0
VH-04299,2022-03-02,2,Medium,4547.3,89.1,0.8847,0.3115,1,12.5,0.9648,0.9114,21.6546,0
VH-04300,2022-01-31,1,Medium,5332.6,154.0,0.7772,0.0945,1,4.2,0.4732,0.5591,11.4903,1
VH-04301,2022-05-01,4,Medium,2719.7,67.8,0.7107,0.4335,0,7.2,0.1227,0.9135,60.7694,0
VH-04302,2023-06-25,18,Heavy,4515.0,91.8,0.6598,0.5905,0,5.6,0.8604,0.5825,25.7777,1
VH-04303,2023-10-23,22,Heavy,6572.6,143.0,0.6026,0.4501,2,1.3,0.6211,0.9233,35.4241,1
VH-04304,2022-11-27,11,Medium,7616.2,175.7,0.723,0.3347,1,1.2,0.6316,0.2879,10.7153,1
VH-04305,2022-07-30,7,Light,6420.2,142.5,0.908,0.2673,1,0.4,0.2238,0.8779,18.4311,0
VH-04306,2022-05-31,5,Light,2734.4,66.0,0.8049,0.3265,0,1.6,0.5378,0.8071,29.5172,0
VH-04307,2022-07-30,7,Medium,5176.6,141.6,0.3518,0.1407,0,4.3,0.8495,0.7496,57.1991,0
VH-04308,2023-03-27,15,Medium,3775.3,67.0,0.423,0.6545,0,11.2,0.8301,0.6486,11.5585,1
VH-04309,2022-05-31,5,Heavy,4925.9,119.1,0.9296,0.4274,0,3.7,0.8061,0.7094,17.6071,1
VH-04310,2022-05-01,4,Medium,3341.7,73.2,0.8494,0.6357,0,2.0,0.4523,0.9326,59.4691,0
VH-04311,2022-10-28,10,Medium,1929.8,35.4,0.5653,0.4418,1,12.3,0.4472,0.8682,36.7296,0
VH-04312,2023-07-25,19,Heavy,3983.2,104.6,0.9252,0.5284,0,17.0,0.3651,0.5682,19.0405,1
VH-04313,2023-01-26,13,Medium,5583.9,102.2,0.5547,0.4923,0,5.7,0.6712,0.6923,41.775,1
VH-04314,2023-08-24,20,Heavy,4932.0,74.1,0.4388,0.2421,1,9.1,0.5242,0.635,50.761,0
VH-04315,2023-05-26,17,Light,5104.4,116.8,0.7784,0.7839,1,5.3,0.5038,0.6986,18.6011,1
VH-04316,2022-08-29,8,Medium,4824.5,105.1,0.6968,0.5855,0,2.6,0.2315,0.6068,71.4802,0
VH-04317,2022-04-01,3,Heavy,5106.8,93.2,0.8358,0.3158,2,3.5,0.4289,0.8256,35.3049,0
VH-04318,2023-08-24,20,Heavy,5294.3,92.0,0.5982,0.3308,0,3.3,0.367,0.9411,44.0883,0
VH-04319,2022-12-27,12,Heavy,4088.0,119.8,0.8245,0.6562,1,6.7,0.2771,0.8963,34.9594,0
VH-04320,2023-04-26,16,Medium,4624.3,109.7,0.704,0.4363,0,6.8,0.785,0.557,28.095,0
VH-04321,2022-05-01,4,Heavy,7114.9,158.4,0.5785,0.1021,0,6.4,0.3611,0.5828,67.6532,0
VH-04322,2023-08-24,20,Medium,4713.0,137.7,0.6511,0.3693,0,5.4,0.2943,0.7399,52.697,0
VH-04323,2022-06-30,6,Medium,4563.8,116.7,0.8746,0.468,0,11.9,0.472,0.5799,11.333,1
VH-04324,2022-08-29,8,Light,4654.3,130.0,0.408,0.06,1,1.1,0.8655,0.559,37.1611,0
VH-04325,2023-05-26,17,Light,4173.1,75.0,0.274,0.4671,3,12.2,0.552,0.8349,45.8146,1
VH-04326,2023-02-25,14,Medium,3847.0,67.2,0.5568,0.4766,0,4.9,0.6014,0.7689,37.948,1
VH-04327,2023-04-26,16,Light,4813.0,116.2,0.5433,0.4562,0,3.1,0.8106,0.5434,44.5792,1
VH-04328,2023-07-25,19,Heavy,3741.4,89.4,0.9014,0.3549,1,4.2,0.6882,0.7958,27.6807,0
VH-04329,2022-01-01,0,Heavy,4281.7,113.9,0.4013,0.127,0,0.6,0.823,0.9746,61.4557,0
VH-04330,2022-05-31,5,Heavy,3314.2,49.2,0.6436,0.6496,0,8.8,0.1165,0.9042,29.0591,0
VH-04331,2023-02-25,14,Light,4662.0,114.2,0.8881,0.6795,0,19.6,0.5095,0.8205,5.0309,1
VH-04332,2023-10-23,22,Heavy,5376.3,134.3,0.8673,0.4087,1,5.9,0.8173,0.7041,19.1542,1
VH-04333,2023-08-24,20,Light,4182.1,107.0,0.7237,0.689,1,3.6,0.7442,0.6012,13.6434,1
VH-04334,2023-02-25,14,Medium,1487.4,27.0,0.709,0.6432,3,1.0,0.5233,0.7837,27.4148,0
VH-04335,2023-07-25,19,Heavy,5385.6,127.5,0.5836,0.1397,2,7.7,0.7834,0.6905,12.1521,1
VH-04336,2023-03-27,15,Light,4680.3,92.4,0.8964,0.8112,1,4.2,0.8138,0.7844,1.7811,1
VH-04337,2022-10-28,10,Light,3010.2,62.5,0.8041,0.0964,0,13.5,0.3832,0.8278,47.7924,0
VH-04338,2023-06-25,18,Light,5659.9,110.1,0.7554,0.6032,0,15.0,0.6188,0.5842,42.6605,1
VH-04339,2023-04-26,16,Medium,2402.4,42.0,0.8839,0.5711,1,0.9,0.3091,0.8894,53.6326,0
VH-04340,2023-04-26,16,Heavy,6068.1,131.2,0.8416,0.5669,2,4.3,0.3916,0.5081,11.1897,1
VH-04341,2022-08-29,8,Light,4414.0,90.7,0.5746,0.5323,1,2.8,0.4615,0.4699,27.2044,1
VH-04342,2023-08-24,20,Light,1096.7,20.0,0.987,0.9044,1,8.0,0.3804,0.7546,9.9336,1
VH-04343,2023-06-25,18,Medium,4767.5,86.5,0.6378,0.215,1,3.9,0.4072,0.5375,21.8234,0
VH-04344,2023-08-24,20,Light,3890.7,115.9,0.7271,0.6235,1,3.9,0.1655,0.6114,44.5937,1
VH-04345,2023-11-22,23,Heavy,3664.7,73.9,0.7138,0.5321,2,3.6,0.8352,0.5944,29.5072,1
VH-04346,2023-04-26,16,Heavy,3393.4,80.4,0.8695,0.7714,1,5.3,0.7218,0.8747,24.0501,1
VH-04347,2023-05-26,17,Heavy,4309.2,69.4,0.5872,0.2577,0,7.2,0.3068,0.6833,59.8187,0
VH-04348,2023-01-26,13,Heavy,3772.2,104.2,0.9239,0.5485,1,2.9,0.276,0.8116,15.6478,1
VH-04349,2022-01-31,1,Medium,1715.0,40.6,0.3755,0.4655,1,18.8,0.1728,0.6261,69.5733,0
VH-04350,2023-10-23,22,Heavy,6408.1,135.7,0.7718,0.593,0,11.1,0.3508,0.9494,43.1955,1
VH-04351,2023-09-23,21,Light,4133.5,85.3,0.8275,0.2554,1,5.4,0.4064,0.684,31.7811,0
VH-04352,2022-08-29,8,Light,3402.1,88.6,0.83,0.2616,2,0.8,0.6263,0.9087,46.5776,1
VH-04353,2023-08-24,20,Medium,2807.4,20.0,0.7015,0.8669,1,2.7,0.6586,0.684,28.5226,0
VH-04354,2022-04-01,3,Light,5656.1,113.3,0.731,0.79,1,6.6,0.5392,0.6067,32.0196,1
VH-04355,2022-01-01,0,Heavy,2552.4,54.9,0.675,0.3977,0,2.5,0.5073,0.7836,69.2246,0
VH-04356,2023-01-26,13,Medium,4701.0,102.5,0.8331,0.1872,0,10.5,0.6474,0.9113,65.1487,0
VH-04357,2022-03-02,2,Heavy,3624.5,118.1,0.8522,0.2646,0,4.2,0.4322,0.9097,13.8637,1
VH-04358,2023-03-27,15,Medium,3711.9,77.4,0.7999,0.387,2,6.4,0.8615,0.7388,39.0119,1
VH-04359,2022-07-30,7,Medium,2844.7,78.1,0.6975,0.059,2,3.2,0.302,0.7392,56.8596,0
VH-04360,2023-03-27,15,Heavy,3569.5,106.5,0.6041,0.7675,1,7.6,0.3308,0.6019,47.4274,0
VH-04361,2023-04-26,16,Light,4513.2,110.4,0.6287,0.3178,1,10.1,0.6521,0.7033,22.3053,0
VH-04362,2023-11-22,23,Medium,4853.0,97.7,0.9272,0.4241,3,9.4,0.6229,0.7936,25.5198,1
VH-04363,2023-05-26,17,Medium,3321.6,54.5,0.8805,0.0804,1,11.2,0.7977,0.6456,30.9141,1
VH-04364,2023-04-26,16,Heavy,4363.6,108.2,0.9612,0.515,0,5.3,0.6236,0.9063,49.1082,1
VH-04365,2022-06-30,6,Heavy,5832.7,154.3,0.8845,0.765,1,10.8,0.8135,0.8235,3.8969,1
VH-04366,2022-05-01,4,Light,2006.1,52.8,0.6462,0.6787,0,9.4,0.6671,0.9696,30.4604,0
VH-04367,2023-03-27,15,Medium,4490.6,118.3,0.7533,0.708,1,0.9,0.5893,0.8847,37.4589,0
VH-04368,2022-05-31,5,Medium,3073.8,107.2,0.7118,0.2934,0,6.5,0.8037,0.6237,34.9332,0
VH-04369,2022-03-02,2,Light,2921.0,77.5,0.7921,0.1276,0,3.5,0.8421,0.6549,32.6061,0
VH-04370,2022-01-31,1,Medium,4891.5,92.2,0.6137,0.4523,0,11.3,0.5996,0.6493,23.5553,0
VH-04371,2022-12-27,12,Medium,3682.1,82.6,0.9787,0.7093,2,11.6,0.735,0.7902,27.6824,0
VH-04372,2022-07-30,7,Light,2674.8,80.0,0.9097,0.6374,1,10.2,0.0445,0.7194,35.0087,1
VH-04373,2022-06-30,6,Medium,6486.4,140.4,0.8564,0.3038,0,7.6,0.4474,0.692,15.3213,1
VH-04374,2022-11-27,11,Light,5880.1,153.3,0.732,0.3003,1,2.9,0.0595,0.6315,31.292,0
VH-04375,2022-04-01,3,Medium,1601.5,34.6,0.6175,0.162,1,3.5,0.8247,0.4878,28.1632,0
VH-04376,2023-03-27,15,Light,2288.4,55.9,0.8212,0.0918,3,3.4,0.6931,0.5562,46.6407,0
VH-04377,2023-03-27,15,Heavy,5390.2,114.5,0.8396,0.2493,0,2.4,0.6488,0.4993,2.9506,1
VH-04378,2022-03-02,2,Light,4072.7,92.9,0.6068,0.3379,3,5.1,0.8243,0.431,25.3476,1
VH-04379,2023-02-25,14,Heavy,6750.9,153.2,0.6053,0.3966,0,5.5,0.5028,0.6852,38.3172,0
VH-04380,2022-03-02,2,Light,5424.5,96.4,0.731,0.4161,1,22.3,0.8095,0.871,20.2301,0
VH-04381,2022-01-31,1,Medium,4949.2,103.4,0.7495,0.6749,2,0.9,0.6065,0.6363,38.845,0
VH-04382,2023-06-25,18,Medium,2967.2,47.4,0.7335,0.6268,0,9.2,0.27,0.5942,42.7758,0
VH-04383,2022-03-02,2,Light,5237.2,110.3,0.7387,0.3796,0,1.6,0.6073,0.8095,27.4213,0
VH-04384,2023-08-24,20,Medium,2586.4,45.5,0.6276,0.1226,1,3.6,0.4634,0.853,65.4724,0
VH-04385,2023-01-26,13,Heavy,6457.9,158.7,0.5172,0.4128,0,5.3,0.4308,0.6364,26.2634,1
VH-04386,2022-03-02,2,Heavy,5133.2,129.4,0.5173,0.2098,0,3.1,0.5247,0.4646,33.7945,1
VH-04387,2023-08-24,20,Medium,3262.8,80.9,0.6558,0.7161,0,4.7,0.5704,0.9792,52.6967,0
VH-04388,2023-11-22,23,Light,5707.0,107.8,0.7522,0.3356,0,1.0,0.3954,0.7764,51.984,0
VH-04389,2022-12-27,12,Heavy,7862.3,173.2,0.8614,0.251,0,4.0,0.3155,0.652,66.2925,1
VH-04390,2022-12-27,12,Medium,4173.6,72.5,0.7162,0.683,2,10.2,0.1543,0.8859,8.9175,1
VH-04391,2022-10-28,10,Light,5325.6,116.1,0.9114,0.313,2,25.3,0.5034,0.7255,29.9137,1
VH-04392,2023-06-25,18,Heavy,3852.3,95.3,0.9201,0.4214,1,9.5,0.3603,0.855,23.5397,1
VH-04393,2023-07-25,19,Medium,4628.0,117.7,0.8882,0.4363,1,3.9,0.8098,0.4619,16.9096,1
VH-04394,2022-10-28,10,Medium,2239.1,56.9,0.2746,0.6751,1,11.1,0.5302,0.6314,40.6333,0
VH-04395,2022-05-01,4,Medium,4499.2,118.9,0.8898,0.2691,2,10.1,0.4247,0.6371,30.7858,0
VH-04396,2022-05-01,4,Medium,4565.4,105.3,0.7446,0.4693,0,5.3,0.4781,0.6881,18.0702,0
VH-04397,2023-03-27,15,Light,7198.5,156.5,0.8612,0.2959,1,2.3,0.8691,0.9331,24.2321,1
VH-04398,2022-08-29,8,Heavy,1807.5,53.3,0.5469,0.3191,1,10.7,0.5239,0.5263,35.8251,0
VH-04399,2023-06-25,18,Light,4078.7,104.2,0.9441,0.4573,0,4.0,0.5021,0.8143,29.7691,0
VH-04400,2022-03-02,2,Heavy,6432.2,135.1,0.4177,0.3314,1,1.4,0.4061,0.5189,14.4671,1
VH-04401,2023-08-24,20,Heavy,4137.3,97.6,0.8733,0.2152,1,9.1,0.6123,0.7101,32.3664,1
VH-04402,2022-06-30,6,Heavy,4243.0,89.9,0.5418,0.4831,2,1.9,0.4134,0.591,46.8712,0
VH-04403,2022-10-28,10,Light,3250.1,42.1,0.6834,0.3897,0,3.4,0.6146,0.5213,52.0095,1
VH-04404,2023-02-25,14,Medium,3101.1,75.5,0.7578,0.589,0,16.5,0.7604,0.5399,45.2176,1
VH-04405,2022-09-28,9,Medium,1761.2,20.0,0.849,0.6007,0,3.5,0.7032,0.553,37.1449,1
VH-04406,2022-04-01,3,Medium,3556.2,83.9,0.7346,0.3161,0,2.5,0.6195,0.4339,45.6413,1
VH-04407,2022-11-27,11,Heavy,3016.0,44.0,0.7395,0.4075,2,1.2,0.6766,0.7313,64.5104,0
VH-04408,2023-04-26,16,Medium,4677.1,93.1,0.923,0.2808,0,3.9,0.4318,0.8527,20.5467,0
VH-04409,2022-09-28,9,Heavy,3318.5,67.2,0.8168,0.2941,0,6.8,0.7443,0.4092,15.561,1
VH-04410,2022-01-01,0,Light,3780.6,102.0,0.4651,0.3631,4,4.2,0.8566,0.3829,47.2256,0
VH-04411,2022-05-31,5,Medium,3821.7,76.9,0.6979,0.8564,0,9.8,0.8305,0.7054,12.578,1
VH-04412,2022-03-02,2,Light,4427.8,82.3,0.7891,0.6181,0,1.6,0.5781,0.639,25.0798,1
VH-04413,2023-02-25,14,Heavy,3707.2,87.8,0.7867,0.2292,1,3.1,0.8175,0.6045,5.7861,1
VH-04414,2022-07-30,7,Light,2907.3,61.4,0.9167,0.4517,1,7.0,0.4174,0.7953,69.2904,0
VH-04415,2022-04-01,3,Medium,4628.6,114.7,0.7898,0.6108,0,6.6,0.7063,0.5425,17.4776,1
VH-04416,2022-06-30,6,Heavy,6101.2,120.4,0.594,0.1725,1,3.2,0.8588,0.6266,50.4959,0
VH-04417,2023-04-26,16,Medium,4692.7,107.4,0.5847,0.684,0,1.6,0.3371,0.5287,24.5987,0
VH-04418,2022-01-31,1,Light,3585.3,116.7,0.4588,0.8517,1,9.8,0.1943,0.5249,26.4634,0
VH-04419,2023-01-26,13,Light,4315.3,92.3,0.837,0.437,0,2.4,0.6267,0.8463,22.1997,0
VH-04420,2022-01-01,0,Medium,1424.1,34.4,0.7702,0.1225,3,3.3,0.6618,0.967,44.4215,0
VH-04421,2022-08-29,8,Medium,4290.9,70.4,0.6476,0.3833,2,7.9,0.3754,0.7426,57.8543,0
VH-04422,2023-05-26,17,Light,3899.5,73.9,0.7402,0.6765,0,2.2,0.4372,0.8185,54.8651,0
VH-04423,2023-03-27,15,Medium,3099.8,75.8,0.3437,0.2359,1,7.1,0.497,0.8394,22.8026,0
VH-04424,2022-05-31,5,Light,3371.9,70.0,0.3589,0.124,0,16.8,0.6396,0.733,56.8886,0
VH-04425,2023-08-24,20,Medium,3884.6,95.5,0.8577,0.407,0,2.3,0.8179,0.3762,17.7925,1
VH-04426,2022-05-01,4,Medium,5988.7,139.5,0.99,0.5893,0,6.2,0.5347,0.6514,16.292,1
VH-04427,2023-09-23,21,Light,6138.1,116.6,0.6834,0.2973,0,10.8,0.5173,0.925,60.2105,0
VH-04428,2022-01-01,0,Light,3107.8,84.3,0.6778,0.2395,0,3.0,0.5711,0.6538,49.8247,0
VH-04429,2022-09-28,9,Light,3722.9,64.1,0.9211,0.6826,0,1.6,0.562,0.7496,42.9502,0
VH-04430,2022-01-31,1,Light,3761.1,72.1,0.6593,0.7116,0,5.2,0.6248,0.6195,58.2629,0
VH-04431,2023-09-23,21,Medium,5714.3,130.4,0.584,0.5739,2,7.6,0.5905,0.5766,36.2643,1
VH-04432,2022-06-30,6,Heavy,4718.3,128.4,0.862,0.2806,2,3.2,0.3552,0.7878,30.3146,0
VH-04433,2023-01-26,13,Heavy,4639.2,88.0,0.798,0.4777,1,6.0,0.7427,0.6942,19.9797,1
VH-04434,2022-05-31,5,Medium,5304.4,120.1,0.7672,0.2646,1,6.8,0.7612,0.8319,47.7245,0
VH-04435,2022-03-02,2,Medium,3605.4,82.5,0.7978,0.3632,0,3.6,0.5664,0.571,48.537,1
VH-04436,2022-09-28,9,Medium,6545.8,155.3,0.7528,0.4368,1,0.5,0.0939,0.6031,24.8067,0
VH-04437,2023-03-27,15,Heavy,4497.4,117.7,0.6949,0.2335,1,1.8,0.7798,0.9,48.0442,0
VH-04438,2022-03-02,2,Light,3216.1,65.4,0.6425,0.2345,0,7.5,0.4189,0.8239,42.6812,0
VH-04439,2022-01-01,0,Medium,4155.5,107.5,0.4912,0.4043,1,4.2,0.3373,0.9019,37.9201,0
VH-04440,2022-07-30,7,Medium,6347.9,161.0,0.613,0.546,1,1.5,0.7178,0.8473,62.325,0
VH-04441,2022-08-29,8,Light,3862.3,112.6,0.7537,0.6811,0,4.2,0.7308,0.956,54.1592,1
VH-04442,2022-08-29,8,Medium,5924.3,139.2,0.7533,0.3336,1,2.5,0.6412,0.479,29.0813,1
VH-04443,2023-04-26,16,Heavy,3562.0,81.5,0.882,0.3152,0,6.9,0.4917,0.7216,44.2236,1
VH-04444,2022-01-31,1,Heavy,3351.5,67.4,0.9484,0.4291,2,6.3,0.5542,0.7304,13.9398,1
VH-04445,2023-01-26,13,Light,5489.4,100.1,0.7599,0.6216,0,3.3,0.6718,0.6177,31.2727,1
VH-04446,2023-07-25,19,Medium,3189.0,66.7,0.5563,0.2764,0,1.5,0.5245,0.9371,47.5126,0
VH-04447,2022-08-29,8,Medium,5733.8,129.1,0.4751,0.4884,0,3.0,0.2982,0.4235,39.6781,0
VH-04448,2022-06-30,6,Medium,5027.4,110.1,0.6233,0.4993,0,6.4,0.3831,0.4645,11.511,1
VH-04449,2023-07-25,19,Medium,3189.6,79.8,0.7551,0.4828,1,1.6,0.3916,0.6945,71.3827,0
VH-04450,2023-07-25,19,Light,4392.8,75.8,0.7046,0.1371,2,3.8,0.4421,0.4957,61.9123,0
VH-04451,2023-05-26,17,Heavy,3676.8,79.0,0.4775,0.3037,0,1.6,0.2496,0.8223,32.6071,0
VH-04452,2022-07-30,7,Heavy,5023.5,141.6,0.7812,0.6016,1,4.9,0.4725,0.5278,18.2636,1
VH-04453,2022-05-01,4,Medium,7331.7,177.9,0.7529,0.4341,0,9.0,0.3279,0.8806,40.8436,0
VH-04454,2023-11-22,23,Medium,3943.9,96.9,0.9292,0.4706,2,2.9,0.3855,0.792,32.4326,1
VH-04455,2022-11-27,11,Medium,5300.7,123.7,0.772,0.6055,0,7.0,0.4418,0.7914,20.8548,0
VH-04456,2022-06-30,6,Medium,4536.7,95.3,0.4554,0.5304,0,10.1,0.8483,0.6872,10.752,1
VH-04457,2023-09-23,21,Light,4536.1,74.5,0.7643,0.5652,0,2.4,0.2962,0.9772,27.44,0
VH-04458,2023-10-23,22,Medium,4252.2,101.4,0.9272,0.3917,1,5.3,0.5289,0.9002,40.2994,0
VH-04459,2022-11-27,11,Light,3213.9,34.7,0.9218,0.3785,3,5.2,0.7401,0.863,36.5947,1
VH-04460,2022-06-30,6,Heavy,5002.7,106.3,0.6187,0.4966,0,1.0,0.0347,0.7262,10.5605,1
VH-04461,2023-03-27,15,Medium,4066.9,90.3,0.8583,0.4108,2,9.0,0.5126,0.7513,32.9061,0
VH-04462,2022-06-30,6,Medium,3142.8,63.1,0.8146,0.7825,1,13.1,0.6136,0.5664,28.8926,1
VH-04463,2023-06-25,18,Medium,6021.3,166.4,0.6804,0.5102,2,4.4,0.342,0.8424,45.2973,0
VH-04464,2022-03-02,2,Heavy,4648.5,130.7,0.7694,0.7072,0,6.4,0.5789,0.4079,19.3585,0
VH-04465,2022-05-01,4,Light,4157.9,107.9,0.8376,0.2306,0,5.2,0.8441,0.9839,27.1019,1
VH-04466,2023-11-22,23,Light,6510.1,130.8,0.7196,0.2771,0,2.4,0.203,0.5513,34.7348,1
VH-04467,2022-12-27,12,Light,1745.9,67.6,0.7424,0.367,0,7.2,0.5558,0.6748,23.5558,1
VH-04468,2023-10-23,22,Medium,6409.2,151.7,0.5947,0.3138,1,2.4,0.2378,0.8881,50.0359,0
VH-04469,2022-03-02,2,Heavy,3179.7,56.5,0.9414,0.5317,0,5.8,0.2641,0.8314,20.2354,1
VH-04470,2023-01-26,13,Light,4817.3,107.5,0.7485,0.5824,1,12.7,0.6407,0.8958,50.7254,0
VH-04471,2023-11-22,23,Heavy,3617.9,94.8,0.6355,0.7676,0,3.4,0.6112,0.756,21.0228,1
VH-04472,2022-07-30,7,Medium,3115.5,60.3,0.53,0.3373,1,9.3,0.572,0.7166,19.7426,0
VH-04473,2022-05-01,4,Medium,6470.8,145.9,0.9434,0.3092,0,7.7,0.6012,0.9624,29.0679,0
VH-04474,2023-06-25,18,Light,7284.3,166.6,0.7398,0.3966,2,11.1,0.5409,0.7722,60.3693,0
VH-04475,2023-08-24,20,Medium,4168.2,76.1,0.5174,0.085,0,6.6,0.3056,0.6758,63.6132,0
VH-04476,2022-11-27,11,Medium,5003.2,107.1,0.5274,0.4492,1,9.2,0.7132,0.7324,21.239,0
VH-04477,2022-07-30,7,Medium,4585.5,86.5,0.5764,0.5855,1,6.0,0.359,0.8649,63.5117,0
VH-04478,2023-02-25,14,Light,7095.8,170.7,0.668,0.6741,1,1.4,0.3298,0.6716,38.3532,0
VH-04479,2022-05-01,4,Heavy,1330.3,20.0,0.6805,0.1053,1,2.8,0.447,0.9411,71.2449,0
VH-04480,2022-01-31,1,Heavy,5065.7,116.9,0.7352,0.0511,3,14.9,0.4242,0.5611,18.2675,1
VH-04481,2023-08-24,20,Medium,3409.3,54.9,0.7606,0.1767,1,6.0,0.2428,0.6934,28.9095,0
VH-04482,2023-01-26,13,Medium,966.1,20.0,0.699,0.3575,0,7.8,0.6496,0.9717,37.3377,0
VH-04483,2022-09-28,9,Heavy,3959.2,70.3,0.9084,0.5837,3,1.2,0.678,0.8621,20.4036,1
VH-04484,2023-03-27,15,Light,7272.1,157.3,0.8988,0.4488,2,6.5,0.1078,0.6358,8.2307,1
VH-04485,2023-11-22,23,Heavy,3515.9,80.8,0.5012,0.5299,1,10.8,0.2581,0.928,40.4815,0
VH-04486,2022-10-28,10,Medium,5686.1,131.8,0.8864,0.6342,0,6.2,0.7948,0.9871,14.8861,1
VH-04487,2023-08-24,20,Heavy,6298.0,113.4,0.5193,0.5572,2,0.4,0.7967,0.8192,51.5943,1
VH-04488,2023-08-24,20,Light,4481.0,97.0,0.6035,0.527,1,2.7,0.6683,0.8282,20.4276,1
VH-04489,2022-11-27,11,Medium,4680.7,92.8,0.8802,0.4776,0,4.2,0.9342,0.7849,24.6019,0
VH-04490,2023-11-22,23,Medium,1925.6,50.8,0.7602,0.3039,1,7.9,0.6534,0.7523,18.5589,0
VH-04491,2022-03-02,2,Medium,3425.8,72.1,0.8131,0.6348,1,1.9,0.6892,0.5973,35.2697,0
VH-04492,2022-03-02,2,Heavy,5860.5,129.0,0.4194,0.5234,1,1.5,0.7837,0.8969,36.2706,1
VH-04493,2022-04-01,3,Heavy,4591.0,90.8,0.7042,0.5019,0,10.6,0.3494,0.6539,18.7775,1
VH-04494,2022-12-27,12,Light,5051.0,138.1,0.7748,0.3819,0,0.6,0.7923,0.728,44.3556,1
VH-04495,2022-08-29,8,Medium,4699.7,85.2,0.8778,0.2451,1,11.3,0.5567,0.6246,31.762,0
VH-04496,2023-08-24,20,Medium,7788.0,167.1,0.7899,0.0873,1,3.2,0.5325,0.9212,23.8152,0
VH-04497,2022-06-30,6,Medium,3854.2,87.3,0.6686,0.1482,1,9.5,0.53,0.8319,32.4789,0
VH-04498,2022-05-01,4,Medium,6908.1,149.7,0.5968,0.1414,1,7.1,0.8513,0.6575,25.9066,1
VH-04499,2023-09-23,21,Heavy,4700.3,93.0,0.7489,0.1172,0,6.9,0.6253,0.6914,31.4939,1
VH-04500,2022-09-28,9,Heavy,7041.3,129.3,0.694,0.5403,3,11.3,0.8259,0.8104,27.9988,1
VH-04501,2023-02-25,14,Light,2662.5,48.8,0.7914,0.1623,3,8.4,0.6227,0.9048,62.5004,0
VH-04502,2023-11-22,23,Medium,4777.0,91.8,0.4697,0.4116,0,3.1,0.4276,0.7431,27.3968,0
VH-04503,2022-07-30,7,Medium,3909.5,112.1,0.7181,0.6023,2,11.9,0.7742,0.7645,28.378,0
VH-04504,2023-08-24,20,Medium,4709.2,138.6,0.815,0.4616,2,4.2,0.5398,0.7983,55.0102,0
VH-04505,2023-01-26,13,Light,6333.6,140.0,0.8498,0.4,0,18.6,0.4503,0.9567,23.3525,0
VH-04506,2022-01-01,0,Medium,5068.2,91.6,0.5821,0.1882,1,16.6,0.3941,0.8824,24.5241,0
VH-04507,2022-04-01,3,Medium,6330.6,151.8,0.6781,0.4336,1,5.4,0.7602,0.7262,23.0849,0
VH-04508,2023-02-25,14,Light,3494.7,62.9,0.834,0.1412,0,3.8,0.3925,0.8042,25.333,0
VH-04509,2023-03-27,15,Heavy,3265.7,64.3,0.642,0.1162,0,2.3,0.33,0.5362,42.2136,0
VH-04510,2022-12-27,12,Medium,4524.2,91.1,0.9786,0.2314,2,4.5,0.7951,0.6415,18.8351,1
VH-04511,2022-09-28,9,Medium,4442.0,91.2,0.6557,0.2976,0,8.2,0.5314,0.8159,36.0845,0
VH-04512,2023-02-25,14,Medium,4221.2,88.5,0.658,0.2201,4,5.1,0.374,0.6638,20.6611,1
VH-04513,2023-02-25,14,Heavy,3062.1,48.3,0.8383,0.8497,0,9.5,0.6052,0.8756,30.7653,1
VH-04514,2023-08-24,20,Light,6298.0,129.4,0.8581,0.4028,0,5.8,0.4127,0.7713,65.131,1
VH-04515,2022-05-31,5,Light,3955.7,103.2,0.7829,0.307,0,9.2,0.8616,0.5443,22.0035,0
VH-04516,2023-04-26,16,Medium,6639.1,147.0,0.8411,0.7816,1,3.1,0.5872,0.9599,34.9136,1
VH-04517,2023-05-26,17,Medium,4519.1,102.3,0.7705,0.7066,4,9.9,0.2875,0.9719,9.0596,1
VH-04518,2023-03-27,15,Medium,5472.6,88.1,0.6532,0.1292,0,12.3,0.6075,0.7373,58.4756,0
VH-04519,2022-11-27,11,Heavy,5336.6,132.8,0.8743,0.5626,0,1.6,0.5748,0.8886,37.7231,0
VH-04520,2022-08-29,8,Light,3263.6,62.2,0.5608,0.4282,1,1.0,0.4065,0.732,38.7132,0
VH-04521,2022-07-30,7,Light,5050.8,129.1,0.9333,0.728,1,6.1,0.6537,0.7151,30.7921,1
VH-04522,2023-01-26,13,Medium,7392.5,166.6,0.3362,0.3293,2,4.2,0.9153,0.9051,24.7771,1
VH-04523,2023-02-25,14,Heavy,4877.4,100.0,0.75,0.2257,1,6.9,0.3006,0.4189,34.22,0
VH-04524,2022-12-27,12,Heavy,5851.9,104.9,0.8286,0.3201,0,3.8,0.4502,0.6299,25.8748,0
VH-04525,2023-07-25,19,Heavy,5539.9,155.7,0.7847,0.2415,1,9.0,0.8011,0.8193,13.5459,1
VH-04526,2022-06-30,6,Medium,4960.6,122.3,0.9318,0.7337,0,2.1,0.6597,0.8282,16.0982,1
VH-04527,2022-10-28,10,Heavy,4779.7,119.2,0.9355,0.0571,2,2.3,0.5679,0.8779,20.7684,1
VH-04528,2022-11-27,11,Medium,5321.0,145.5,0.8813,0.4152,0,0.6,0.4781,0.9412,19.1835,0
VH-04529,2023-10-23,22,Light,5644.9,128.8,0.8972,0.362,2,3.1,0.8652,0.8816,27.3488,1
VH-04530,2023-05-26,17,Medium,2471.8,75.2,0.879,0.8368,0,3.8,0.1777,0.9157,58.0601,0
VH-04531,2022-12-27,12,Heavy,4871.0,101.1,0.9413,0.2174,0,2.8,0.3152,0.6062,35.8887,1
VH-04532,2022-08-29,8,Medium,4223.9,104.9,0.5693,0.322,0,14.0,0.6148,0.7372,55.3099,0
VH-04533,2022-10-28,10,Medium,3912.7,77.5,0.7977,0.2211,1,11.9,0.6108,0.6178,36.8427,1
VH-04534,2023-01-26,13,Medium,6443.9,135.6,0.6553,0.8728,1,10.6,0.5004,0.9242,33.1216,1
VH-04535,2022-05-01,4,Medium,3400.3,77.0,0.567,0.1336,1,9.2,0.5288,0.9,44.7907,0
VH-04536,2022-10-28,10,Light,2407.8,34.5,0.5812,0.3557,1,10.5,0.768,0.5659,55.9172,0
VH-04537,2023-04-26,16,Medium,5693.6,131.5,0.9117,0.2576,3,4.4,0.6811,0.8296,28.4213,1
VH-04538,2022-06-30,6,Heavy,2369.4,48.0,0.6769,0.3269,0,15.4,0.8262,0.7677,22.8775,1
VH-04539,2023-09-23,21,Light,1608.1,20.0,0.9379,0.5084,1,5.9,0.7136,0.8717,46.8064,0
VH-04540,2023-02-25,14,Medium,5862.4,123.4,0.7805,0.7088,1,4.7,0.5878,0.6983,31.4072,1
VH-04541,2023-01-26,13,Light,4738.1,100.1,0.7348,0.548,0,5.0,0.4654,0.9699,22.6761,1
VH-04542,2023-02-25,14,Light,5209.1,128.5,0.9183,0.4751,1,6.4,0.8361,0.9538,56.2435,0
VH-04543,2022-01-31,1,Heavy,3836.4,89.5,0.925,0.4659,1,6.5,0.2896,0.6399,14.8863,1
VH-04544,2022-01-01,0,Medium,2423.4,75.6,0.5599,0.6043,3,2.6,0.6232,0.5847,46.5569,0
VH-04545,2023-08-24,20,Medium,2721.3,68.3,0.7635,0.2994,1,2.7,0.5273,0.6528,20.8298,0
VH-04546,2023-07-25,19,Medium,4091.7,82.6,0.6849,0.2649,0,8.2,0.546,0.8026,27.8795,0
VH-04547,2022-11-27,11,Heavy,2591.4,56.7,0.6136,0.6083,1,12.1,0.4518,0.28,19.9849,1
VH-04548,2022-07-30,7,Medium,4960.6,105.0,0.706,0.6284,0,6.1,0.6904,0.5916,23.6275,1
VH-04549,2022-06-30,6,Heavy,3806.3,91.9,0.4755,0.4547,0,5.0,0.7459,0.8919,64.8391,1
VH-04550,2023-05-26,17,Medium,4777.6,107.1,0.3743,0.6078,2,8.6,0.8339,0.8125,48.4389,0
VH-04551,2022-05-01,4,Light,4732.7,95.7,0.6133,0.6865,0,18.1,0.5907,0.9307,53.0751,0
VH-04552,2022-08-29,8,Medium,5080.2,113.0,0.7479,0.2937,0,14.3,0.2238,0.5801,58.3008,1
VH-04553,2022-07-30,7,Light,5249.2,123.6,0.8132,0.3893,1,6.2,0.5856,0.8263,21.1787,0
VH-04554,2023-08-24,20,Medium,3984.1,73.4,0.5622,0.3932,2,14.9,0.8668,0.9299,30.4473,1
VH-04555,2022-04-01,3,Medium,4776.0,110.9,0.7013,0.4879,3,4.2,0.5485,0.6651,37.0327,0
VH-04556,2023-06-25,18,Heavy,4854.0,84.2,0.8248,0.4004,0,9.0,0.7981,0.5872,10.7109,1
VH-04557,2023-03-27,15,Heavy,856.7,35.6,0.7394,0.7049,0,5.9,0.8177,0.6653,17.0082,1
VH-04558,2023-03-27,15,Heavy,5469.8,129.5,0.7049,0.3239,0,2.8,0.2209,0.7066,30.9849,0
VH-04559,2023-08-24,20,Light,4724.9,129.4,0.4505,0.1025,1,5.1,0.2715,0.4515,24.9819,0
VH-04560,2022-12-27,12,Heavy,5346.1,102.1,0.5273,0.0785,1,4.2,0.3998,0.5142,30.4619,1
VH-04561,2022-11-27,11,Heavy,2569.7,74.1,0.6397,0.5684,0,7.3,0.4499,0.7111,57.534,0
VH-04562,2023-11-22,23,Light,4026.3,103.5,0.466,0.2126,1,17.4,0.5199,0.774,58.2871,0
VH-04563,2023-06-25,18,Medium,2862.7,60.9,0.4154,0.427,0,2.9,0.3929,0.6845,63.4164,0
VH-04564,2023-10-23,22,Heavy,5616.9,119.2,0.8641,0.413,1,7.5,0.8483,0.773,7.0274,1
VH-04565,2023-06-25,18,Light,2392.3,36.9,0.9655,0.4681,0,12.3,0.5062,0.7502,49.059,0
VH-04566,2023-09-23,21,Medium,3107.0,48.9,0.6935,0.6266,0,6.9,0.3346,0.3594,58.1314,1
VH-04567,2023-05-26,17,Heavy,5301.5,106.5,0.5995,0.4764,1,10.0,0.2663,0.7773,26.3934,0
VH-04568,2022-10-28,10,Light,3555.9,60.2,0.7316,0.1581,0,9.0,0.3623,0.7089,35.8488,0
VH-04569,2022-05-01,4,Medium,3107.4,93.0,0.5935,0.4608,1,4.6,0.5621,0.867,32.1816,0
VH-04570,2023-10-23,22,Medium,5860.1,107.7,0.6398,0.4285,0,6.5,0.5252,0.8251,7.9099,1
VH-04571,2022-11-27,11,Medium,5921.6,133.8,0.7875,0.7242,2,1.3,0.115,0.6328,41.2277,0
VH-04572,2023-01-26,13,Heavy,5583.1,130.6,0.7775,0.1566,0,2.4,0.8954,0.8574,23.2757,1
VH-04573,2023-08-24,20,Light,5773.1,133.7,0.3915,0.6093,0,3.4,0.6202,0.8702,10.4025,1
VH-04574,2022-10-28,10,Medium,4152.6,99.0,0.3414,0.321,0,27.1,0.4061,0.5834,61.5088,0
VH-04575,2022-06-30,6,Heavy,4193.1,107.4,0.797,0.0615,0,9.7,0.7266,0.6552,21.99,1
VH-04576,2022-03-02,2,Light,3527.9,71.7,0.5242,0.3737,0,0.4,0.7654,0.4219,13.9718,1
VH-04577,2022-11-27,11,Heavy,4751.6,106.9,0.734,0.7134,3,1.7,0.1295,0.6746,19.0423,0
VH-04578,2023-05-26,17,Light,3708.2,78.0,0.6625,0.5694,0,1.2,0.635,0.8208,42.4523,0
VH-04579,2022-01-31,1,Medium,3850.4,105.1,0.5419,0.3042,1,4.5,0.8118,0.7331,27.247,1
VH-04580,2022-08-29,8,Light,5399.9,151.5,0.7547,0.4758,0,4.9,0.1093,0.6632,20.2955,1
VH-04581,2022-05-31,5,Medium,6276.8,121.6,0.8686,0.5336,1,0.3,0.3326,0.636,20.3169,1
VH-04582,2023-01-26,13,Heavy,5097.4,82.8,0.9598,0.4397,2,10.8,0.7274,0.7453,23.7686,1
VH-04583,2023-03-27,15,Heavy,7191.5,168.3,0.7903,0.592,1,1.2,0.4816,0.903,16.0044,1
VH-04584,2023-07-25,19,Heavy,3441.7,92.5,0.5908,0.5426,1,5.9,0.8596,0.9326,53.3273,0
VH-04585,2023-03-27,15,Medium,1743.0,68.1,0.9039,0.247,0,7.7,0.6129,0.962,39.7905,1
VH-04586,2022-07-30,7,Heavy,5571.9,134.9,0.8373,0.3252,3,2.7,0.2485,0.8526,25.1068,0
VH-04587,2023-04-26,16,Medium,3342.2,95.2,0.7931,0.6788,2,3.1,0.4862,0.8803,26.8546,0
VH-04588,2022-07-30,7,Heavy,4089.5,115.8,0.7126,0.2217,0,4.9,0.4731,0.6543,45.4151,1
VH-04589,2022-03-02,2,Medium,1845.3,63.0,0.9276,0.705,2,4.2,0.299,0.5231,33.2378,1
VH-04590,2023-11-22,23,Heavy,3151.2,83.2,0.5906,0.3626,0,2.4,0.6255,0.952,60.5687,0
VH-04591,2023-05-26,17,Light,2246.7,30.7,0.6132,0.3641,1,1.3,0.599,0.6649,34.3572,0
VH-04592,2023-09-23,21,Medium,3848.5,85.4,0.8071,0.452,0,3.6,0.5158,0.6443,46.938,0
VH-04593,2022-03-02,2,Heavy,3908.2,91.3,0.8347,0.6182,0,6.9,0.5969,0.7176,44.0687,1
VH-04594,2022-01-01,0,Light,4634.9,101.5,0.7733,0.315,0,10.1,0.2369,0.676,20.5671,0
VH-04595,2023-11-22,23,Light,6359.6,140.8,0.8823,0.8008,0,5.5,0.4269,0.8455,31.4836,1
VH-04596,2023-09-23,21,Heavy,5515.4,146.1,0.6102,0.3881,0,4.3,0.5776,0.9155,54.7513,0
VH-04597,2022-07-30,7,Medium,2066.7,34.6,0.4945,0.4853,1,5.7,0.7549,0.7351,59.5838,0
VH-04598,2022-11-27,11,Light,5412.0,132.3,0.8741,0.1039,0,3.2,0.6985,0.6215,51.6944,0
VH-04599,2022-10-28,10,Medium,4667.6,108.5,0.5791,0.7279,2,2.0,0.6428,0.8034,62.2658,0
VH-04600,2022-01-01,0,Medium,4353.3,83.9,0.4654,0.7742,0,10.2,0.6957,0.696,43.3488,1
VH-04601,2023-01-26,13,Medium,4466.0,83.1,0.9513,0.6285,2,4.0,0.9428,0.487,26.3801,1
VH-04602,2022-07-30,7,Heavy,4806.8,81.3,0.63,0.3905,1,3.3,0.5703,0.7426,50.2909,0
VH-04603,2023-06-25,18,Heavy,3462.2,84.2,0.8124,0.7884,0,3.1,0.5548,0.7451,31.7292,1
VH-04604,2023-09-23,21,Medium,4226.5,93.0,0.5347,0.2106,1,5.6,0.8041,0.4915,65.3169,0
VH-04605,2022-01-31,1,Medium,6275.9,127.1,0.9401,0.7145,0,3.5,0.3789,0.7281,29.9786,1
VH-04606,2022-06-30,6,Medium,3444.1,48.4,0.883,0.3111,0,4.7,0.6675,0.8816,69.1913,0
VH-04607,2023-10-23,22,Heavy,2955.2,72.2,0.4848,0.2727,1,1.1,0.4477,0.3588,55.1936,0
VH-04608,2023-03-27,15,Light,4407.4,95.3,0.8741,0.4221,1,7.0,0.6122,0.5088,9.3123,1
VH-04609,2023-11-22,23,Light,2804.2,51.6,0.597,0.8503,1,3.2,0.6453,0.822,51.6269,0
VH-04610,2023-02-25,14,Heavy,1915.8,28.1,0.6486,0.3406,2,7.2,0.7785,0.8839,71.4866,0
VH-04611,2023-08-24,20,Heavy,3983.3,84.9,0.7563,0.7042,0,19.9,0.3162,0.8474,57.564,1
VH-04612,2022-01-31,1,Medium,6672.9,155.3,0.7537,0.4464,0,8.0,0.1343,0.7651,43.1024,0
VH-04613,2023-04-26,16,Medium,4442.1,93.8,0.6718,0.2777,1,8.6,0.7857,0.5,32.831,0
VH-04614,2022-05-01,4,Medium,4767.9,88.1,0.9232,0.6836,3,17.5,0.2326,0.7502,41.8892,1
VH-04615,2022-05-31,5,Medium,1304.8,28.1,0.3933,0.4597,0,5.8,0.8327,0.9184,44.6526,0
VH-04616,2023-11-22,23,Medium,5157.2,130.3,0.8211,0.2643,0,5.9,0.5927,0.635,17.1283,1
VH-04617,2022-11-27,11,Light,4640.0,103.7,0.9068,0.2735,2,5.9,0.5011,0.9329,30.6058,0
VH-04618,2023-10-23,22,Medium,3502.6,78.9,0.9513,0.4333,2,13.0,0.3831,0.8707,48.4385,0
VH-04619,2022-08-29,8,Medium,4770.1,101.1,0.7635,0.169,2,8.1,0.7298,0.6838,62.3374,1
VH-04620,2022-01-01,0,Medium,4755.2,92.3,0.6581,0.3451,0,2.5,0.3067,0.712,57.469,0
VH-04621,2022-06-30,6,Light,2910.8,50.8,0.8805,0.1918,3,6.8,0.2068,0.4472,31.7822,0
VH-04622,2023-02-25,14,Heavy,4997.8,86.1,0.6768,0.3271,2,5.0,0.5902,0.3776,26.8314,0
VH-04623,2023-01-26,13,Medium,6295.7,157.6,0.7953,0.3742,0,10.0,0.448,0.374,24.56,1
VH-04624,2023-02-25,14,Heavy,4158.1,99.3,0.5392,0.79,0,4.6,0.2986,0.8249,58.4853,0
VH-04625,2023-01-26,13,Light,3198.6,72.3,0.904,0.1508,2,15.1,0.5613,0.5011,21.3637,1
VH-04626,2022-08-29,8,Medium,4233.6,98.5,0.6744,0.5635,1,3.6,0.4285,0.6337,19.4029,1
VH-04627,2022-12-27,12,Heavy,5781.9,133.6,0.5629,0.5403,0,2.9,0.4896,0.8176,66.4893,0
VH-04628,2022-07-30,7,Medium,2660.5,48.1,0.7832,0.2312,0,2.5,0.5377,0.5555,47.2883,1
VH-04629,2023-02-25,14,Light,5367.8,114.4,0.8208,0.4182,0,8.8,0.6559,0.7861,42.4752,0
VH-04630,2022-12-27,12,Medium,3483.0,70.3,0.7788,0.546,2,2.1,0.3119,0.8032,35.1645,1
VH-04631,2022-01-31,1,Medium,4863.1,145.7,0.7312,0.3316,0,4.9,0.5395,0.8491,58.8823,0
VH-04632,2022-08-29,8,Medium,3653.5,96.5,0.8218,0.3563,0,3.5,0.7946,0.4705,32.112,1
VH-04633,2023-09-23,21,Medium,3649.5,83.6,0.4256,0.3566,2,5.0,0.3489,0.7486,22.9589,0
VH-04634,2023-03-27,15,Medium,6784.6,171.3,0.8527,0.3944,0,9.7,0.7698,0.9616,36.6577,1
VH-04635,2022-01-31,1,Medium,2386.4,71.6,0.6312,0.0721,2,2.6,0.5689,0.9121,21.8045,0
VH-04636,2023-01-26,13,Light,5228.0,95.5,0.7255,0.5088,0,8.8,0.551,0.6988,3.0026,1
VH-04637,2023-06-25,18,Medium,7097.0,154.4,0.474,0.2266,0,1.0,0.7373,0.7124,25.9315,0
VH-04638,2023-05-26,17,Medium,5528.3,122.6,0.8311,0.2886,1,8.4,0.6962,0.8097,18.8134,0
VH-04639,2022-08-29,8,Light,2503.4,64.8,0.6719,0.1207,1,4.1,0.5443,0.4534,71.7163,0
VH-04640,2022-06-30,6,Light,2577.6,53.9,0.6312,0.2483,1,9.3,0.99,0.6783,36.6298,0
VH-04641,2022-12-27,12,Light,3372.6,73.5,0.7228,0.8347,2,6.5,0.3165,0.7459,44.7799,0
VH-04642,2022-01-01,0,Light,4736.9,98.3,0.7566,0.5694,1,4.1,0.6762,0.6086,17.6296,1
VH-04643,2022-01-01,0,Medium,4838.9,123.3,0.7746,0.2771,2,3.6,0.4162,0.8677,55.1877,0
VH-04644,2022-06-30,6,Light,2592.5,36.0,0.3834,0.0946,1,7.3,0.729,0.8317,59.9322,1
VH-04645,2023-01-26,13,Medium,3190.9,64.5,0.5383,0.2685,1,4.3,0.4681,0.6468,40.0762,0
VH-04646,2022-09-28,9,Heavy,3282.8,45.3,0.8743,0.805,2,5.8,0.8085,0.7306,24.2586,1
VH-04647,2023-09-23,21,Heavy,4228.9,78.5,0.9466,0.3996,0,0.6,0.2798,0.3626,37.0592,0
VH-04648,2023-10-23,22,Light,7477.0,170.9,0.8989,0.3298,1,4.5,0.9447,0.4618,4.8381,1
VH-04649,2023-10-23,22,Medium,3100.2,73.9,0.6152,0.2714,1,6.0,0.2128,0.6291,30.6788,0
VH-04650,2022-07-30,7,Medium,3034.6,62.7,0.8356,0.6798,0,3.9,0.6119,0.9256,13.5748,1
VH-04651,2023-09-23,21,Heavy,2800.3,79.1,0.678,0.6923,1,6.5,0.2179,0.8513,20.456,1
VH-04652,2023-06-25,18,Heavy,5453.3,141.5,0.8965,0.721,1,11.8,0.653,0.6631,8.263,1
VH-04653,2022-07-30,7,Light,4438.0,97.6,0.5976,0.5748,0,1.9,0.7208,0.7962,36.015,0
VH-04654,2022-10-28,10,Light,3155.7,73.9,0.5517,0.2408,2,11.2,0.6072,0.8848,20.7339,0
VH-04655,2022-08-29,8,Medium,3955.8,81.1,0.7656,0.5636,1,5.6,0.724,0.8927,28.1176,1
VH-04656,2023-06-25,18,Heavy,3312.7,83.0,0.8271,0.1332,1,1.5,0.6835,0.7473,19.2666,1
VH-04657,2022-07-30,7,Heavy,4943.8,92.0,0.9446,0.5787,0,9.9,0.8362,0.6433,20.9449,1
VH-04658,2023-08-24,20,Light,8526.6,216.4,0.856,0.2945,1,15.2,0.5061,0.805,24.5535,1
VH-04659,2022-06-30,6,Medium,5326.3,135.5,0.668,0.4711,2,0.9,0.7065,0.6206,27.0907,1
VH-04660,2022-09-28,9,Light,4360.5,78.9,0.643,0.6328,1,1.4,0.4188,0.8334,53.2103,1
VH-04661,2023-07-25,19,Medium,3502.5,66.0,0.8453,0.3926,0,10.4,0.6281,0.5771,37.2757,1
VH-04662,2022-07-30,7,Heavy,2484.9,61.5,0.8019,0.3563,0,8.7,0.2056,0.3127,33.3964,0
VH-04663,2022-04-01,3,Medium,5600.5,119.4,0.7612,0.507,1,2.7,0.6103,0.7897,35.0964,0
VH-04664,2022-04-01,3,Light,5519.0,130.8,0.6688,0.29,0,5.6,0.544,0.8003,28.1795,1
VH-04665,2023-07-25,19,Medium,3800.8,79.1,0.6249,0.3972,0,3.7,0.5617,0.8669,28.2153,0
VH-04666,2023-07-25,19,Medium,6320.0,163.3,0.7842,0.6683,0,1.6,0.4299,0.9316,30.7632,0
VH-04667,2023-03-27,15,Heavy,4531.7,100.8,0.7913,0.5048,0,3.0,0.4793,0.8779,48.7955,0
VH-04668,2022-03-02,2,Medium,5662.1,162.1,0.8722,0.477,1,0.8,0.6503,0.6313,19.4187,0
VH-04669,2022-12-27,12,Heavy,4944.3,118.9,0.6542,0.3153,0,12.8,0.408,0.4657,23.2018,0
VH-04670,2022-04-01,3,Medium,4234.3,73.9,0.7393,0.5884,1,6.1,0.6058,0.4072,45.168,0
VH-04671,2022-05-01,4,Light,3067.7,99.5,0.8825,0.19,0,3.6,0.966,0.8095,23.3778,0
VH-04672,2023-08-24,20,Medium,4281.7,111.6,0.9839,0.3231,0,4.7,0.461,0.7652,17.2815,1
VH-04673,2022-08-29,8,Light,5763.1,133.8,0.7085,0.5827,1,3.5,0.6401,0.5646,5.8639,1
VH-04674,2022-09-28,9,Medium,3737.8,92.8,0.844,0.4383,2,3.6,0.2498,0.691,39.9746,1
VH-04675,2022-01-31,1,Medium,5159.6,96.8,0.5799,0.8121,0,3.8,0.4252,0.7253,37.516,0
VH-04676,2023-04-26,16,Light,2875.9,36.8,0.6912,0.1433,1,8.8,0.2398,0.6377,53.6162,0
VH-04677,2022-05-31,5,Light,5670.1,125.4,0.7589,0.6903,0,2.4,0.7573,0.7805,46.369,1
VH-04678,2023-03-27,15,Light,4969.4,131.1,0.5622,0.3219,0,12.0,0.2407,0.9413,70.2618,0
VH-04679,2023-04-26,16,Light,2696.8,65.9,0.5832,0.1674,3,2.1,0.6275,0.5848,47.8965,0
VH-04680,2022-01-31,1,Heavy,4164.0,118.2,0.8247,0.3876,0,16.9,0.5112,0.7848,17.0468,1
VH-04681,2023-09-23,21,Heavy,5897.2,150.9,0.4919,0.6275,3,10.1,0.078,0.8494,34.8625,0
VH-04682,2022-04-01,3,Light,2611.5,58.3,0.6284,0.5991,1,3.8,0.5779,0.8873,26.5602,0
VH-04683,2023-10-23,22,Heavy,2893.6,82.1,0.8078,0.2974,0,6.0,0.4116,0.7984,35.0204,0
VH-04684,2022-01-31,1,Heavy,4395.8,120.5,0.7476,0.3489,0,6.0,0.2388,0.8266,69.432,0
VH-04685,2023-07-25,19,Heavy,7700.0,169.9,0.8784,0.4852,1,3.0,0.5516,0.5243,7.0144,1
VH-04686,2023-03-27,15,Medium,3491.1,74.4,0.4886,0.5351,1,0.6,0.3473,0.9766,66.1201,0
VH-04687,2022-10-28,10,Medium,5242.9,118.6,0.703,0.3632,0,3.0,0.6609,0.64,27.7834,1
VH-04688,2023-06-25,18,Medium,4890.2,72.5,0.8365,0.6213,3,0.9,0.652,0.6205,32.4401,1
VH-04689,2022-01-01,0,Heavy,3615.7,84.6,0.5336,0.5118,1,5.7,0.8132,0.4693,47.0453,0
VH-04690,2023-01-26,13,Heavy,4741.7,116.2,0.774,0.2637,0,1.9,0.6569,0.5796,55.6606,0
VH-04691,2022-03-02,2,Medium,3828.2,87.2,0.4465,0.6159,0,5.3,0.3183,0.7224,46.6341,0
VH-04692,2022-03-02,2,Light,3963.3,93.2,0.4743,0.5425,0,6.6,0.6519,0.6688,21.1271,0
VH-04693,2023-11-22,23,Heavy,2008.1,44.0,0.6269,0.1431,1,4.6,0.6575,0.7581,18.2876,0
VH-04694,2023-06-25,18,Heavy,4463.3,69.2,0.9626,0.3174,2,4.5,0.5793,0.4721,39.3378,1
VH-04695,2023-02-25,14,Medium,5848.6,154.9,0.6845,0.5723,0,3.1,0.3238,0.7545,71.2957,0
VH-04696,2022-01-31,1,Medium,4586.1,96.4,0.5809,0.6698,1,2.2,0.8305,0.7975,22.4635,0
VH-04697,2022-11-27,11,Medium,6135.8,127.1,0.8348,0.3448,1,5.0,0.5163,0.5747,26.6264,1
VH-04698,2023-06-25,18,Medium,5370.5,139.7,0.5331,0.152,0,34.5,0.4307,0.7982,48.5206,0
VH-04699,2022-08-29,8,Medium,4410.7,112.7,0.5055,0.3679,1,5.4,0.6026,0.6684,65.6575,0
VH-04700,2023-10-23,22,Heavy,3558.1,83.2,0.7224,0.1024,0,5.2,0.8527,0.9051,34.8197,0
VH-04701,2022-08-29,8,Heavy,3770.6,95.3,0.5196,0.4201,1,2.5,0.23,0.8562,60.2822,0
VH-04702,2022-07-30,7,Medium,2294.2,33.7,0.5002,0.4237,4,2.5,0.3685,0.7576,58.1031,0
VH-04703,2022-03-02,2,Medium,4099.4,89.9,0.7024,0.3338,1,8.9,0.1851,0.4682,15.2074,1
VH-04704,2022-01-31,1,Medium,4719.0,124.3,0.6527,0.4408,0,6.5,0.665,0.6056,30.1324,0
VH-04705,2023-03-27,15,Light,7073.1,147.0,0.9512,0.4588,2,10.4,0.4656,0.6354,33.3377,1
VH-04706,2023-01-26,13,Medium,5292.5,102.6,0.8669,0.1455,1,10.3,0.5251,0.9289,25.8231,0
VH-04707,2022-01-31,1,Light,3202.7,72.4,0.766,0.3701,0,2.5,0.4478,0.8375,39.6273,0
VH-04708,2022-05-31,5,Medium,2340.9,53.6,0.5756,0.4576,1,1.9,0.622,0.5896,67.7556,0
VH-04709,2022-05-01,4,Light,4190.2,102.8,0.5699,0.3095,3,4.9,0.8653,0.2808,29.6071,1
VH-04710,2023-02-25,14,Medium,5717.6,106.4,0.7057,0.3421,0,4.1,0.4883,0.7274,22.9133,0
VH-04711,2022-10-28,10,Heavy,4169.1,54.4,0.9447,0.6414,2,7.2,0.8097,0.6045,22.0875,1
VH-04712,2023-08-24,20,Light,5313.0,131.9,0.3888,0.728,0,7.4,0.2808,0.8289,21.4392,0
VH-04713,2022-08-29,8,Medium,4228.3,77.7,0.4673,0.329,0,7.5,0.6345,0.6646,34.0755,0
VH-04714,2022-04-01,3,Heavy,5575.5,114.8,0.7958,0.4527,0,8.8,0.4179,0.6025,56.2521,0
VH-04715,2022-10-28,10,Medium,2104.1,20.0,0.2948,0.3103,0,9.6,0.5293,0.624,52.4653,0
VH-04716,2022-05-31,5,Light,6906.3,168.8,0.5647,0.6513,2,1.7,0.436,0.8133,59.1182,0
VH-04717,2023-01-26,13,Medium,2831.3,68.2,0.6599,0.1419,1,18.5,0.7915,0.7599,49.5242,0
VH-04718,2023-06-25,18,Medium,5690.6,131.1,0.4163,0.6537,0,7.8,0.3721,0.6406,39.9037,0
VH-04719,2023-01-26,13,Medium,4091.7,95.5,0.5737,0.4083,1,16.4,0.5137,0.7403,64.1042,0
VH-04720,2023-03-27,15,Light,4326.3,65.2,0.9428,0.1524,0,6.1,0.7071,0.8151,20.636,1
VH-04721,2023-08-24,20,Medium,4138.3,77.2,0.7293,0.6918,0,4.7,0.8896,0.6147,35.355,1
VH-04722,2022-03-02,2,Medium,4883.4,101.7,0.4326,0.8426,3,2.4,0.4573,0.551,42.0545,1
VH-04723,2023-03-27,15,Medium,5186.3,104.0,0.9212,0.4671,1,6.6,0.6399,0.73,20.0101,1
VH-04724,2022-01-01,0,Medium,6087.5,131.2,0.8731,0.3095,0,5.3,0.3801,0.2748,5.8029,1
VH-04725,2022-07-30,7,Light,6611.9,150.6,0.5446,0.2216,0,7.4,0.3073,0.64,43.2469,0
VH-04726,2023-03-27,15,Medium,4997.7,126.2,0.4066,0.3783,1,2.7,0.4707,0.761,65.2447,0
VH-04727,2022-04-01,3,Heavy,7070.5,134.9,0.6781,0.4455,1,7.5,0.3043,0.7537,39.0133,0
VH-04728,2022-10-28,10,Medium,4639.5,103.0,0.7522,0.7176,2,1.4,0.569,0.7962,32.5189,0
VH-04729,2023-02-25,14,Medium,6116.2,146.6,0.5879,0.2986,1,5.4,0.4052,0.56,50.8688,1
VH-04730,2022-05-01,4,Medium,5143.1,100.4,0.7498,0.4059,0,9.7,0.5604,0.9084,54.7207,0
VH-04731,2022-05-01,4,Medium,3676.2,78.8,0.6379,0.491,0,19.1,0.4981,0.3345,29.3973,1
VH-04732,2022-08-29,8,Heavy,4771.9,113.0,0.7719,0.1906,1,4.9,0.812,0.8738,53.0266,0
VH-04733,2022-03-02,2,Medium,5254.8,116.9,0.6887,0.8674,0,2.1,0.6766,0.7403,35.3328,1
VH-04734,2023-09-23,21,Light,4451.7,109.0,0.8179,0.3047,3,3.0,0.547,0.829,29.0774,0
VH-04735,2022-05-01,4,Heavy,5119.3,115.2,0.6969,0.1448,1,4.2,0.6768,0.7564,26.0331,0
VH-04736,2023-08-24,20,Heavy,5798.0,124.2,0.6281,0.4876,0,3.9,0.6791,0.8244,27.4893,0
VH-04737,2022-01-01,0,Medium,4464.9,81.6,0.7851,0.2583,0,12.4,0.5413,0.8857,67.1916,0
VH-04738,2023-01-26,13,Light,800.0,21.5,0.9121,0.6325,0,5.2,0.6228,0.8946,60.3867,0
VH-04739,2022-12-27,12,Light,7017.4,157.4,0.9544,0.3035,0,6.7,0.4618,0.7904,41.3739,0
VH-04740,2022-10-28,10,Medium,4053.6,75.2,0.6775,0.2008,0,0.6,0.2078,0.4577,33.9071,0
VH-04741,2023-11-22,23,Light,3265.1,81.3,0.7314,0.5002,0,4.7,0.6776,0.6232,68.4176,0
VH-04742,2023-07-25,19,Light,2813.8,81.5,0.9708,0.4503,0,4.2,0.4273,0.6358,15.2006,1
VH-04743,2023-09-23,21,Heavy,3995.3,78.9,0.7567,0.2378,2,4.6,0.3935,0.5618,31.0962,0
VH-04744,2023-07-25,19,Medium,3655.9,70.3,0.7731,0.4537,0,11.9,0.4388,0.7596,44.6385,1
VH-04745,2022-09-28,9,Light,3394.5,64.0,0.4716,0.2628,0,4.5,0.3285,0.9378,38.2547,0
VH-04746,2023-03-27,15,Light,3476.8,52.1,0.5319,0.4829,0,1.5,0.4197,0.8481,59.4582,0
VH-04747,2022-09-28,9,Medium,5294.6,147.7,0.375,0.3673,2,3.2,0.7057,0.5981,37.7411,0
VH-04748,2023-02-25,14,Medium,7545.5,160.9,0.8839,0.1307,2,12.6,0.2574,0.8159,52.4117,0
VH-04749,2023-09-23,21,Heavy,5730.9,114.5,0.4892,0.4236,1,11.5,0.4865,0.6305,25.9303,0
VH-04750,2023-04-26,16,Light,6183.9,120.5,0.4413,0.0698,1,4.2,0.5132,0.8689,60.9222,0
VH-04751,2022-11-27,11,Light,3933.9,81.6,0.8243,0.17,0,4.1,0.3297,0.7017,30.9096,0
VH-04752,2023-03-27,15,Medium,4657.0,93.1,0.6448,0.2365,0,1.3,0.3931,0.588,39.8901,0
VH-04753,2022-12-27,12,Medium,5139.7,135.8,0.6019,0.0533,1,5.2,0.5563,0.501,38.0456,0
VH-04754,2023-02-25,14,Medium,3510.7,59.3,0.7213,0.4881,1,3.4,0.6355,0.5063,17.1994,1
VH-04755,2023-01-26,13,Heavy,3861.4,62.7,0.6738,0.3892,0,1.4,0.3417,0.3328,42.9857,1
VH-04756,2023-01-26,13,Medium,5781.8,136.8,0.5664,0.5572,0,5.1,0.469,0.9877,20.6285,0
VH-04757,2022-03-02,2,Medium,6135.4,134.7,0.5091,0.1431,2,7.8,0.2433,0.7355,26.3634,0
VH-04758,2022-12-27,12,Heavy,4601.1,98.9,0.7882,0.8185,2,1.4,0.1592,0.9633,44.8016,0
VH-04759,2022-04-01,3,Light,2707.3,68.6,0.79,0.445,0,15.2,0.3422,0.8977,21.362,0
VH-04760,2022-06-30,6,Heavy,4056.6,92.2,0.9061,0.5742,1,3.0,0.7172,0.7391,35.7857,1
VH-04761,2023-05-26,17,Medium,2338.0,51.3,0.6671,0.1896,0,2.5,0.1892,0.9454,69.3649,0
VH-04762,2023-08-24,20,Medium,4612.8,81.4,0.736,0.5455,2,4.7,0.513,0.5979,6.6273,1
VH-04763,2023-05-26,17,Heavy,4883.1,83.5,0.8208,0.275,0,0.9,0.9505,0.8777,25.5572,0
VH-04764,2022-01-31,1,Medium,4093.9,80.5,0.9151,0.1041,0,1.8,0.9438,0.4807,20.739,1
VH-04765,2023-08-24,20,Medium,4862.6,91.8,0.7412,0.3255,1,5.9,0.3275,0.831,63.2198,1
VH-04766,2023-03-27,15,Medium,5125.4,117.9,0.7972,0.2168,0,3.4,0.8655,0.7399,58.2905,0
VH-04767,2022-08-29,8,Medium,4885.3,81.6,0.6795,0.4004,1,0.4,0.6533,0.6621,26.8595,1
VH-04768,2023-06-25,18,Medium,2697.7,53.2,0.5059,0.2663,1,4.2,0.5725,0.7231,24.0426,0
VH-04769,2023-03-27,15,Light,4120.1,89.0,0.6931,0.3966,1,3.2,0.9085,0.5981,58.5316,0
VH-04770,2022-04-01,3,Heavy,5114.8,113.1,0.8331,0.312,0,7.2,0.6238,0.7677,21.7367,1
VH-04771,2022-08-29,8,Medium,6868.1,158.6,0.5508,0.4175,0,6.1,0.4186,0.719,19.7456,0
VH-04772,2022-01-31,1,Medium,4092.1,86.0,0.376,0.4079,1,9.7,0.4736,0.8189,68.8002,0
VH-04773,2023-03-27,15,Light,5326.3,108.3,0.5691,0.1888,0,1.2,0.4207,0.912,64.6058,0
VH-04774,2022-03-02,2,Medium,5817.2,147.9,0.8714,0.3237,1,6.5,0.2911,0.8737,19.4379,0
VH-04775,2023-11-22,23,Light,4205.1,88.6,0.7674,0.5206,1,2.4,0.6433,0.7567,9.9298,1
VH-04776,2023-02-25,14,Light,6222.6,159.6,0.4026,0.4521,1,2.5,0.3729,0.954,55.4078,0
VH-04777,2022-12-27,12,Medium,6303.3,135.2,0.8256,0.3985,1,3.7,0.2595,0.8943,33.9125,0
VH-04778,2022-01-31,1,Light,6570.6,145.8,0.895,0.1881,1,8.5,0.7753,0.6619,21.8763,0
VH-04779,2022-03-02,2,Medium,5187.6,113.2,0.413,0.3074,1,7.1,0.4354,0.5815,25.675,0
VH-04780,2022-06-30,6,Medium,8040.2,182.1,0.8348,0.2208,2,3.6,0.9231,0.8021,12.4922,1
VH-04781,2022-11-27,11,Medium,3577.1,73.2,0.6132,0.3553,1,6.9,0.6365,0.4122,30.7479,0
VH-04782,2022-05-01,4,Heavy,7686.1,172.2,0.4162,0.5076,0,8.9,0.434,0.8206,51.6341,1
VH-04783,2022-04-01,3,Heavy,5652.4,148.6,0.858,0.3472,1,19.4,0.5492,0.909,26.8624,0
VH-04784,2022-09-28,9,Medium,6510.6,160.4,0.8947,0.1861,0,1.2,0.4142,0.6699,36.1373,0
VH-04785,2022-05-31,5,Heavy,4019.9,105.2,0.8267,0.5491,0,6.1,0.5476,0.9744,49.9267,1
VH-04786,2023-09-23,21,Heavy,5766.7,108.0,0.9063,0.5623,2,1.5,0.4559,0.4827,7.8912,1
VH-04787,2022-03-02,2,Medium,6640.5,129.9,0.7928,0.7111,1,11.3,0.4603,0.604,31.4341,1
VH-04788,2022-06-30,6,Heavy,2869.0,67.0,0.915,0.2751,0,0.4,0.788,0.4842,23.5833,1
VH-04789,2023-01-26,13,Light,4255.0,106.1,0.5444,0.0822,0,4.1,0.7064,0.7033,61.1145,0
VH-04790,2022-12-27,12,Medium,1288.1,20.8,0.4919,0.3077,3,3.1,0.79,0.8588,43.8679,0
VH-04791,2022-09-28,9,Medium,4232.5,83.6,0.8286,0.3466,0,2.5,0.5136,0.4668,34.4909,1
VH-04792,2023-02-25,14,Light,3276.0,93.7,0.3746,0.2967,1,8.8,0.6921,0.9193,61.3579,0
VH-04793,2022-01-01,0,Medium,4173.3,103.0,0.6023,0.6393,1,8.5,0.9497,0.493,30.1939,1
VH-04794,2022-05-31,5,Heavy,8885.5,213.3,0.939,0.3335,2,3.1,0.7355,0.2735,8.2156,1
VH-04795,2022-10-28,10,Medium,7076.7,150.6,0.9429,0.5971,0,2.5,0.6292,0.8383,36.37,1
VH-04796,2022-12-27,12,Light,2340.8,44.2,0.6651,0.2789,1,0.7,0.7688,0.794,28.2862,0
VH-04797,2022-06-30,6,Light,5333.6,132.8,0.8752,0.3091,0,3.7,0.9008,0.4418,18.9195,0
VH-04798,2023-05-26,17,Medium,5698.4,122.7,0.6254,0.1398,0,6.8,0.7638,0.8741,50.7708,0
VH-04799,2022-08-29,8,Heavy,3993.2,79.6,0.6627,0.0941,1,6.7,0.5024,0.3336,25.062,1
VH-04800,2022-01-01,0,Heavy,4767.5,92.2,0.5105,0.3092,2,6.9,0.8269,0.6492,43.3129,1
VH-04801,2022-03-02,2,Medium,4914.0,101.5,0.7801,0.1167,1,4.1,0.3608,0.5536,17.9638,1
VH-04802,2022-01-01,0,Light,2480.1,68.2,0.7926,0.4742,2,12.4,0.7572,0.9091,27.4008,0
VH-04803,2023-08-24,20,Light,2953.0,43.0,0.9245,0.5701,0,13.0,0.584,0.8853,44.5866,0
VH-04804,2022-08-29,8,Medium,4758.4,115.2,0.6569,0.4589,2,9.2,0.5048,0.9628,64.5542,0
VH-04805,2023-10-23,22,Heavy,4649.1,92.7,0.7493,0.7163,0,5.1,0.4706,0.832,43.7961,0
VH-04806,2023-01-26,13,Heavy,3437.2,73.2,0.5345,0.3885,1,8.7,0.3548,0.6141,28.1721,0
VH-04807,2023-10-23,22,Medium,3308.4,71.3,0.7782,0.1743,0,2.0,0.448,0.6065,43.5391,1
VH-04808,2022-06-30,6,Medium,4365.3,93.7,0.8812,0.615,0,8.0,0.4062,0.4358,24.8315,1
VH-04809,2023-06-25,18,Medium,5829.2,125.2,0.799,0.4298,1,10.4,0.5456,0.666,41.5037,1
VH-04810,2022-12-27,12,Medium,4385.3,90.8,0.5818,0.7304,1,6.7,0.4466,0.8119,21.5238,0
VH-04811,2022-01-01,0,Medium,6934.1,145.5,0.5502,0.4454,1,4.3,0.5346,0.467,37.8577,1
VH-04812,2023-06-25,18,Medium,3456.3,96.6,0.4532,0.7508,1,5.4,0.1776,0.9669,33.5785,0
VH-04813,2022-06-30,6,Medium,4789.7,106.8,0.5072,0.3944,1,5.3,0.5384,0.7773,52.5092,1
VH-04814,2022-09-28,9,Heavy,3968.6,86.3,0.8903,0.5396,2,0.8,0.5498,0.7117,27.7803,0
VH-04815,2022-01-01,0,Medium,5381.9,109.9,0.7838,0.1901,2,2.5,0.4125,0.5793,43.5061,0
VH-04816,2023-10-23,22,Light,3327.6,67.8,0.5808,0.3279,0,5.1,0.5809,0.7541,60.886,0
VH-04817,2022-05-01,4,Light,7391.1,154.6,0.8746,0.3754,0,4.3,0.7032,0.7168,35.1759,1
VH-04818,2023-07-25,19,Medium,1964.1,55.1,0.6754,0.244,2,2.1,0.4232,0.5893,53.5468,0
VH-04819,2023-07-25,19,Medium,7073.2,145.9,0.9218,0.3044,0,8.6,0.2156,0.7311,40.1708,1
VH-04820,2022-01-01,0,Medium,4635.0,69.3,0.9491,0.1077,0,8.6,0.3864,0.896,34.3549,0
VH-04821,2023-01-26,13,Heavy,5328.6,119.3,0.6348,0.5764,1,1.8,0.6273,0.7804,11.5503,1
VH-04822,2022-01-01,0,Medium,6501.8,140.3,0.886,0.2301,0,3.6,0.3204,0.4773,47.1747,1
VH-04823,2022-01-31,1,Medium,5786.5,119.8,0.7918,0.5755,1,3.0,0.7691,0.7351,23.9555,0
VH-04824,2022-05-01,4,Heavy,3405.0,89.3,0.4878,0.4516,2,3.5,0.6605,0.8253,30.3488,0
VH-04825,2023-01-26,13,Medium,5400.1,79.0,0.6409,0.2576,1,12.7,0.6404,0.7567,33.5322,0
VH-04826,2023-08-24,20,Medium,7301.2,185.9,0.7018,0.6082,0,4.7,0.4419,0.5961,18.1684,1
VH-04827,2022-03-02,2,Light,3169.1,86.2,0.721,0.3319,0,5.1,0.6327,0.382,31.9186,0
VH-04828,2022-01-01,0,Medium,7677.6,161.2,0.5382,0.3906,1,2.9,0.9169,0.541,17.9163,1
VH-04829,2023-04-26,16,Heavy,5078.6,106.1,0.681,0.3102,3,3.1,0.2703,0.7878,37.0816,0
VH-04830,2022-04-01,3,Heavy,3850.2,93.1,0.99,0.379,0,15.3,0.5226,0.8173,9.3356,1
VH-04831,2023-10-23,22,Medium,3160.1,78.2,0.8482,0.172,0,12.3,0.4979,0.7762,53.4384,0
VH-04832,2023-08-24,20,Medium,4165.1,83.0,0.5015,0.5519,2,7.7,0.9131,0.8679,52.3583,0
VH-04833,2022-10-28,10,Medium,1567.1,20.0,0.6286,0.2913,1,19.8,0.9804,0.8246,30.2744,0
VH-04834,2022-01-31,1,Heavy,3877.1,117.9,0.6392,0.579,0,3.1,0.5442,0.7056,25.1321,0
VH-04835,2022-01-31,1,Medium,4105.6,105.6,0.716,0.8891,1,3.6,0.155,0.7172,23.3077,0
VH-04836,2023-07-25,19,Heavy,2888.4,66.5,0.7039,0.6174,1,6.8,0.2023,0.7384,46.9421,1
VH-04837,2023-08-24,20,Light,5621.8,127.6,0.8854,0.4223,1,6.3,0.779,0.8197,12.627,1
VH-04838,2023-03-27,15,Light,4171.9,102.0,0.9481,0.5052,1,6.5,0.7222,0.7867,29.5149,1
VH-04839,2023-06-25,18,Light,3546.3,89.9,0.7078,0.2993,0,8.4,0.4966,0.7091,58.8282,0
VH-04840,2022-12-27,12,Light,4012.0,57.9,0.5703,0.4909,0,2.8,0.5378,0.4475,53.4444,0
VH-04841,2023-02-25,14,Heavy,5032.7,106.6,0.9239,0.1902,1,4.3,0.6076,0.7008,28.2816,0
VH-04842,2023-01-26,13,Medium,4609.8,95.6,0.825,0.6871,0,1.2,0.6269,0.8679,24.5812,1
VH-04843,2022-11-27,11,Medium,3448.5,74.2,0.9707,0.4741,0,4.0,0.5025,0.5365,37.5931,1
VH-04844,2023-04-26,16,Medium,4688.5,115.8,0.6609,0.3933,1,13.3,0.8953,0.6953,38.3193,0
VH-04845,2022-06-30,6,Medium,4424.0,71.5,0.7383,0.1769,2,1.2,0.281,0.715,35.379,0
VH-04846,2023-10-23,22,Medium,2790.8,41.8,0.4717,0.4652,0,4.8,0.2922,0.6993,18.9475,0
VH-04847,2023-03-27,15,Light,4067.2,80.2,0.786,0.4851,2,10.1,0.6934,0.762,46.8856,1
VH-04848,2022-08-29,8,Medium,5369.0,121.6,0.7592,0.2054,1,17.6,0.5005,0.7623,40.5254,1
VH-04849,2023-08-24,20,Light,5358.2,131.6,0.4771,0.2187,0,1.7,0.2993,0.8747,63.7965,0
VH-04850,2022-01-01,0,Heavy,4155.1,116.8,0.8145,0.2703,0,1.8,0.4149,0.7696,53.2123,1
VH-04851,2023-09-23,21,Light,5515.2,118.3,0.4791,0.8541,1,4.2,0.7435,0.7434,47.9345,0
VH-04852,2023-11-22,23,Heavy,3030.1,79.8,0.7537,0.1725,2,2.1,0.1191,0.8017,47.3533,0
VH-04853,2022-08-29,8,Heavy,3076.5,79.0,0.906,0.3227,1,6.6,0.4014,0.8674,39.136,0
VH-04854,2022-10-28,10,Light,4123.1,99.7,0.9153,0.3928,2,9.4,0.6617,0.3525,10.9213,1
VH-04855,2022-03-02,2,Light,6746.3,149.6,0.7752,0.114,1,3.9,0.8213,0.5862,24.7663,1
VH-04856,2022-11-27,11,Heavy,4744.9,99.4,0.7099,0.3573,1,3.8,0.4614,0.7002,28.1118,0
VH-04857,2023-11-22,23,Medium,4087.0,74.8,0.6238,0.255,0,3.8,0.5452,0.908,50.0648,0
VH-04858,2022-09-28,9,Medium,6816.2,134.5,0.6537,0.4256,1,4.2,0.4124,0.8435,35.8377,0
VH-04859,2022-08-29,8,Light,4069.6,95.6,0.89,0.6063,1,4.2,0.6525,0.9192,39.4519,0
VH-04860,2022-10-28,10,Medium,7852.1,173.7,0.9671,0.4356,0,6.2,0.3424,0.8479,19.394,1
VH-04861,2022-11-27,11,Medium,3733.1,76.7,0.6363,0.4784,1,7.5,0.7585,0.6291,30.3724,1
VH-04862,2022-03-02,2,Heavy,2982.4,76.2,0.7606,0.5825,0,1.8,0.4784,0.5254,33.7852,0
VH-04863,2023-04-26,16,Medium,4250.5,91.4,0.7813,0.3481,1,8.2,0.4937,0.8047,31.3598,0
VH-04864,2023-09-23,21,Heavy,4126.4,78.0,0.8408,0.7895,0,6.4,0.9541,0.6824,23.1772,1
VH-04865,2022-05-31,5,Medium,3288.4,69.1,0.8317,0.5357,1,2.0,0.4997,0.3427,24.6892,0
VH-04866,2022-03-02,2,Light,8403.0,199.0,0.9282,0.2645,1,7.7,0.8676,0.6574,15.2215,1
VH-04867,2023-09-23,21,Medium,4977.9,95.3,0.9294,0.4331,2,3.4,0.3989,0.3983,19.2371,1
VH-04868,2022-09-28,9,Light,5196.4,118.6,0.6726,0.2573,0,6.1,0.8688,0.7961,56.4677,0
VH-04869,2022-03-02,2,Medium,3807.2,83.8,0.8526,0.6331,0,9.0,0.4802,0.7053,23.6455,0
VH-04870,2023-04-26,16,Medium,3633.5,69.3,0.6724,0.3737,2,7.9,0.5046,0.6946,51.4954,0
VH-04871,2022-04-01,3,Medium,6038.3,129.8,0.7173,0.6099,2,4.5,0.7692,0.6174,37.1666,1
VH-04872,2022-10-28,10,Light,1986.2,20.6,0.9205,0.3407,0,11.2,0.2847,0.8803,53.5807,0
VH-04873,2023-07-25,19,Medium,2785.7,63.5,0.64,0.2873,1,5.2,0.8733,0.5959,43.0886,0
VH-04874,2023-05-26,17,Medium,4129.0,71.3,0.4966,0.3022,0,6.7,0.4164,0.9266,35.1834,0
VH-04875,2023-07-25,19,Medium,6526.6,161.1,0.5163,0.6561,2,3.2,0.3278,0.7638,44.8709,0
VH-04876,2022-05-31,5,Medium,3938.2,86.1,0.8976,0.4377,0,5.0,0.6127,0.52,19.3881,1
VH-04877,2022-10-28,10,Light,5124.2,105.3,0.9005,0.4925,1,3.6,0.9168,0.8397,18.6125,1
VH-04878,2022-07-30,7,Medium,4541.6,118.3,0.4229,0.6247,0,6.5,0.7878,0.5857,3.4508,1
VH-04879,2022-05-01,4,Medium,6444.4,127.7,0.604,0.4542,1,4.9,0.7925,0.4484,18.8464,1
VH-04880,2022-12-27,12,Medium,2122.9,36.0,0.7757,0.6849,0,2.9,0.2819,0.7174,28.2801,1
VH-04881,2023-01-26,13,Light,5603.9,97.1,0.5173,0.4599,2,2.2,0.5802,0.4178,22.6308,0
VH-04882,2022-11-27,11,Medium,4201.7,113.0,0.5747,0.1269,0,4.3,0.64,0.8013,24.753,0
VH-04883,2022-03-02,2,Medium,5887.3,158.9,0.7887,0.6384,0,3.2,0.7541,0.8335,14.0154,1
VH-04884,2023-11-22,23,Medium,3271.1,47.6,0.7728,0.7638,1,2.0,0.2181,0.6594,59.5063,0
VH-04885,2022-04-01,3,Heavy,4536.6,88.6,0.6651,0.3517,1,1.2,0.5541,0.8876,64.8274,0
VH-04886,2022-05-01,4,Heavy,4346.2,97.6,0.6282,0.3787,1,10.5,0.3521,0.7083,19.2255,0
VH-04887,2023-11-22,23,Light,2996.3,58.9,0.781,0.1935,0,1.6,0.388,0.6117,18.1183,0
VH-04888,2023-02-25,14,Medium,2579.4,56.8,0.7995,0.3304,2,10.3,0.7573,0.4865,12.7748,1
VH-04889,2022-05-01,4,Medium,3629.4,78.9,0.8002,0.2062,0,5.4,0.7123,0.7203,38.0211,1
VH-04890,2023-05-26,17,Heavy,4694.9,110.4,0.9283,0.4606,1,1.1,0.5463,0.7886,23.8999,1
VH-04891,2022-12-27,12,Light,3364.6,60.4,0.7767,0.2664,1,5.1,0.2579,0.7273,33.4812,0
VH-04892,2023-03-27,15,Medium,4004.9,91.9,0.6975,0.1226,0,2.9,0.6998,0.867,63.7803,0
VH-04893,2022-05-01,4,Medium,1671.3,20.4,0.7222,0.5077,0,9.5,0.3665,0.8243,50.2637,0
VH-04894,2023-10-23,22,Medium,3944.0,81.5,0.4706,0.5191,0,12.7,0.8135,0.9547,19.2253,0
VH-04895,2022-05-31,5,Medium,6035.4,108.1,0.833,0.344,2,6.4,0.3572,0.662,36.0037,1
VH-04896,2022-01-31,1,Medium,5557.8,117.4,0.99,0.3314,1,12.0,0.9543,0.8101,22.2324,0
VH-04897,2022-07-30,7,Light,4369.6,88.5,0.7636,0.1566,1,8.6,0.2294,0.969,59.5245,0
VH-04898,2022-04-01,3,Medium,4865.5,122.3,0.5398,0.363,0,3.7,0.3516,0.6043,43.4932,0
VH-04899,2022-03-02,2,Heavy,3257.6,71.5,0.8701,0.4585,1,5.0,0.7904,0.7752,55.8693,0
VH-04900,2023-04-26,16,Heavy,6936.7,156.0,0.7024,0.5143,4,4.4,0.7889,0.8,15.6484,1
VH-04901,2022-01-01,0,Medium,7601.6,168.6,0.5493,0.3032,0,7.5,0.4162,0.9239,30.0864,0
VH-04902,2023-09-23,21,Medium,4747.2,73.6,0.9624,0.3609,1,6.8,0.8018,0.8912,2.1219,1
VH-04903,2023-08-24,20,Light,8386.0,156.4,0.9761,0.3387,0,3.1,0.2227,0.6955,27.6608,1
VH-04904,2022-09-28,9,Heavy,3479.7,72.5,0.4116,0.1528,0,0.2,0.5964,0.8867,30.7326,0
VH-04905,2023-07-25,19,Heavy,2623.4,62.5,0.862,0.2335,2,19.0,0.3207,0.9112,67.4255,0
VH-04906,2022-11-27,11,Medium,3435.6,72.8,0.8751,0.5112,0,3.0,0.7564,0.6967,26.63,1
VH-04907,2022-12-27,12,Heavy,4170.8,79.7,0.8769,0.1971,1,1.4,0.733,0.7549,38.6055,0
VH-04908,2022-09-28,9,Light,7968.1,173.5,0.5354,0.2299,0,7.3,0.3853,0.9268,35.6928,0
VH-04909,2022-10-28,10,Medium,4078.3,85.7,0.8203,0.1402,0,1.7,0.6845,0.405,24.3469,0
VH-04910,2023-03-27,15,Light,3210.5,83.0,0.8607,0.2682,2,7.0,0.6037,0.5203,29.8975,1
VH-04911,2023-02-25,14,Light,3152.3,80.9,0.6052,0.6539,0,3.6,0.8384,0.7687,22.2555,0
VH-04912,2023-01-26,13,Medium,6210.0,129.7,0.4308,0.717,0,3.2,0.6383,0.5906,43.4655,0
VH-04913,2022-12-27,12,Medium,5996.0,132.5,0.7587,0.2094,1,5.2,0.6206,0.6771,4.3436,1
VH-04914,2022-10-28,10,Heavy,3771.8,88.0,0.8519,0.2004,1,4.5,0.8886,0.7883,32.6966,1
VH-04915,2023-11-22,23,Medium,1686.3,43.8,0.5984,0.206,1,16.5,0.7572,0.7246,18.1043,0
VH-04916,2022-03-02,2,Heavy,2807.1,87.2,0.4936,0.4883,2,9.1,0.8959,0.7132,39.0568,0
VH-04917,2022-07-30,7,Heavy,7081.9,157.0,0.5852,0.2243,0,1.2,0.5806,0.546,24.2448,0
VH-04918,2022-03-02,2,Medium,5533.2,140.5,0.9054,0.2254,0,1.3,0.5963,0.5181,18.8937,0
VH-04919,2023-02-25,14,Heavy,4598.2,84.8,0.5645,0.3445,1,4.8,0.1935,0.823,45.9434,0
VH-04920,2022-01-31,1,Medium,7303.2,152.7,0.5279,0.3932,0,2.0,0.8577,0.7142,43.3615,0
VH-04921,2022-07-30,7,Medium,7437.5,133.2,0.5895,0.1777,1,3.6,0.8917,0.8218,29.4137,0
VH-04922,2022-09-28,9,Light,4446.1,101.1,0.7629,0.517,2,4.2,0.4303,0.6477,37.9531,0
VH-04923,2023-07-25,19,Medium,4473.6,109.1,0.9155,0.233,3,7.1,0.6728,0.6939,25.2824,1
VH-04924,2023-07-25,19,Heavy,3626.9,42.3,0.9051,0.124,1,4.6,0.2239,0.3806,58.0619,0
VH-04925,2022-01-31,1,Medium,4073.1,93.3,0.6262,0.3347,0,3.4,0.5852,0.6253,17.4416,1
VH-04926,2022-06-30,6,Medium,2270.5,59.5,0.5088,0.7049,0,6.1,0.1271,0.6625,33.7317,0
VH-04927,2022-07-30,7,Light,2264.4,58.5,0.2078,0.4499,0,3.8,0.5312,0.6443,43.6605,1
VH-04928,2023-03-27,15,Medium,1916.0,24.6,0.6502,0.3947,0,5.1,0.5645,0.8977,18.0421,0
VH-04929,2022-01-31,1,Heavy,6126.5,147.7,0.7769,0.5655,0,1.1,0.32,0.8819,47.1379,0
VH-04930,2023-11-22,23,Medium,2157.9,48.1,0.8202,0.1394,2,6.3,0.8053,0.6402,26.3084,1
VH-04931,2023-07-25,19,Heavy,7424.9,173.9,0.5769,0.2941,0,8.5,0.2974,0.5963,36.8187,0
VH-04932,2022-05-31,5,Medium,3404.4,73.8,0.56,0.109,0,2.4,0.2025,0.8805,31.3612,0
VH-04933,2023-03-27,15,Heavy,7106.0,163.6,0.8656,0.6461,0,5.9,0.0854,0.6674,21.914,1
VH-04934,2023-11-22,23,Medium,3952.4,104.5,0.7488,0.2179,1,2.0,0.3371,0.8117,27.7673,1
VH-04935,2023-03-27,15,Medium,2150.7,44.7,0.8229,0.3426,1,1.8,0.5508,0.7316,48.5562,0
VH-04936,2022-08-29,8,Light,6425.7,147.1,0.7749,0.451,0,8.2,0.6225,0.9446,45.3266,0
VH-04937,2022-12-27,12,Medium,6602.8,165.5,0.8024,0.4922,0,12.5,0.204,0.8558,61.4741,0
VH-04938,2023-08-24,20,Heavy,3140.9,67.8,0.4624,0.4668,1,3.8,0.7057,0.8254,31.8627,0
VH-04939,2023-07-25,19,Medium,4002.5,72.1,0.8447,0.4792,0,3.5,0.3942,0.9135,56.8343,0
VH-04940,2023-07-25,19,Light,3141.3,79.9,0.5639,0.5094,0,3.4,0.8636,0.8313,25.6473,0
VH-04941,2023-05-26,17,Heavy,4319.2,117.5,0.9483,0.7105,2,3.8,0.3418,0.826,19.2709,1
VH-04942,2023-06-25,18,Light,4661.7,122.9,0.7356,0.2559,1,6.6,0.2632,0.7167,46.306,0
VH-04943,2023-02-25,14,Medium,3972.9,99.0,0.7108,0.1233,1,2.5,0.7479,0.4465,49.39,1
VH-04944,2022-09-28,9,Heavy,1771.7,20.0,0.7801,0.2141,0,6.6,0.5211,0.764,28.0668,0
VH-04945,2023-09-23,21,Medium,3628.7,71.1,0.8617,0.6674,0,5.0,0.4959,0.737,32.7524,0
VH-04946,2023-08-24,20,Heavy,5555.3,114.7,0.7897,0.3797,0,2.9,0.4262,0.7869,53.0095,0
VH-04947,2023-02-25,14,Medium,4186.7,93.7,0.6479,0.34,0,4.4,0.7596,0.7515,60.5129,0
VH-04948,2022-12-27,12,Heavy,4008.8,114.4,0.7936,0.3961,0,5.1,0.5678,0.4814,9.9446,1
VH-04949,2022-10-28,10,Medium,3103.8,52.8,0.4562,0.2344,0,1.5,0.4001,0.8545,22.5487,0
VH-04950,2022-03-02,2,Medium,3584.9,113.3,0.7306,0.2409,0,3.4,0.5455,0.795,58.5365,0
VH-04951,2023-04-26,16,Light,6613.4,141.2,0.776,0.2863,1,2.6,0.6885,0.9105,24.8237,0
VH-04952,2023-07-25,19,Heavy,2790.3,50.5,0.7186,0.3596,2,18.8,0.3324,0.7346,29.6605,0
VH-04953,2022-11-27,11,Light,5581.2,136.7,0.8406,0.3428,1,4.1,0.2111,0.6162,39.3967,0
VH-04954,2022-06-30,6,Heavy,4570.6,115.4,0.6485,0.2339,0,3.7,0.5531,0.4592,48.1213,0
VH-04955,2023-11-22,23,Light,4867.2,117.9,0.5233,0.1616,0,6.7,0.5924,0.7968,31.146,0
VH-04956,2022-03-02,2,Light,3401.5,64.0,0.6638,0.143,0,8.5,0.1947,0.8451,46.8887,0
VH-04957,2023-03-27,15,Heavy,3972.3,95.8,0.5342,0.2728,1,1.2,0.7706,0.8349,50.4899,0
VH-04958,2022-05-31,5,Light,4491.4,84.3,0.6987,0.1728,1,3.6,0.7165,0.5917,26.3543,0
VH-04959,2023-09-23,21,Medium,3719.0,70.7,0.6196,0.4089,1,4.8,0.5669,0.5765,40.9188,0
VH-04960,2023-06-25,18,Heavy,4997.1,109.6,0.6124,0.5214,1,3.2,0.3645,0.8712,36.8734,0
VH-04961,2023-04-26,16,Light,5186.2,102.9,0.5387,0.2899,4,2.2,0.4163,0.8062,35.8227,0
VH-04962,2023-10-23,22,Light,7759.1,188.2,0.4169,0.4845,1,1.0,0.8534,0.8873,24.2594,1
VH-04963,2022-06-30,6,Medium,4917.3,100.6,0.5941,0.4348,0,10.3,0.748,0.7056,3.4438,1
VH-04964,2023-04-26,16,Light,1631.6,33.0,0.2786,0.3596,1,3.6,0.2919,0.8833,53.7885,0
VH-04965,2022-05-31,5,Light,6244.5,125.6,0.5745,0.5714,0,9.6,0.5516,0.9483,23.4021,0
VH-04966,2022-06-30,6,Light,4194.2,108.8,0.573,0.3481,2,8.3,0.2995,0.7699,52.4965,0
VH-04967,2022-09-28,9,Medium,7517.9,157.1,0.6019,0.1319,1,0.8,0.2175,0.7983,30.5039,0
VH-04968,2023-10-23,22,Medium,6706.4,166.2,0.7226,0.5035,2,3.0,0.6394,0.7803,23.4772,1
VH-04969,2023-07-25,19,Light,3742.1,99.2,0.9163,0.6301,0,6.9,0.6464,0.8986,37.7457,1
VH-04970,2022-09-28,9,Medium,5582.9,117.4,0.7641,0.1389,3,3.8,0.5124,0.7825,54.0626,0
VH-04971,2022-06-30,6,Medium,3609.1,80.6,0.8633,0.2926,0,1.3,0.4348,0.7057,37.9478,0
VH-04972,2023-06-25,18,Light,4504.0,93.0,0.7906,0.315,0,8.0,0.4834,0.8164,41.0145,0
VH-04973,2023-09-23,21,Medium,5514.0,130.7,0.7435,0.2432,1,0.7,0.7382,0.8372,29.8675,1
VH-04974,2022-01-01,0,Heavy,6169.5,134.2,0.9819,0.4823,2,2.2,0.4289,0.5625,41.3669,1
VH-04975,2023-05-26,17,Medium,5842.8,123.6,0.7042,0.3966,1,2.7,0.6183,0.6121,57.3836,1
VH-04976,2022-08-29,8,Medium,4612.5,103.2,0.8138,0.647,0,4.4,0.5963,0.5651,13.8705,1
VH-04977,2022-04-01,3,Medium,8225.1,159.0,0.323,0.6414,1,8.3,0.6535,0.6015,18.5098,0
VH-04978,2022-10-28,10,Light,3952.5,86.7,0.7799,0.7439,0,12.6,0.6082,0.8028,18.4086,1
VH-04979,2022-01-01,0,Heavy,2089.2,56.2,0.5568,0.3358,0,3.9,0.7479,0.862,55.9537,0
VH-04980,2022-06-30,6,Heavy,2378.0,54.9,0.494,0.3287,2,4.4,0.6537,0.8566,20.7008,0
VH-04981,2022-09-28,9,Heavy,6711.0,163.4,0.8502,0.3498,0,13.5,0.8308,0.6054,19.8014,1
VH-04982,2023-03-27,15,Light,4385.0,91.8,0.5395,0.5154,0,5.5,0.5564,0.6859,33.443,0
VH-04983,2023-05-26,17,Medium,4738.6,98.4,0.5454,0.5993,0,15.6,0.5075,0.8507,41.9397,1
VH-04984,2022-09-28,9,Light,3686.2,65.2,0.9058,0.4499,0,6.1,0.4557,0.8323,71.8824,0
VH-04985,2022-10-28,10,Medium,3820.9,78.8,0.8125,0.3028,0,8.4,0.5712,0.8316,27.8114,1
VH-04986,2022-01-31,1,Medium,3319.4,103.3,0.7797,0.1207,1,0.8,0.6379,0.8292,50.3327,0
VH-04987,2023-11-22,23,Medium,5206.7,119.8,0.9719,0.2796,1,4.7,0.7179,0.542,21.2543,1
VH-04988,2023-04-26,16,Light,4353.9,88.0,0.8391,0.3319,0,11.6,0.4555,0.7679,43.1602,0
VH-04989,2022-03-02,2,Heavy,5152.5,99.4,0.7075,0.4518,1,1.2,0.4037,0.8562,37.0409,1
VH-04990,2022-05-31,5,Light,5009.2,87.3,0.6673,0.4233,0,3.7,0.8201,0.7011,23.4171,1
VH-04991,2022-09-28,9,Light,3861.2,73.3,0.5657,0.525,2,7.6,0.3009,0.69,27.0405,0
VH-04992,2023-04-26,16,Heavy,2311.9,62.8,0.7958,0.3904,2,6.2,0.4548,0.805,37.4188,0
VH-04993,2023-04-26,16,Heavy,2181.3,42.1,0.6731,0.4546,0,8.1,0.5282,0.7196,40.9657,0
VH-04994,2022-01-01,0,Medium,9000.0,185.6,0.8996,0.679,1,11.2,0.6392,0.6921,16.8948,1
VH-04995,2022-07-30,7,Medium,6717.3,136.5,0.6856,0.6835,0,13.4,0.4509,0.7783,30.8592,1
VH-04996,2023-04-26,16,Light,6510.3,154.4,0.5806,0.6515,1,7.6,0.5782,0.3961,17.7358,1
VH-04997,2022-09-28,9,Light,3488.1,76.3,0.7893,0.418,1,1.8,0.8913,0.9017,65.8961,0
VH-04998,2022-03-02,2,Medium,4514.3,90.9,0.3399,0.5899,1,7.9,0.6838,0.7115,41.1698,0
VH-04999,2023-07-25,19,Medium,3277.0,68.2,0.4297,0.277,0,3.6,0.7557,0.4,51.3946,0
VH-05000,2022-04-01,3,Medium,2531.9,89.4,0.854,0.6585,0,4.8,0.796,0.6734,35.606,1
VH-05001,2022-07-30,7,Light,3616.8,98.7,0.8491,0.4708,0,5.2,0.6774,0.8111,40.0833,1
VH-05002,2023-01-26,13,Medium,6489.3,166.2,0.7121,0.3033,2,12.4,0.8441,0.8171,16.2032,1
VH-05003,2022-12-27,12,Heavy,5761.1,101.7,0.5472,0.5531,2,9.6,0.366,0.751,37.4903,0
VH-05004,2022-05-01,4,Light,3044.9,65.4,0.3845,0.6902,0,1.5,0.8439,0.6152,26.0682,1
VH-05005,2023-11-22,23,Light,4027.8,79.8,0.9071,0.4761,2,5.2,0.339,0.5757,38.8098,0
VH-05006,2023-06-25,18,Medium,5623.7,133.1,0.7582,0.7656,0,4.2,0.3105,0.6464,63.398,0
VH-05007,2023-10-23,22,Heavy,3643.5,96.9,0.4855,0.1423,1,4.3,0.5547,0.8777,50.079,0
VH-05008,2022-05-31,5,Medium,4619.4,107.5,0.7016,0.5753,2,5.8,0.2534,0.7862,42.805,0
VH-05009,2022-03-02,2,Heavy,5102.8,100.3,0.9613,0.8118,1,6.4,0.1932,0.7705,30.9065,0
VH-05010,2022-08-29,8,Medium,5086.4,103.1,0.8985,0.5203,1,1.2,0.2467,0.8871,56.8798,0
VH-05011,2022-01-01,0,Light,4881.2,117.8,0.7308,0.1139,3,1.6,0.2432,0.693,30.7283,0
VH-05012,2023-09-23,21,Medium,3519.5,89.0,0.2873,0.1355,0,7.5,0.4259,0.6988,31.8075,0
VH-05013,2023-03-27,15,Light,3673.5,83.7,0.7986,0.84,1,11.2,0.6364,0.8495,17.4998,1
VH-05014,2023-09-23,21,Heavy,2799.5,64.2,0.6785,0.6207,0,4.5,0.8136,0.7493,27.4402,1
VH-05015,2023-06-25,18,Light,2158.0,48.7,0.7179,0.4296,3,3.5,0.3103,0.7606,22.8074,1
VH-05016,2023-01-26,13,Medium,4327.9,100.2,0.711,0.6313,0,4.2,0.5758,0.4915,31.2589,0
VH-05017,2023-10-23,22,Medium,5724.4,137.9,0.6059,0.1453,1,7.1,0.4876,0.7664,23.1608,0
VH-05018,2022-07-30,7,Medium,2429.6,63.4,0.7822,0.5735,1,6.1,0.8841,0.8091,28.7869,0
VH-05019,2022-03-02,2,Medium,4909.5,109.5,0.6176,0.7572,0,9.7,0.4769,0.7343,25.4414,0
VH-05020,2023-02-25,14,Medium,5676.9,125.4,0.8215,0.4723,1,0.8,0.5591,0.6136,57.0807,1
VH-05021,2023-08-24,20,Heavy,1744.9,37.5,0.7526,0.4815,0,8.1,0.1021,0.8977,61.3135,0
VH-05022,2023-09-23,21,Heavy,4094.1,79.3,0.7651,0.363,2,9.7,0.275,0.5628,39.9595,0
VH-05023,2022-08-29,8,Heavy,6969.3,143.0,0.9715,0.1982,0,3.0,0.4727,0.9173,20.5477,0
VH-05024,2022-08-29,8,Medium,5327.9,126.6,0.7477,0.5987,0,1.5,0.772,0.6603,16.2211,1
VH-05025,2022-10-28,10,Medium,1694.3,27.0,0.8386,0.3169,0,7.9,0.3474,0.5681,53.52,1
VH-05026,2023-04-26,16,Medium,5487.5,134.2,0.6074,0.7649,0,4.6,0.4687,0.8103,60.9708,0
VH-05027,2022-09-28,9,Medium,3378.4,74.3,0.6639,0.0873,1,6.0,0.486,0.5287,31.1491,0
VH-05028,2022-01-31,1,Medium,5537.0,135.3,0.6264,0.2771,2,12.5,0.2699,0.7579,37.6215,0
VH-05029,2023-08-24,20,Medium,3464.9,86.6,0.8095,0.5082,1,6.4,0.4552,0.8184,64.8924,0
VH-05030,2022-08-29,8,Light,4420.5,110.9,0.799,0.5623,0,0.5,0.7847,0.4409,17.0371,1
VH-05031,2023-04-26,16,Light,3693.7,74.9,0.9023,0.3161,0,3.7,0.3158,0.8031,31.2013,0
VH-05032,2022-10-28,10,Heavy,4504.7,106.2,0.4038,0.9482,2,16.5,0.2097,0.8351,56.4679,0
VH-05033,2022-06-30,6,Light,3649.1,92.2,0.7942,0.4365,1,7.0,0.4349,0.8978,47.3557,0
VH-05034,2022-01-31,1,Medium,4164.7,69.3,0.5317,0.2036,1,11.1,0.6055,0.6324,41.6664,1
VH-05035,2022-07-30,7,Medium,2736.6,86.3,0.3544,0.645,0,4.5,0.4099,0.9592,54.5224,0
VH-05036,2022-09-28,9,Light,5236.0,150.3,0.7576,0.3189,1,6.2,0.3302,0.7422,24.3542,1
VH-05037,2023-06-25,18,Heavy,4762.9,120.1,0.8745,0.1841,0,2.8,0.524,0.9509,52.8627,0
VH-05038,2022-03-02,2,Light,2075.2,58.2,0.8877,0.3025,1,1.6,0.4712,0.648,35.299,0
VH-05039,2022-09-28,9,Heavy,5989.4,141.9,0.9815,0.7299,0,4.1,0.7259,0.9369,27.4502,1
VH-05040,2023-06-25,18,Heavy,4235.6,89.3,0.8359,0.5016,0,4.0,0.5702,0.5721,32.3088,1
VH-05041,2023-02-25,14,Light,4742.6,103.7,0.6219,0.5452,0,1.8,0.3869,0.894,17.7019,1
VH-05042,2022-11-27,11,Light,5646.8,140.0,0.6909,0.2369,2,6.2,0.832,0.8191,44.1808,1
VH-05043,2022-07-30,7,Medium,4992.4,96.3,0.5915,0.2905,0,2.6,0.3012,0.8135,12.3864,1
VH-05044,2023-10-23,22,Medium,6247.8,122.9,0.6084,0.4965,0,6.3,0.6877,0.6211,40.7014,1
VH-05045,2023-08-24,20,Light,4060.1,84.3,0.6714,0.2302,2,1.1,0.6495,0.7912,49.4043,1
VH-05046,2022-05-31,5,Heavy,6051.6,144.3,0.5963,0.2994,1,2.9,0.6431,0.8585,34.3098,0
VH-05047,2023-06-25,18,Light,4684.4,91.1,0.8008,0.2671,3,22.8,0.6468,0.3727,15.4369,1
VH-05048,2023-04-26,16,Heavy,5261.5,113.5,0.6042,0.2076,2,1.5,0.7648,0.8613,22.0343,0
VH-05049,2023-05-26,17,Light,5105.4,111.9,0.4551,0.528,1,4.3,0.6927,0.897,29.4139,0
VH-05050,2023-01-26,13,Heavy,6361.1,126.2,0.9434,0.2385,0,3.7,0.3763,0.9832,32.627,0
VH-05051,2023-05-26,17,Light,5582.1,87.5,0.6623,0.4716,1,12.2,0.8082,0.5998,10.2554,1
VH-05052,2022-01-31,1,Medium,3835.6,69.8,0.9406,0.4846,0,2.2,0.535,0.8761,27.9923,0
VH-05053,2022-05-01,4,Medium,3538.1,82.5,0.8361,0.3753,1,8.8,0.5117,0.8608,35.3242,0
VH-05054,2023-01-26,13,Light,4425.4,105.6,0.6995,0.0111,0,4.0,0.5822,0.7949,27.6167,0
VH-05055,2022-07-30,7,Heavy,3359.8,82.1,0.8328,0.8298,2,10.9,0.6284,0.7842,15.5119,1
VH-05056,2022-01-31,1,Medium,2921.7,74.1,0.7146,0.3291,0,6.7,0.6807,0.7262,32.6332,0
VH-05057,2023-01-26,13,Medium,1307.9,20.0,0.4997,0.4101,0,7.6,0.513,0.6585,34.6378,0
VH-05058,2022-04-01,3,Medium,2176.1,35.7,0.5771,0.4859,1,4.4,0.3855,0.3184,42.7738,0
VH-05059,2023-05-26,17,Medium,7478.1,171.8,0.6989,0.1376,1,0.4,0.4798,0.6175,37.0604,0
VH-05060,2023-05-26,17,Light,3515.2,74.9,0.737,0.212,0,5.8,0.5465,0.6585,27.8233,0
VH-05061,2022-01-01,0,Light,7355.2,177.1,0.665,0.5895,0,14.9,0.3188,0.9067,55.3763,1
VH-05062,2022-01-01,0,Light,5104.7,119.2,0.7589,0.6806,0,14.5,0.8051,0.7455,9.2999,1
VH-05063,2022-01-31,1,Medium,4425.4,117.6,0.3774,0.0992,0,6.3,0.7198,0.7934,25.1696,0
VH-05064,2022-04-01,3,Light,2249.1,43.0,0.6438,0.8588,0,3.9,0.5225,0.7478,51.3347,1
VH-05065,2023-04-26,16,Heavy,4507.0,116.2,0.8849,0.3683,1,3.9,0.8874,0.6467,29.5566,1
VH-05066,2022-07-30,7,Medium,7338.3,193.6,0.6581,0.2634,0,7.1,0.3812,0.7458,42.7319,0
VH-05067,2023-11-22,23,Medium,6836.5,152.7,0.8146,0.132,2,11.8,0.9549,0.635,11.6818,1
VH-05068,2023-02-25,14,Medium,4911.4,116.6,0.9025,0.1234,0,4.1,0.3999,0.8599,63.8123,0
VH-05069,2023-03-27,15,Medium,2777.0,47.8,0.9541,0.3581,0,4.8,0.5373,0.7441,43.2897,0
VH-05070,2023-09-23,21,Medium,3064.3,81.5,0.6204,0.1171,0,8.7,0.4173,0.3682,33.5453,0
VH-05071,2022-07-30,7,Medium,3221.1,88.5,0.907,0.6185,1,10.6,0.5209,0.6532,38.8047,1
VH-05072,2022-05-31,5,Medium,6417.2,135.2,0.8102,0.3942,0,7.8,0.843,0.8483,41.8154,1
VH-05073,2023-11-22,23,Medium,6947.6,163.2,0.7061,0.3289,0,0.9,0.5386,0.5688,27.455,1
VH-05074,2023-08-24,20,Medium,4793.8,110.7,0.5636,0.4854,1,1.1,0.6842,0.9388,45.0428,0
VH-05075,2022-04-01,3,Heavy,4045.4,95.8,0.6296,0.1899,2,3.6,0.7372,0.7097,23.3916,0
VH-05076,2022-05-31,5,Light,6823.1,163.8,0.8926,0.6123,0,2.9,0.328,0.5773,5.2401,1
VH-05077,2022-11-27,11,Medium,3032.1,75.2,0.7639,0.5204,0,2.6,0.6009,0.9574,27.4579,0
VH-05078,2022-09-28,9,Light,4577.7,99.6,0.5431,0.1541,0,12.3,0.4023,0.7421,31.6344,0
VH-05079,2022-08-29,8,Medium,5194.4,127.9,0.7256,0.1501,1,4.6,0.4561,0.8319,65.177,0
VH-05080,2022-03-02,2,Heavy,3205.8,87.9,0.7689,0.4126,1,3.4,0.1208,0.7451,22.3041,0
VH-05081,2022-05-31,5,Light,3546.1,70.5,0.7529,0.1447,1,9.8,0.6039,0.7242,53.9958,0
VH-05082,2023-10-23,22,Medium,3429.4,76.2,0.6895,0.2195,1,7.6,0.4652,0.8875,42.4908,0
VH-05083,2022-09-28,9,Medium,6625.1,120.7,0.9282,0.7277,1,1.8,0.6829,0.8385,34.8601,0
VH-05084,2022-01-31,1,Light,7371.6,172.6,0.7934,0.3846,2,8.3,0.8725,0.7167,16.4663,1
VH-05085,2023-11-22,23,Heavy,4672.2,122.2,0.7398,0.4378,0,4.4,0.3574,0.3098,15.9633,1
VH-05086,2022-11-27,11,Medium,4097.7,87.2,0.8808,0.4879,0,3.8,0.5346,0.6269,7.0321,1
VH-05087,2023-10-23,22,Heavy,3600.2,82.0,0.3873,0.3751,1,9.5,0.4935,0.6954,24.7208,0
VH-05088,2023-04-26,16,Medium,4502.6,96.8,0.5751,0.4047,0,7.0,0.4552,0.84,22.1143,0
VH-05089,2023-11-22,23,Heavy,3674.7,75.9,0.7837,0.5931,2,9.5,0.5445,0.771,30.7546,0
VH-05090,2023-01-26,13,Medium,4354.5,100.2,0.8422,0.7311,3,9.3,0.4514,0.8147,51.0364,1
VH-05091,2023-06-25,18,Medium,5119.8,102.0,0.4976,0.1794,0,7.6,0.4062,0.6894,20.4955,0
VH-05092,2022-11-27,11,Heavy,3892.0,83.0,0.6304,0.7043,1,2.0,0.4135,0.6839,18.4431,0
VH-05093,2023-08-24,20,Medium,4215.6,80.1,0.5042,0.6798,0,13.7,0.7875,0.5195,28.2859,1
VH-05094,2022-01-01,0,Medium,4221.8,102.7,0.9436,0.3127,1,3.9,0.8282,0.6495,41.3121,0
VH-05095,2022-12-27,12,Heavy,4023.7,93.0,0.4834,0.6147,0,1.1,0.7047,0.7405,27.1879,0
VH-05096,2023-03-27,15,Medium,3837.8,78.8,0.783,0.4882,0,10.1,0.6526,0.4205,27.1506,0
VH-05097,2022-09-28,9,Medium,5643.3,126.0,0.8753,0.3255,0,3.3,0.6554,0.8298,33.2493,0
VH-05098,2022-07-30,7,Medium,1843.9,37.7,0.8553,0.3763,0,11.1,0.2622,0.7145,31.7002,0
VH-05099,2023-06-25,18,Heavy,6861.4,169.6,0.9364,0.5813,2,5.1,0.5672,0.7437,9.533,1
VH-05100,2022-08-29,8,Heavy,4703.3,97.9,0.7371,0.2254,1,8.2,0.3037,0.5931,37.5651,0
VH-05101,2022-08-29,8,Medium,5415.0,129.9,0.9151,0.1729,1,9.8,0.9435,0.7232,26.9223,1
VH-05102,2022-05-31,5,Medium,5587.6,113.6,0.8397,0.6545,6,5.0,0.2336,0.7777,32.0918,0
VH-05103,2023-07-25,19,Light,3437.9,88.6,0.831,0.0479,0,3.6,0.3666,0.6653,46.99,0
VH-05104,2023-01-26,13,Medium,3128.5,85.1,0.8179,0.3042,1,1.2,0.4074,0.848,17.5066,1
VH-05105,2023-09-23,21,Heavy,2951.6,81.9,0.8252,0.5263,0,1.3,0.956,0.2652,16.333,1
VH-05106,2022-06-30,6,Medium,4129.4,113.8,0.7245,0.1637,1,4.7,0.5384,0.7598,57.4924,0
VH-05107,2022-04-01,3,Light,5548.8,127.7,0.8651,0.1591,0,2.1,0.7196,0.6265,33.3957,1
VH-05108,2022-10-28,10,Medium,3624.4,99.1,0.6813,0.2885,0,7.6,0.7819,0.5581,21.7702,1
VH-05109,2023-10-23,22,Medium,5411.9,144.6,0.4367,0.0254,0,1.4,0.4208,0.7486,19.008,0
VH-05110,2022-12-27,12,Heavy,948.1,20.0,0.9242,0.1111,0,3.5,0.4992,0.7578,40.5747,0
VH-05111,2022-05-31,5,Light,3921.6,78.1,0.766,0.7068,2,1.5,0.5018,0.8793,43.2719,1
VH-05112,2022-03-02,2,Medium,6250.7,116.5,0.6304,0.4672,0,6.2,0.4595,0.6411,43.1818,0
VH-05113,2022-10-28,10,Heavy,4243.5,110.2,0.6567,0.4744,0,8.0,0.5434,0.508,35.0727,1
VH-05114,2023-01-26,13,Heavy,3256.3,49.7,0.6423,0.1782,2,4.7,0.7969,0.6822,37.9093,1
VH-05115,2022-05-01,4,Light,3514.7,51.4,0.8057,0.6514,1,6.4,0.5221,0.8691,51.2795,0
VH-05116,2022-11-27,11,Heavy,800.0,20.0,0.84,0.266,0,5.7,0.4827,0.7633,39.9873,0
VH-05117,2022-05-01,4,Medium,2982.3,40.2,0.9433,0.4779,1,1.6,0.3803,0.6019,54.1138,0
VH-05118,2023-04-26,16,Heavy,6085.9,139.3,0.6573,0.3428,1,3.4,0.5234,0.7714,47.3571,1
VH-05119,2023-10-23,22,Light,3626.1,64.3,0.8887,0.6335,1,19.8,0.2216,0.6754,57.2353,1
VH-05120,2022-04-01,3,Medium,3803.2,59.2,0.3948,0.1677,0,0.9,0.3592,0.8799,66.9218,0
VH-05121,2023-03-27,15,Medium,1002.3,21.6,0.8141,0.1382,0,2.7,0.3484,0.8818,50.4248,0
VH-05122,2023-09-23,21,Medium,2053.7,45.9,0.7537,0.4698,1,11.2,0.3995,0.8114,31.0925,0
VH-05123,2022-05-01,4,Medium,6285.1,111.6,0.6086,0.545,4,4.2,0.3711,0.5499,19.8048,0
VH-05124,2023-02-25,14,Medium,5425.9,109.9,0.99,0.1372,1,3.0,0.7116,0.5447,41.0,1
VH-05125,2023-09-23,21,Medium,2553.8,55.6,0.3385,0.1058,0,8.7,0.3816,0.7412,49.2302,0
VH-05126,2022-03-02,2,Light,3554.1,73.6,0.573,0.4205,0,3.2,0.7197,0.7141,47.788,0
VH-05127,2022-07-30,7,Medium,4456.2,94.1,0.7569,0.2901,2,0.4,0.9081,0.9777,40.7963,0
VH-05128,2022-12-27,12,Light,2705.8,77.8,0.8526,0.1874,2,3.4,0.3827,0.6489,64.159,0
VH-05129,2022-04-01,3,Heavy,1493.8,65.4,0.3995,0.5419,0,1.9,0.3978,0.8352,48.5725,0
VH-05130,2023-02-25,14,Heavy,4261.2,90.0,0.7172,0.3011,0,5.6,0.4363,0.704,34.31,1
VH-05131,2022-03-02,2,Medium,5358.9,99.3,0.8325,0.8179,0,10.0,0.6287,0.8204,13.7923,1
VH-05132,2022-07-30,7,Light,5387.8,116.2,0.7958,0.6449,0,12.9,0.2648,0.9043,38.902,0
VH-05133,2022-08-29,8,Light,5812.9,132.1,0.6535,0.5793,0,1.5,0.9418,0.6237,14.486,1
VH-05134,2023-03-27,15,Medium,2169.7,47.4,0.8487,0.6058,0,3.2,0.7401,0.5696,19.7872,1
VH-05135,2022-01-01,0,Heavy,4586.9,111.1,0.9598,0.4812,1,3.6,0.7004,0.8087,2.4651,1
VH-05136,2022-09-28,9,Medium,4097.3,124.2,0.8695,0.6454,3,7.9,0.5277,0.8338,29.0094,1
VH-05137,2022-01-31,1,Light,4369.2,71.4,0.6433,0.2855,1,5.1,0.7813,0.895,19.7269,0
VH-05138,2022-08-29,8,Light,4182.3,85.3,0.9843,0.7337,2,4.3,0.9572,0.7232,9.324,1
VH-05139,2022-06-30,6,Light,3509.3,101.1,0.5339,0.4873,1,8.9,0.7122,0.8495,71.1112,0
VH-05140,2022-11-27,11,Heavy,800.0,20.0,0.8617,0.3396,2,2.9,0.7118,0.5968,46.2478,0
VH-05141,2023-11-22,23,Medium,6242.7,150.6,0.5194,0.211,1,3.4,0.1497,0.8448,71.8473,0
VH-05142,2023-07-25,19,Medium,4995.0,120.5,0.4616,0.5218,0,7.4,0.4323,0.502,25.4789,0
VH-05143,2022-07-30,7,Medium,2273.6,69.1,0.6988,0.5851,1,4.9,0.7384,0.8846,29.4535,0
VH-05144,2022-08-29,8,Heavy,5209.7,144.5,0.5777,0.5058,0,4.9,0.294,0.6006,30.4292,1
VH-05145,2022-07-30,7,Medium,3829.0,90.1,0.6872,0.6103,0,8.3,0.54,0.8622,52.8433,0
VH-05146,2023-01-26,13,Heavy,3871.5,59.8,0.8235,0.2408,0,3.0,0.6427,0.8843,23.1324,0
VH-05147,2023-02-25,14,Heavy,3347.4,63.9,0.6946,0.6966,1,12.2,0.4657,0.5835,23.4977,0
VH-05148,2022-01-31,1,Medium,5305.4,150.7,0.8554,0.204,0,3.6,0.5041,0.8847,65.339,0
VH-05149,2022-05-31,5,Heavy,3300.3,52.1,0.8256,0.6361,2,3.6,0.6368,0.818,51.7095,1
VH-05150,2022-06-30,6,Medium,2854.7,70.9,0.4016,0.6578,3,1.8,0.3409,0.5838,39.949,0
VH-05151,2022-05-01,4,Medium,6197.6,100.0,0.5381,0.3948,0,2.9,0.4839,0.5638,38.5903,0
VH-05152,2022-05-01,4,Light,4231.7,73.8,0.7404,0.3954,1,5.4,0.5459,0.7737,37.6046,0
VH-05153,2023-09-23,21,Medium,4278.8,108.4,0.865,0.286,1,7.7,0.3511,0.9224,29.2962,0
VH-05154,2022-07-30,7,Light,5538.7,123.6,0.8062,0.5354,0,5.3,0.6887,0.8525,71.2229,0
VH-05155,2023-04-26,16,Light,3498.6,72.1,0.6211,0.2351,2,2.4,0.7112,0.7069,38.808,0
VH-05156,2023-04-26,16,Light,3797.8,72.2,0.7308,0.4715,0,3.7,0.7269,0.7672,35.7695,1
VH-05157,2023-04-26,16,Medium,4958.6,80.2,0.5549,0.339,1,1.7,0.6701,0.805,25.9665,0
VH-05158,2023-03-27,15,Medium,2187.9,59.0,0.9308,0.4473,0,5.8,0.5499,0.5295,31.844,0
VH-05159,2023-04-26,16,Medium,4831.6,103.1,0.5779,0.6883,1,4.7,0.2262,0.7682,64.0384,0
VH-05160,2022-01-31,1,Medium,3366.4,52.0,0.7546,0.6257,2,9.5,0.4596,0.8768,20.4709,1
VH-05161,2023-02-25,14,Heavy,5783.2,129.0,0.6298,0.284,0,1.9,0.2468,0.6423,56.3269,0
VH-05162,2023-07-25,19,Heavy,5320.0,126.9,0.549,0.259,1,11.0,0.6615,0.4232,11.5221,1
VH-05163,2022-06-30,6,Light,5121.8,110.8,0.7043,0.3179,0,1.6,0.6889,0.5722,25.4897,1
VH-05164,2023-03-27,15,Medium,2089.6,48.2,0.6696,0.5638,1,7.3,0.909,0.4237,32.0353,1
VH-05165,2023-11-22,23,Medium,4344.9,97.1,0.6213,0.6362,1,13.2,0.3339,0.663,45.6316,1
VH-05166,2022-09-28,9,Heavy,2734.1,50.2,0.4793,0.4799,0,2.4,0.3903,0.6956,50.1308,0
VH-05167,2022-05-01,4,Medium,4444.7,99.6,0.4925,0.3336,0,4.0,0.6327,0.9298,52.9,0
VH-05168,2022-08-29,8,Heavy,1027.1,33.9,0.7835,0.6048,2,2.0,0.4941,0.8109,30.6901,1
VH-05169,2022-03-02,2,Light,2188.8,64.2,0.7291,0.1505,0,2.5,0.7626,0.847,29.6358,0
VH-05170,2023-04-26,16,Medium,6283.6,151.5,0.5684,0.956,1,0.7,0.5567,0.6564,25.9427,0
VH-05171,2022-09-28,9,Heavy,5053.6,102.2,0.7594,0.4527,1,2.1,0.3489,0.7912,61.8383,0
VH-05172,2022-09-28,9,Medium,3969.3,97.7,0.7406,0.4842,1,2.3,0.5208,0.5297,41.4288,1
VH-05173,2023-10-23,22,Heavy,3136.9,76.7,0.5389,0.8806,2,12.5,0.77,0.6287,23.358,1
VH-05174,2022-10-28,10,Light,2873.6,53.2,0.6126,0.3496,3,2.5,0.7437,0.7129,27.0179,0
VH-05175,2023-05-26,17,Light,4800.2,99.7,0.497,0.1307,1,9.9,0.6603,0.7595,19.335,0
VH-05176,2023-01-26,13,Light,3984.6,98.7,0.7478,0.4281,0,2.4,0.5218,0.4855,13.7243,1
VH-05177,2023-11-22,23,Light,6820.0,172.2,0.4302,0.562,0,3.9,0.8528,0.5583,12.365,1
VH-05178,2022-05-01,4,Light,4222.9,66.7,0.8779,0.3867,0,5.5,0.3505,0.8849,59.2287,0
VH-05179,2023-08-24,20,Medium,4588.1,126.6,0.6144,0.2792,1,7.4,0.2521,0.867,50.397,0
VH-05180,2023-04-26,16,Medium,2417.2,71.2,0.6636,0.2366,0,1.0,0.5033,0.3149,42.3947,0
VH-05181,2023-03-27,15,Medium,3959.0,91.0,0.6543,0.4604,0,2.3,0.2885,0.7766,35.2844,0
VH-05182,2023-10-23,22,Medium,4765.5,102.3,0.7869,0.2396,0,8.6,0.2464,0.7687,53.5234,0
VH-05183,2023-09-23,21,Light,3940.8,93.4,0.6034,0.7531,1,3.1,0.5157,0.746,34.8004,0
VH-05184,2022-03-02,2,Medium,3771.6,74.2,0.8169,0.3222,0,10.4,0.6003,0.6599,36.2098,0
VH-05185,2022-04-01,3,Light,4990.4,108.2,0.4982,0.5057,0,4.3,0.2113,0.7507,32.3096,0
VH-05186,2023-02-25,14,Heavy,6772.2,128.4,0.7538,0.2693,1,12.7,0.5599,0.6078,27.2992,1
VH-05187,2022-05-01,4,Light,4717.5,78.7,0.6673,0.3094,1,17.5,0.4705,0.5311,56.9566,0
VH-05188,2022-04-01,3,Medium,6216.3,173.1,0.6593,0.5819,0,13.1,0.7012,0.6655,0.7011,1
VH-05189,2022-01-31,1,Heavy,5432.4,121.7,0.7031,0.5742,1,5.3,0.6181,0.6699,24.4735,0
VH-05190,2023-03-27,15,Medium,6126.5,139.2,0.4822,0.4916,0,3.5,0.5191,0.8752,43.8237,0
VH-05191,2023-02-25,14,Medium,3585.4,79.2,0.5495,0.3298,0,5.6,0.5606,0.7224,67.7412,0
VH-05192,2023-06-25,18,Medium,4189.6,80.7,0.7163,0.3742,2,1.8,0.1771,0.8299,61.7285,0
VH-05193,2023-10-23,22,Light,4195.8,88.6,0.7432,0.3249,0,13.2,0.4554,0.617,38.7323,0
VH-05194,2022-04-01,3,Medium,5319.4,119.6,0.8813,0.3699,1,1.4,0.4081,0.6567,62.2179,0
VH-05195,2022-11-27,11,Heavy,5688.6,123.5,0.8053,0.4032,0,5.3,0.8329,0.9373,20.76,0
VH-05196,2023-01-26,13,Heavy,4687.6,92.9,0.6935,0.3612,0,14.1,0.6367,0.8446,62.1364,1
VH-05197,2022-10-28,10,Medium,5815.1,136.4,0.7798,0.5791,0,6.3,0.6669,0.9303,21.3248,0
VH-05198,2023-07-25,19,Medium,3655.0,84.0,0.9486,0.2332,0,2.6,0.5033,0.6741,30.4146,0
VH-05199,2023-05-26,17,Heavy,5828.1,135.4,0.7741,0.1303,0,4.4,0.645,0.8336,35.5112,1
VH-05200,2023-02-25,14,Medium,6023.7,144.4,0.5532,0.5307,2,4.3,0.3157,0.8993,69.6292,0
VH-05201,2022-05-01,4,Medium,5516.2,120.0,0.975,0.8191,2,5.0,0.9532,0.9687,10.5656,1
VH-05202,2023-08-24,20,Light,4701.3,101.9,0.5354,0.2038,2,9.6,0.5737,0.5666,20.7012,1
VH-05203,2022-11-27,11,Light,5570.0,146.0,0.3591,0.471,1,8.1,0.7715,0.6653,25.5128,1
VH-05204,2023-07-25,19,Medium,3159.0,56.0,0.8583,0.4648,0,1.0,0.6587,0.6695,32.0066,0
VH-05205,2022-12-27,12,Light,4797.5,78.5,0.7407,0.4548,0,9.6,0.1921,0.5465,52.3389,1
VH-05206,2023-01-26,13,Light,4950.8,118.4,0.8303,0.5111,0,2.8,0.4913,0.8959,34.8715,0
VH-05207,2022-12-27,12,Light,2505.7,46.2,0.6359,0.2897,3,0.9,0.4217,0.6526,65.47,0
VH-05208,2023-10-23,22,Heavy,5211.9,99.7,0.5726,0.6605,0,8.4,0.6322,0.8101,51.738,0
VH-05209,2023-03-27,15,Light,2626.8,71.7,0.679,0.3033,0,6.8,0.6074,0.8974,30.5798,0
VH-05210,2022-08-29,8,Light,3858.1,83.6,0.7537,0.1146,1,1.2,0.6043,0.9361,25.752,0
VH-05211,2022-01-31,1,Medium,4559.6,82.4,0.6752,0.4026,0,3.8,0.7279,0.5549,68.0483,0
VH-05212,2022-04-01,3,Light,3403.9,104.7,0.6204,0.567,1,3.3,0.6839,0.5283,32.0293,1
VH-05213,2023-04-26,16,Heavy,4623.8,78.6,0.9696,0.4689,2,2.5,0.1714,0.6092,46.9817,1
VH-05214,2022-10-28,10,Heavy,4599.8,100.9,0.4232,0.1868,2,5.5,0.5544,0.6127,14.7102,1
VH-05215,2022-01-31,1,Medium,3269.7,44.3,0.7897,0.5308,0,7.1,0.6188,0.4544,48.8218,1
VH-05216,2023-08-24,20,Medium,5352.0,123.0,0.7231,0.7039,2,6.5,0.4569,0.875,43.7888,1
VH-05217,2022-07-30,7,Medium,3353.8,64.9,0.5643,0.6452,0,3.8,0.2561,0.9662,40.27,0
VH-05218,2022-11-27,11,Light,7932.0,188.6,0.7016,0.0724,0,3.4,0.56,0.5717,29.9202,1
VH-05219,2022-11-27,11,Medium,4335.8,96.1,0.5436,0.5115,0,15.6,0.7345,0.8214,23.3179,0
VH-05220,2023-09-23,21,Light,2743.1,81.2,0.8274,0.3935,0,8.6,0.5986,0.8868,34.2636,0
VH-05221,2022-06-30,6,Light,3023.5,60.7,0.7098,0.2521,3,1.8,0.3773,0.3864,40.1378,1
VH-05222,2023-06-25,18,Medium,6221.4,114.2,0.6285,0.3469,1,1.8,0.8489,0.679,31.2597,0
VH-05223,2023-07-25,19,Light,3886.3,89.9,0.7284,0.2657,0,4.9,0.891,0.6215,63.5529,0
VH-05224,2022-07-30,7,Light,2454.4,50.8,0.9127,0.6688,0,4.8,0.2867,0.9311,30.3019,0
VH-05225,2022-01-01,0,Medium,5780.6,101.2,0.5028,0.3525,1,9.9,0.6307,0.9,34.817,0
VH-05226,2022-03-02,2,Medium,3876.6,70.3,0.7992,0.5799,1,5.7,0.3265,0.8182,63.6097,0
VH-05227,2022-10-28,10,Light,5480.1,110.7,0.7769,0.5212,0,3.8,0.5424,0.9543,35.7784,1
VH-05228,2022-03-02,2,Light,5903.3,154.5,0.7388,0.0871,0,5.5,0.7671,0.5986,10.4424,1
VH-05229,2022-07-30,7,Light,4911.7,119.8,0.8081,0.315,0,6.4,0.3905,0.6377,25.6675,1
VH-05230,2023-05-26,17,Light,8093.9,174.6,0.7792,0.766,0,8.3,0.3518,0.602,8.0945,1
VH-05231,2023-08-24,20,Heavy,1912.9,49.6,0.5965,0.0698,0,4.4,0.2536,0.7095,64.0771,0
VH-05232,2022-01-01,0,Heavy,3273.1,42.1,0.5679,0.2787,1,7.0,0.6573,0.8166,27.1931,0
VH-05233,2023-07-25,19,Medium,4116.1,83.0,0.9209,0.5688,1,1.3,0.191,0.4288,25.1867,0
VH-05234,2022-07-30,7,Medium,7891.8,181.4,0.6018,0.4835,0,3.8,0.2959,0.7237,59.2447,0
VH-05235,2023-07-25,19,Heavy,7197.0,162.4,0.6155,0.4321,1,3.2,0.5643,0.8457,12.1042,1
VH-05236,2022-05-01,4,Medium,6433.0,134.9,0.8619,0.5035,0,5.1,0.5557,0.6714,24.7256,1
VH-05237,2023-09-23,21,Light,3308.8,73.0,0.9695,0.0383,1,2.4,0.4454,0.6924,29.2579,0
VH-05238,2022-06-30,6,Light,3483.7,82.5,0.4313,0.1052,1,5.1,0.4635,0.5626,23.1395,0
VH-05239,2023-05-26,17,Medium,3257.2,72.2,0.4886,0.2562,0,5.5,0.4035,0.8595,42.5064,0
VH-05240,2023-09-23,21,Medium,3324.9,86.8,0.777,0.1189,0,2.4,0.1062,0.8759,23.0081,0
VH-05241,2022-07-30,7,Light,6739.1,154.5,0.8311,0.5158,0,2.2,0.8553,0.6182,5.7912,1
VH-05242,2022-10-28,10,Medium,4134.3,99.5,0.9135,0.5708,0,2.8,0.6758,0.7132,24.0338,1
VH-05243,2023-11-22,23,Medium,4332.8,122.0,0.7712,0.6866,2,3.1,0.1891,0.5335,39.5718,1
VH-05244,2023-04-26,16,Medium,5661.6,138.2,0.7685,0.1207,1,10.0,0.7437,0.3464,16.5414,1
VH-05245,2023-05-26,17,Medium,2004.7,70.7,0.4585,0.7068,2,9.0,0.518,0.8772,53.9141,0
VH-05246,2023-09-23,21,Medium,4579.0,91.7,0.5987,0.8053,3,12.1,0.4497,0.8925,20.5558,1
VH-05247,2023-11-22,23,Medium,2854.7,39.6,0.893,0.6305,0,5.3,0.5803,0.948,68.0556,0
VH-05248,2022-01-01,0,Light,4058.4,88.1,0.7058,0.2861,1,9.5,0.785,0.4253,27.7586,1
VH-05249,2023-10-23,22,Light,3620.4,77.1,0.6922,0.2686,1,5.8,0.6819,0.5112,42.4034,1
VH-05250,2022-12-27,12,Heavy,3543.0,100.6,0.8825,0.3991,1,7.2,0.4015,0.7633,18.5656,0
VH-05251,2023-04-26,16,Medium,4838.4,90.6,0.8735,0.615,0,21.4,0.3964,0.4897,16.2373,1
VH-05252,2023-11-22,23,Light,4831.8,106.2,0.6451,0.0884,0,3.8,0.3596,0.8892,68.9477,0
VH-05253,2022-01-01,0,Medium,4170.3,98.8,0.6763,0.3105,0,1.9,0.4459,0.8725,57.1996,0
VH-05254,2022-01-01,0,Heavy,5056.0,113.9,0.789,0.705,0,6.4,0.6864,0.7998,28.4253,1
VH-05255,2022-12-27,12,Heavy,3197.1,68.5,0.8769,0.4161,1,3.1,0.3062,0.8691,59.7606,0
VH-05256,2022-01-01,0,Heavy,5522.4,128.1,0.6997,0.4681,1,3.1,0.8915,0.9057,18.4238,0
VH-05257,2023-07-25,19,Medium,4190.7,109.3,0.8344,0.3904,0,1.2,0.3145,0.8707,45.78,0
VH-05258,2022-06-30,6,Medium,3774.5,106.9,0.6658,0.4762,0,4.1,0.3896,0.7026,61.0752,0
VH-05259,2023-03-27,15,Medium,3307.9,74.0,0.8211,0.6946,1,4.1,0.6096,0.8991,19.8213,1
VH-05260,2022-04-01,3,Light,4137.9,79.7,0.6845,0.2777,2,10.7,0.6086,0.9807,27.1901,0
VH-05261,2022-12-27,12,Medium,7306.0,185.4,0.5847,0.4242,2,5.4,0.4451,0.6491,17.5602,1
VH-05262,2023-04-26,16,Medium,4405.0,81.7,0.8453,0.2196,0,2.5,0.432,0.648,42.4903,0
VH-05263,2023-02-25,14,Light,2783.4,88.7,0.6209,0.3726,1,4.5,0.7414,0.6015,43.2189,0
VH-05264,2022-04-01,3,Heavy,5878.2,150.8,0.8917,0.6242,1,4.5,0.5038,0.7572,9.2159,1
VH-05265,2022-09-28,9,Medium,3792.1,106.6,0.3905,0.3012,0,6.0,0.57,0.7926,63.7662,0
VH-05266,2022-05-31,5,Light,4925.6,119.7,0.7421,0.1613,1,3.0,0.4604,0.5496,60.3334,1
VH-05267,2022-09-28,9,Medium,3591.5,48.1,0.777,0.6042,2,2.7,0.4788,0.686,20.5534,1
VH-05268,2022-10-28,10,Heavy,6421.2,127.1,0.7109,0.2707,0,10.2,0.8484,0.6709,16.3397,1
VH-05269,2022-05-01,4,Heavy,3613.9,84.9,0.7588,0.2724,0,9.2,0.2585,0.5504,18.7104,0
VH-05270,2023-07-25,19,Medium,6596.8,136.5,0.8107,0.0695,0,2.6,0.4438,0.3155,53.1996,0
VH-05271,2023-01-26,13,Heavy,2926.1,60.3,0.6136,0.2959,2,3.9,0.5886,0.659,19.6398,0
VH-05272,2022-04-01,3,Heavy,4060.6,99.4,0.8024,0.1866,1,4.3,0.1744,0.4476,51.0009,0
VH-05273,2022-05-31,5,Heavy,6600.0,144.1,0.8329,0.5172,3,17.1,0.3587,0.9358,26.4312,1
VH-05274,2022-04-01,3,Heavy,4752.3,87.3,0.8844,0.7998,0,1.0,0.4313,0.5672,4.5907,1
VH-05275,2022-01-01,0,Medium,7907.2,189.0,0.8081,0.3529,1,4.8,0.5904,0.8293,44.0819,0
VH-05276,2023-07-25,19,Heavy,4096.3,98.8,0.7068,0.1649,1,6.6,0.2277,0.655,35.6972,0
VH-05277,2022-06-30,6,Medium,4885.6,104.8,0.8043,0.7762,0,2.5,0.3231,0.8082,34.7566,1
VH-05278,2023-08-24,20,Heavy,7357.7,174.2,0.9109,0.4763,1,8.7,0.8651,0.6665,4.636,1
VH-05279,2023-08-24,20,Light,2229.1,51.0,0.632,0.8948,1,16.6,0.761,0.578,21.3254,1
VH-05280,2022-06-30,6,Heavy,2043.4,65.4,0.7958,0.2242,1,2.3,0.6743,0.5179,10.1977,1
VH-05281,2023-09-23,21,Heavy,3306.7,75.8,0.6454,0.563,0,14.6,0.7299,0.4838,55.7189,1
VH-05282,2022-11-27,11,Medium,5720.1,147.0,0.6491,0.1757,2,0.3,0.7424,0.7219,24.383,0
VH-05283,2022-09-28,9,Heavy,2085.2,20.0,0.7534,0.2573,1,4.9,0.4523,0.6867,34.9565,0
VH-05284,2022-09-28,9,Medium,5395.6,126.8,0.6025,0.1025,2,8.1,0.4967,0.681,7.8314,1
VH-05285,2023-01-26,13,Light,5290.1,111.6,0.9818,0.4276,0,14.3,0.525,0.8511,6.8125,1
VH-05286,2022-05-01,4,Light,7521.6,154.3,0.8009,0.5533,0,4.5,0.6448,0.8068,47.6015,0
VH-05287,2022-01-01,0,Heavy,6068.2,152.2,0.7335,0.3495,0,8.4,0.4382,0.7873,13.9067,1
VH-05288,2022-12-27,12,Medium,5046.1,125.5,0.7114,0.5661,2,4.4,0.54,0.8809,37.0548,0
VH-05289,2022-09-28,9,Medium,6538.7,115.2,0.8794,0.3948,1,8.0,0.7508,0.8828,23.677,1
VH-05290,2023-01-26,13,Medium,5308.4,128.7,0.6621,0.0826,2,6.2,0.3962,0.4878,62.229,0
VH-05291,2022-01-01,0,Medium,3809.9,93.6,0.7088,0.218,1,7.3,0.7763,0.7087,12.3214,1
VH-05292,2022-05-01,4,Medium,2783.1,51.0,0.6947,0.2614,1,3.5,0.1837,0.6313,62.0696,0
VH-05293,2022-03-02,2,Heavy,3646.0,68.5,0.4298,0.5618,2,0.8,0.6609,0.588,64.6765,0
VH-05294,2022-04-01,3,Medium,4439.9,74.8,0.7453,0.1943,0,9.5,0.1981,0.6674,54.8588,0
VH-05295,2022-09-28,9,Heavy,4762.5,100.8,0.7634,0.2961,2,5.2,0.5582,0.6736,34.3054,0
VH-05296,2023-04-26,16,Medium,1297.2,26.2,0.7798,0.5209,0,6.3,0.1703,0.7252,68.5986,0
VH-05297,2022-07-30,7,Heavy,4170.7,104.6,0.7516,0.4188,1,9.4,0.1697,0.5031,33.5134,0
VH-05298,2022-08-29,8,Light,4542.9,105.0,0.3641,0.6044,0,3.5,0.5332,0.7198,48.5719,0
VH-05299,2022-10-28,10,Medium,5321.3,102.4,0.4909,0.7363,3,12.0,0.2477,0.561,53.6128,0
VH-05300,2022-01-31,1,Light,6940.2,157.8,0.7955,0.2242,3,2.7,0.4276,0.878,24.7688,1
VH-05301,2022-01-31,1,Medium,4778.5,102.4,0.6956,0.5785,0,7.2,0.8719,0.476,24.0371,1
VH-05302,2022-07-30,7,Medium,3135.7,55.7,0.8329,0.4289,3,3.8,0.8831,0.8205,28.8189,1
VH-05303,2023-08-24,20,Heavy,1772.9,20.0,0.8498,0.7583,0,5.6,0.616,0.6728,26.862,1
VH-05304,2023-10-23,22,Medium,5530.5,132.3,0.7861,0.1914,1,1.9,0.7662,0.5227,31.7213,1
VH-05305,2022-10-28,10,Light,3196.4,77.7,0.3913,0.3935,1,3.8,0.2507,0.5637,45.0366,0
VH-05306,2022-03-02,2,Medium,5800.3,137.2,0.9399,0.2666,1,4.7,0.7761,0.727,29.5496,1
VH-05307,2022-11-27,11,Heavy,6596.1,135.7,0.7001,0.2037,3,3.2,0.0286,0.4803,47.7675,1
VH-05308,2023-04-26,16,Medium,2183.9,51.1,0.9685,0.4408,2,3.8,0.6066,0.402,11.9497,1
VH-05309,2022-03-02,2,Light,5330.8,97.8,0.4448,0.2605,1,2.3,0.9172,0.56,65.2521,0
VH-05310,2023-10-23,22,Medium,6438.9,128.3,0.6761,0.2424,0,7.4,0.4748,0.2852,30.5948,1
VH-05311,2023-06-25,18,Medium,6028.6,134.5,0.8111,0.4572,1,11.8,0.4157,0.9584,37.8101,1
VH-05312,2023-05-26,17,Medium,1355.4,34.1,0.6909,0.6853,0,5.2,0.6002,0.6935,65.4956,0
VH-05313,2022-05-01,4,Medium,3219.5,47.1,0.8376,0.6229,0,1.6,0.8802,0.5319,25.0406,0
VH-05314,2022-10-28,10,Medium,2579.7,41.5,0.9285,0.2764,1,0.9,0.2937,0.818,32.2014,0
VH-05315,2022-11-27,11,Medium,5285.2,112.0,0.8739,0.2784,1,2.2,0.1859,0.6764,29.4827,0
VH-05316,2022-07-30,7,Medium,5120.0,128.2,0.4036,0.4567,0,2.1,0.4294,0.8303,42.8028,0
VH-05317,2023-02-25,14,Light,800.0,20.0,0.4554,0.4662,1,5.3,0.2581,0.8051,34.5172,0
VH-05318,2022-11-27,11,Heavy,4048.8,92.1,0.5555,0.2538,0,7.6,0.912,0.9359,39.3641,0
VH-05319,2023-07-25,19,Medium,5701.1,130.4,0.8651,0.3959,0,0.7,0.4256,0.7781,25.1055,0
VH-05320,2022-07-30,7,Medium,4722.0,101.2,0.8394,0.6646,1,10.4,0.3681,0.6452,12.0102,1
VH-05321,2023-07-25,19,Light,4719.4,108.9,0.5388,0.439,1,2.9,0.3948,0.4737,43.7507,1
VH-05322,2022-03-02,2,Medium,3952.5,67.7,0.5264,0.3832,1,1.9,0.3557,0.9292,24.5581,0
VH-05323,2022-01-31,1,Heavy,2911.6,54.9,0.8242,0.7671,2,2.0,0.5271,0.7053,16.4518,1
VH-05324,2023-06-25,18,Light,4474.4,120.9,0.5572,0.5139,2,9.1,0.8869,0.6444,21.0671,1
VH-05325,2023-04-26,16,Light,4578.1,124.3,0.7348,0.5055,3,2.4,0.8402,0.4607,13.6018,1
VH-05326,2022-04-01,3,Light,5422.9,133.2,0.8557,0.2105,3,4.5,0.0576,0.3832,16.7036,1
VH-05327,2022-07-30,7,Medium,5544.7,139.7,0.935,0.3644,0,16.8,0.7457,0.7795,28.1374,1
VH-05328,2022-01-01,0,Heavy,4628.8,75.5,0.4388,0.6395,2,4.1,0.9207,0.7861,41.5657,1
VH-05329,2023-05-26,17,Medium,6142.4,122.3,0.4989,0.0228,2,4.7,0.5028,0.3788,51.9945,1
VH-05330,2023-03-27,15,Medium,3937.6,82.8,0.7854,0.4538,0,3.3,0.2603,0.7426,19.0318,0
VH-05331,2023-08-24,20,Heavy,2334.0,88.1,0.2571,0.5256,1,6.3,0.2096,0.4731,56.7031,0
VH-05332,2023-05-26,17,Heavy,5215.6,111.2,0.7457,0.4559,1,6.3,0.5501,0.5896,58.7879,1
VH-05333,2022-04-01,3,Light,4689.6,115.4,0.8263,0.3069,3,10.6,0.6005,0.7063,40.0446,0
VH-05334,2022-08-29,8,Light,5245.4,122.2,0.9614,0.5025,1,6.2,0.9007,0.861,28.0209,1
VH-05335,2022-06-30,6,Medium,2603.3,63.2,0.6406,0.6325,1,11.1,0.7259,0.9541,46.086,0
VH-05336,2023-02-25,14,Heavy,7186.2,159.3,0.885,0.2743,2,9.2,0.4966,0.93,13.3319,1
VH-05337,2023-04-26,16,Medium,5565.8,105.7,0.8063,0.5443,3,2.6,0.4758,0.6118,15.1497,1
VH-05338,2022-10-28,10,Medium,4068.0,49.9,0.59,0.6956,1,5.4,0.447,0.6405,35.2314,0
VH-05339,2023-09-23,21,Heavy,3096.8,88.0,0.6914,0.4902,0,2.0,0.4441,0.7641,40.3815,0
VH-05340,2022-09-28,9,Medium,6115.7,126.7,0.9393,0.5045,0,7.2,0.5923,0.506,9.1223,1
VH-05341,2022-01-31,1,Medium,2847.3,35.3,0.7393,0.2653,2,0.1,0.9726,0.943,48.7505,0
VH-05342,2022-05-01,4,Light,7892.0,181.9,0.7549,0.8057,0,18.5,0.7078,0.9461,25.9408,1
VH-05343,2022-09-28,9,Heavy,3580.2,85.8,0.8081,0.3358,0,2.7,0.4803,0.8227,31.8994,0
VH-05344,2022-12-27,12,Medium,7080.8,168.9,0.5803,0.1083,0,2.7,0.3715,0.8486,31.5779,0
VH-05345,2022-09-28,9,Medium,4223.3,110.6,0.7603,0.6642,1,5.9,0.4093,0.8351,52.441,0
VH-05346,2022-06-30,6,Light,6871.1,138.9,0.7289,0.0845,2,1.4,0.7153,0.8759,25.805,1
VH-05347,2023-04-26,16,Heavy,3397.7,62.4,0.6374,0.303,1,1.9,0.5154,0.9189,32.2706,0
VH-05348,2023-10-23,22,Heavy,4528.3,95.8,0.4877,0.7445,3,4.4,0.5892,0.902,48.6302,1
VH-05349,2023-01-26,13,Medium,5707.1,139.1,0.6046,0.3997,4,1.6,0.3625,0.7851,52.4103,1
VH-05350,2023-04-26,16,Light,5493.1,90.5,0.6423,0.4376,3,2.9,0.8745,0.9669,61.6126,0
VH-05351,2022-05-31,5,Heavy,6151.1,138.6,0.7815,0.5368,0,0.4,0.4353,0.5003,24.6303,1
VH-05352,2022-09-28,9,Heavy,3768.8,97.7,0.7911,0.6465,4,9.3,0.8869,0.6121,16.5913,1
VH-05353,2023-06-25,18,Medium,4627.2,116.2,0.7467,0.4216,1,14.0,0.4862,0.8861,53.6795,0
VH-05354,2023-04-26,16,Medium,6372.6,152.2,0.8208,0.4709,0,12.6,0.5712,0.9035,23.8743,1
VH-05355,2022-01-31,1,Heavy,3442.1,92.4,0.7426,0.1436,0,4.3,0.7882,0.8393,29.8457,0
VH-05356,2023-06-25,18,Heavy,5358.8,77.9,0.6833,0.824,0,6.5,0.3055,0.6365,51.9847,1
VH-05357,2023-01-26,13,Medium,4171.3,116.9,0.5938,0.7211,0,9.0,0.8604,0.7696,44.9731,1
VH-05358,2022-11-27,11,Medium,4808.8,111.8,0.8463,0.2908,0,1.8,0.0479,0.646,40.4877,0
VH-05359,2023-08-24,20,Medium,4626.8,122.8,0.7977,0.1776,1,6.3,0.2916,0.8714,33.9743,0
VH-05360,2023-09-23,21,Heavy,3317.6,56.1,0.8166,0.5698,0,4.9,0.7139,0.7361,24.4163,0
VH-05361,2022-10-28,10,Medium,4109.0,65.0,0.598,0.6935,1,2.5,0.5516,0.711,23.9743,0
VH-05362,2023-07-25,19,Light,4717.4,131.6,0.8725,0.6113,0,5.7,0.5128,0.8266,35.6049,1
VH-05363,2022-07-30,7,Light,4345.9,82.7,0.7525,0.5212,0,1.3,0.8305,0.6716,18.5974,0
VH-05364,2023-06-25,18,Heavy,6859.1,147.8,0.8416,0.2528,3,2.8,0.7123,0.6308,31.2419,1
VH-05365,2023-02-25,14,Heavy,6014.9,141.6,0.4461,0.2832,1,7.6,0.8253,0.6236,8.5226,1
VH-05366,2022-10-28,10,Heavy,4935.0,121.3,0.6766,0.3703,0,3.3,0.2794,0.9667,58.0175,0
VH-05367,2023-09-23,21,Medium,3355.3,90.7,0.722,0.4314,0,5.0,0.5953,0.5781,42.1948,1
VH-05368,2023-04-26,16,Heavy,3264.0,75.9,0.8954,0.2547,2,5.8,0.617,0.5371,52.6287,1
VH-05369,2023-11-22,23,Heavy,7460.7,150.0,0.808,0.2446,0,6.3,0.5793,0.9565,50.0877,1
VH-05370,2023-02-25,14,Medium,2985.2,76.9,0.739,0.6237,0,6.1,0.0696,0.7431,70.887,0
VH-05371,2022-07-30,7,Light,4670.8,114.6,0.5742,0.3967,1,4.1,0.7729,0.7601,20.5765,0
VH-05372,2023-04-26,16,Heavy,5041.4,84.8,0.4318,0.4845,1,19.9,0.3393,0.9002,33.0274,0
VH-05373,2022-03-02,2,Light,4033.0,110.9,0.9571,0.587,2,3.1,0.3907,0.7272,23.0636,1
VH-05374,2022-10-28,10,Medium,2996.7,29.3,0.5347,0.4141,1,14.5,0.7106,0.9507,56.3091,0
VH-05375,2023-09-23,21,Medium,3322.7,89.4,0.7764,0.2772,3,9.1,0.9429,0.5472,9.4713,1
VH-05376,2023-05-26,17,Medium,3680.2,72.3,0.8272,0.5578,0,2.4,0.4938,0.6686,58.908,0
VH-05377,2022-08-29,8,Medium,3435.8,86.9,0.7821,0.373,2,3.9,0.3,0.4574,18.3717,0
VH-05378,2022-07-30,7,Heavy,6491.6,151.9,0.3055,0.2254,2,4.5,0.4613,0.7062,61.8789,0
VH-05379,2022-03-02,2,Light,4486.3,99.1,0.8474,0.6784,1,0.6,0.3673,0.8234,18.5206,0
VH-05380,2022-12-27,12,Heavy,3714.3,89.3,0.5183,0.6134,1,2.9,0.4632,0.4899,51.178,0
VH-05381,2022-01-01,0,Light,4660.4,102.3,0.931,0.4609,2,14.9,0.591,0.5827,20.823,1
VH-05382,2023-01-26,13,Medium,5501.9,133.0,0.639,0.4075,0,3.4,0.5307,0.8983,68.8731,0
VH-05383,2022-05-01,4,Heavy,3983.1,121.3,0.8754,0.388,1,6.8,0.7193,0.904,44.708,1
VH-05384,2022-09-28,9,Light,5853.0,109.9,0.8715,0.6316,2,5.9,0.9023,0.4034,8.0422,1
VH-05385,2023-09-23,21,Light,2593.3,20.0,0.6299,0.1107,1,8.4,0.302,0.8067,57.508,0
VH-05386,2022-01-31,1,Heavy,6257.0,132.8,0.6112,0.4349,2,1.5,0.2842,0.8574,32.3773,0
VH-05387,2023-06-25,18,Light,4486.6,92.4,0.9344,0.449,1,6.3,0.2529,0.6296,53.3999,1
VH-05388,2023-11-22,23,Light,4428.0,92.7,0.833,0.6298,1,8.9,0.5684,0.7068,8.6584,1
VH-05389,2022-08-29,8,Medium,3460.5,63.0,0.7661,0.1954,3,1.5,0.4359,0.5931,17.7191,1
VH-05390,2022-09-28,9,Heavy,2658.2,72.2,0.5535,0.0656,2,4.0,0.4136,0.9334,59.7406,0
VH-05391,2023-07-25,19,Medium,2000.0,23.7,0.823,0.1719,0,1.6,0.3399,0.6191,71.8549,0
VH-05392,2023-05-26,17,Medium,3355.8,81.3,0.8861,0.2812,0,9.0,0.4557,0.8947,47.8846,1
VH-05393,2022-09-28,9,Heavy,5381.5,129.2,0.7868,0.5824,2,2.9,0.9396,0.7316,31.0351,1
VH-05394,2023-02-25,14,Medium,3058.1,72.7,0.8669,0.4241,0,4.0,0.7532,0.9101,34.9175,1
VH-05395,2023-11-22,23,Medium,2177.3,55.7,0.81,0.252,1,4.4,0.8728,0.3151,35.7443,1
VH-05396,2022-06-30,6,Medium,3136.4,83.9,0.9409,0.5313,3,14.5,0.8236,0.728,17.8751,1
VH-05397,2023-09-23,21,Medium,3922.8,88.0,0.6678,0.3372,2,1.8,0.7967,0.9101,51.3976,1
VH-05398,2022-03-02,2,Medium,3981.7,83.3,0.5712,0.1144,1,7.3,0.3427,0.8267,41.5711,0
VH-05399,2022-01-01,0,Medium,4306.7,103.0,0.7319,0.8877,2,2.6,0.7985,0.5175,10.3742,1
VH-05400,2022-11-27,11,Light,6048.9,143.4,0.8039,0.0567,0,4.3,0.5422,0.4874,32.2545,1
VH-05401,2022-01-01,0,Medium,6373.9,155.0,0.746,0.1437,0,1.7,0.664,0.6489,30.5146,1
VH-05402,2023-01-26,13,Light,7508.2,141.2,0.4775,0.3722,1,7.6,0.6978,0.7933,67.8744,0
VH-05403,2023-02-25,14,Medium,2062.6,43.1,0.6279,0.8787,2,2.4,0.3355,0.8223,28.5311,0
VH-05404,2022-12-27,12,Light,3216.2,55.5,0.8281,0.5628,1,4.4,0.7495,0.5665,11.9732,1
VH-05405,2022-05-01,4,Medium,5547.7,131.7,0.9086,0.3627,0,10.2,0.2763,0.9208,67.6276,0
VH-05406,2023-06-25,18,Heavy,3819.0,95.8,0.7191,0.4846,0,2.0,0.4873,0.7559,55.4451,0
VH-05407,2022-12-27,12,Medium,5791.2,124.6,0.9131,0.4942,0,3.3,0.3938,0.803,28.5107,1
VH-05408,2023-03-27,15,Light,4810.7,96.0,0.8306,0.4951,1,11.2,0.6629,0.7922,32.224,1
VH-05409,2022-07-30,7,Light,6868.8,161.6,0.8575,0.8031,1,6.5,0.72,0.5478,8.7762,1
VH-05410,2023-09-23,21,Heavy,6064.1,132.8,0.6979,0.6579,3,3.7,0.6781,0.7955,35.4005,1
VH-05411,2023-07-25,19,Medium,6091.5,156.8,0.6897,0.5705,0,5.7,0.8321,0.353,3.5827,1
VH-05412,2022-06-30,6,Heavy,3882.2,112.9,0.7186,0.524,0,8.5,0.3041,0.87,32.2563,0
VH-05413,2022-06-30,6,Medium,4353.8,111.8,0.8249,0.7046,0,10.2,0.8742,0.6958,24.0426,1
VH-05414,2023-01-26,13,Light,4042.1,93.3,0.5251,0.5666,0,7.6,0.4602,0.7869,21.8564,1
VH-05415,2022-08-29,8,Heavy,2241.2,77.2,0.6469,0.5607,1,4.2,0.7821,0.6465,21.7569,0
VH-05416,2022-05-31,5,Medium,6707.7,152.7,0.7254,0.5463,2,6.5,0.7118,0.6934,16.5123,1
VH-05417,2022-03-02,2,Light,5618.1,117.7,0.7213,0.6124,0,2.1,0.6857,0.8773,44.4497,0
VH-05418,2023-05-26,17,Heavy,3982.5,78.4,0.8047,0.3867,0,3.6,0.8691,0.6623,51.9896,1
VH-05419,2022-11-27,11,Light,6456.9,132.9,0.7366,0.4477,0,9.7,0.9246,0.6739,7.9509,1
VH-05420,2022-03-02,2,Medium,3554.4,78.9,0.8196,0.2456,1,1.7,0.6378,0.7449,36.2959,0
VH-05421,2023-03-27,15,Medium,1742.8,45.7,0.9278,0.3834,0,4.6,0.5215,0.8761,71.7991,0
VH-05422,2023-06-25,18,Medium,6011.1,112.4,0.574,0.3993,0,6.0,0.6015,0.8264,28.6924,0
VH-05423,2023-11-22,23,Heavy,2582.2,50.6,0.7883,0.3475,1,6.1,0.2849,0.5754,55.0059,0
VH-05424,2022-05-31,5,Light,4206.3,96.7,0.79,0.2291,4,10.1,0.7214,0.5561,30.8742,1
VH-05425,2022-01-31,1,Heavy,4809.2,116.5,0.5562,0.9124,3,6.0,0.1152,0.8756,22.3295,0
VH-05426,2022-05-01,4,Medium,5078.2,112.5,0.8169,0.7073,1,5.9,0.5823,0.6296,31.8287,1
VH-05427,2022-12-27,12,Heavy,5772.6,131.9,0.7331,0.6842,1,4.5,0.4808,0.2728,35.3669,1
VH-05428,2022-12-27,12,Heavy,5371.3,100.8,0.756,0.4078,2,5.1,0.7518,0.5053,43.311,0
VH-05429,2022-11-27,11,Heavy,5324.8,104.7,0.8685,0.2747,1,1.8,0.8452,0.7319,38.7827,0
VH-05430,2022-11-27,11,Medium,3313.9,72.7,0.7803,0.3329,2,7.7,0.6112,0.8593,10.6586,1
VH-05431,2022-08-29,8,Medium,4941.4,117.5,0.8722,0.1562,0,0.1,0.5301,0.8095,35.0474,0
VH-05432,2022-04-01,3,Medium,2241.7,53.3,0.4703,0.5734,0,5.4,0.7563,0.6334,55.9824,0
VH-05433,2022-12-27,12,Medium,6843.2,139.3,0.6593,0.3323,0,6.9,0.358,0.8791,54.739,0
VH-05434,2022-12-27,12,Medium,2396.2,49.7,0.3737,0.8567,0,13.3,0.4917,0.8584,33.042,1
VH-05435,2022-01-01,0,Heavy,3980.3,111.1,0.8383,0.2575,0,15.2,0.5837,0.5448,26.9645,1
VH-05436,2022-10-28,10,Light,2521.7,64.2,0.8827,0.4351,1,7.3,0.7883,0.7169,53.4469,1
VH-05437,2022-04-01,3,Heavy,3404.8,73.2,0.841,0.3491,0,3.3,0.3405,0.9017,30.9025,0
VH-05438,2022-04-01,3,Light,4520.1,85.1,0.8093,0.5977,0,5.3,0.6736,0.775,32.9791,1
VH-05439,2023-06-25,18,Heavy,3706.9,71.7,0.8701,0.7417,0,5.5,0.4886,0.7333,18.0917,0
VH-05440,2022-12-27,12,Light,6216.4,138.2,0.7822,0.5243,1,11.7,0.3895,0.5604,28.1371,0
VH-05441,2023-03-27,15,Light,4840.4,111.7,0.6706,0.4301,1,2.9,0.7094,0.8804,59.2542,0
VH-05442,2022-03-02,2,Heavy,3805.6,93.1,0.7474,0.1256,2,5.2,0.1547,0.9934,64.2458,0
VH-05443,2022-06-30,6,Heavy,4299.6,101.4,0.7214,0.2085,0,2.3,0.3266,0.682,28.5196,1
VH-05444,2022-08-29,8,Heavy,6329.6,135.1,0.7137,0.4725,2,7.5,0.5182,0.9482,43.1648,1
VH-05445,2022-05-31,5,Heavy,5863.3,122.6,0.5424,0.1774,1,3.8,0.8083,0.7817,64.4792,1
VH-05446,2022-04-01,3,Medium,2791.8,92.7,0.4641,0.4574,2,1.0,0.9666,0.5981,42.6075,1
VH-05447,2023-11-22,23,Heavy,3479.0,69.0,0.5346,0.3126,0,2.8,0.3607,0.2705,20.8323,0
VH-05448,2023-05-26,17,Medium,5212.2,96.5,0.7639,0.6344,1,16.2,0.4791,0.4479,27.4631,1
VH-05449,2022-10-28,10,Medium,5030.0,87.2,0.5921,0.3965,3,2.6,0.2701,0.8541,61.3618,0
VH-05450,2023-10-23,22,Medium,2924.4,59.7,0.894,0.7593,0,4.1,0.7496,0.429,2.3467,1
VH-05451,2022-03-02,2,Light,5623.7,139.1,0.747,0.1588,0,8.9,0.4195,0.665,48.2948,1
VH-05452,2023-09-23,21,Medium,3163.7,61.7,0.6619,0.2296,0,0.3,0.6364,0.9386,32.8391,0
VH-05453,2023-04-26,16,Heavy,6455.7,165.6,0.4514,0.336,0,1.1,0.5062,0.8763,57.8938,0
VH-05454,2023-03-27,15,Light,5294.2,117.5,0.8849,0.2349,1,4.9,0.2895,0.7127,70.3401,0
VH-05455,2022-08-29,8,Heavy,2802.1,78.9,0.9115,0.4378,0,15.6,0.6534,0.8344,28.0064,1
VH-05456,2022-05-01,4,Medium,3706.4,71.0,0.7312,0.8186,0,8.3,0.7231,0.5845,27.6826,1
VH-05457,2022-03-02,2,Light,3680.3,70.7,0.9347,0.2154,1,2.6,0.9022,0.8753,45.3759,1
VH-05458,2022-03-02,2,Medium,4739.8,106.7,0.8002,0.3646,2,1.2,0.5077,0.946,20.0553,0
VH-05459,2022-11-27,11,Light,4194.0,100.4,0.9734,0.444,1,2.7,0.9001,0.9041,12.0916,1
VH-05460,2022-10-28,10,Light,2781.8,59.1,0.3962,0.4998,1,4.4,0.4315,0.4968,48.6175,0
VH-05461,2022-09-28,9,Medium,2408.6,57.9,0.9337,0.5284,1,9.5,0.3475,0.6271,28.2793,1
VH-05462,2023-07-25,19,Light,5323.5,127.1,0.7462,0.6459,2,4.6,0.5849,0.7142,23.3314,1
VH-05463,2023-10-23,22,Light,4929.4,88.2,0.8621,0.0835,1,1.8,0.4686,0.4536,23.2732,1
VH-05464,2022-03-02,2,Heavy,4658.3,98.4,0.8707,0.1073,0,13.1,0.7707,0.5503,7.368,1
VH-05465,2023-01-26,13,Light,4906.1,101.2,0.7498,0.918,0,10.9,0.4657,0.8828,44.6859,0
VH-05466,2023-11-22,23,Heavy,3571.6,72.3,0.8586,0.5263,0,12.6,0.4269,0.6219,37.1149,0
VH-05467,2023-11-22,23,Heavy,4776.0,112.2,0.8241,0.2675,0,4.5,0.6612,0.5865,31.3824,1
VH-05468,2022-06-30,6,Light,8307.8,177.0,0.6662,0.1111,2,1.4,0.775,0.6823,41.8663,0
VH-05469,2022-03-02,2,Medium,6261.9,109.1,0.8583,0.6464,1,15.7,0.8044,0.5194,21.8616,1
VH-05470,2022-03-02,2,Light,4067.4,86.8,0.7118,0.5232,1,7.3,0.5989,0.5756,35.0109,1
VH-05471,2022-05-01,4,Medium,3714.9,66.6,0.8169,0.5085,1,7.0,0.7489,0.4984,24.9933,1
VH-05472,2023-11-22,23,Light,800.0,25.2,0.9168,0.6457,0,7.2,0.6789,0.8674,58.6676,1
VH-05473,2022-12-27,12,Heavy,6103.0,147.7,0.9721,0.5275,0,3.8,0.4674,0.7745,14.7165,1
VH-05474,2022-03-02,2,Light,5679.9,93.6,0.7344,0.7599,1,6.0,0.6624,0.8349,24.3872,1
VH-05475,2023-01-26,13,Medium,3684.3,70.3,0.5705,0.1735,1,2.3,0.6103,0.9123,54.7639,0
VH-05476,2022-12-27,12,Light,2352.4,57.6,0.7766,0.4558,0,12.8,0.8129,0.4334,20.8215,1
VH-05477,2023-02-25,14,Light,2767.1,40.4,0.9258,0.5571,0,0.9,0.6618,0.5276,25.3545,0
VH-05478,2023-01-26,13,Medium,5166.6,126.6,0.4708,0.4101,0,11.0,0.5685,0.7112,27.2149,0
VH-05479,2023-10-23,22,Medium,4366.0,112.8,0.5821,0.4308,2,2.7,0.7377,0.8222,52.2407,0
VH-05480,2022-03-02,2,Heavy,5537.4,120.6,0.603,0.602,1,8.4,0.5229,0.8769,44.3615,0
VH-05481,2022-06-30,6,Light,4629.7,91.3,0.9461,0.9354,0,8.5,0.772,0.3802,15.0327,1
VH-05482,2022-08-29,8,Light,5950.1,97.6,0.7405,0.428,0,8.8,0.4171,0.4724,15.6847,1
VH-05483,2022-04-01,3,Medium,5054.4,124.5,0.7617,0.4878,0,6.1,0.19,0.8421,24.8385,0
VH-05484,2022-08-29,8,Medium,5743.2,157.7,0.3761,0.523,0,8.2,0.6305,0.5282,6.216,1
VH-05485,2022-03-02,2,Heavy,1365.5,57.3,0.6055,0.8205,2,3.1,0.1705,0.7796,33.0591,0
VH-05486,2023-05-26,17,Heavy,2648.5,55.9,0.951,0.6758,0,9.3,0.6637,0.5388,17.23,1
VH-05487,2023-06-25,18,Heavy,3953.5,71.5,0.7337,0.3976,0,5.6,0.7244,0.8667,59.5389,0
VH-05488,2023-03-27,15,Light,6119.4,148.5,0.6591,0.3348,0,2.8,0.5943,0.6969,42.0214,1
VH-05489,2022-04-01,3,Medium,7320.8,160.8,0.8003,0.5382,0,6.5,0.446,0.6108,29.8584,1
VH-05490,2022-04-01,3,Heavy,4253.6,101.7,0.7082,0.4333,0,3.3,0.5155,0.3516,13.5088,1
VH-05491,2023-07-25,19,Medium,3582.6,84.2,0.7719,0.2656,0,7.6,0.3228,0.6192,7.5003,1
VH-05492,2023-08-24,20,Medium,1567.5,36.2,0.6407,0.4314,0,4.2,0.709,0.5653,34.3298,0
VH-05493,2022-10-28,10,Light,5795.3,144.2,0.6999,0.6687,2,4.8,0.597,0.7703,33.1796,1
VH-05494,2023-07-25,19,Medium,3674.7,97.6,0.6702,0.0697,0,9.7,0.504,0.61,33.2584,0
VH-05495,2022-03-02,2,Heavy,8937.5,190.8,0.9642,0.3566,1,5.9,0.3928,0.6103,12.722,1
VH-05496,2023-08-24,20,Medium,3390.9,61.5,0.865,0.3864,0,12.5,0.2873,0.7764,51.0855,0
VH-05497,2022-06-30,6,Heavy,7657.9,132.7,0.15,0.3439,0,0.8,0.3611,0.6962,10.1395,1
VH-05498,2022-01-01,0,Medium,5622.6,119.8,0.9182,0.4689,1,6.6,0.3129,0.8437,34.9135,0
VH-05499,2023-03-27,15,Light,2957.6,49.3,0.7292,0.1753,1,0.7,0.6577,0.9539,64.1052,0
VH-05500,2022-05-01,4,Medium,4848.2,114.0,0.5764,0.4985,0,1.3,0.6826,0.6117,20.5257,1
VH-05501,2022-01-01,0,Light,5657.1,120.7,0.5588,0.6234,0,0.4,0.648,0.439,35.1136,1
VH-05502,2022-05-31,5,Medium,4162.1,89.1,0.7251,0.7648,2,13.6,0.3739,0.7571,21.387,0
VH-05503,2023-02-25,14,Light,5757.0,140.1,0.8653,0.2902,0,5.5,0.6404,0.4941,22.2602,1
VH-05504,2023-03-27,15,Medium,5723.9,133.2,0.7063,0.2601,1,0.8,0.3736,0.4783,37.2292,1
VH-05505,2022-03-02,2,Heavy,5394.5,118.1,0.5921,0.325,0,6.2,0.4512,0.6015,48.5389,1
VH-05506,2022-10-28,10,Medium,4475.3,124.7,0.5708,0.7527,2,9.3,0.3248,0.7643,42.2864,0
VH-05507,2023-03-27,15,Light,2737.6,71.9,0.4362,0.6254,0,8.7,0.5489,0.4885,34.2108,0
VH-05508,2023-08-24,20,Medium,4384.8,91.2,0.833,0.5425,0,0.5,0.4795,0.6885,25.3921,0
VH-05509,2022-09-28,9,Heavy,4764.1,100.3,0.5756,0.0863,1,9.6,0.3604,0.6558,40.1084,0
VH-05510,2023-03-27,15,Medium,1685.9,49.3,0.4259,0.5765,1,10.9,0.6614,0.8181,23.3073,0
VH-05511,2023-06-25,18,Light,4753.9,108.7,0.596,0.6144,1,11.8,0.6346,0.9445,23.1317,1
VH-05512,2022-01-01,0,Medium,4354.8,80.0,0.4874,0.4887,0,3.6,0.9266,0.8381,46.4915,0
VH-05513,2023-05-26,17,Medium,2555.1,70.2,0.8369,0.734,0,7.7,0.4845,0.8971,46.5253,0
VH-05514,2023-04-26,16,Medium,4000.5,107.8,0.5225,0.4455,1,0.9,0.4118,0.8029,61.9288,0
VH-05515,2023-07-25,19,Light,4032.2,107.3,0.607,0.3728,1,9.6,0.5067,0.7677,67.2442,0
VH-05516,2022-01-01,0,Heavy,7395.1,187.5,0.8709,0.3298,1,11.8,0.8059,0.8012,15.6106,1
VH-05517,2022-08-29,8,Light,4830.2,138.4,0.701,0.4243,1,0.9,0.867,0.7433,29.7629,1
VH-05518,2023-03-27,15,Light,6054.1,160.5,0.5731,0.4422,0,15.4,0.234,0.6911,18.3456,1
VH-05519,2023-01-26,13,Light,4323.3,101.2,0.7338,0.3697,2,5.0,0.5634,0.7472,25.6266,1
VH-05520,2022-06-30,6,Medium,1689.1,34.4,0.5792,0.7845,0,2.8,0.1918,0.7826,25.9224,0
VH-05521,2023-02-25,14,Medium,5508.5,95.0,0.8709,0.6889,2,4.1,0.6415,0.7317,16.668,1
VH-05522,2022-05-01,4,Light,3512.7,78.2,0.6627,0.7337,2,7.8,0.6021,0.3778,8.3405,1
VH-05523,2022-07-30,7,Medium,3996.6,96.6,0.641,0.4694,0,4.0,0.3549,0.8556,46.3267,0
VH-05524,2023-05-26,17,Medium,2920.5,65.6,0.6154,0.1576,0,3.1,0.4331,0.6618,42.4348,0
VH-05525,2022-07-30,7,Medium,4609.2,74.1,0.8577,0.7359,0,1.8,0.8521,0.7079,4.1479,1
VH-05526,2022-04-01,3,Heavy,6097.8,131.2,0.6955,0.1452,1,1.8,0.444,0.4088,31.1101,0
VH-05527,2022-03-02,2,Medium,5899.1,140.8,0.5442,0.6224,1,3.6,0.3516,0.9969,33.9826,0
VH-05528,2022-07-30,7,Light,6879.3,137.5,0.7088,0.1796,2,2.2,0.62,0.8327,32.2464,0
VH-05529,2022-09-28,9,Heavy,7091.9,160.1,0.4246,0.7113,0,1.6,0.684,0.4261,16.5674,1
VH-05530,2023-06-25,18,Heavy,1431.2,38.3,0.7244,0.458,0,4.3,0.7614,0.6887,48.882,0
VH-05531,2023-09-23,21,Medium,2709.6,77.0,0.888,0.3778,1,9.3,0.8679,0.7009,25.0559,0
VH-05532,2023-01-26,13,Heavy,1787.7,65.4,0.7514,0.249,0,1.5,0.4375,0.7953,44.8901,0
VH-05533,2023-06-25,18,Medium,5447.9,115.4,0.603,0.4228,0,7.2,0.1706,0.5141,60.0376,0
VH-05534,2023-04-26,16,Medium,3460.4,79.7,0.8873,0.466,1,4.2,0.51,0.5889,19.8448,0
VH-05535,2023-06-25,18,Heavy,3766.2,86.9,0.9501,0.208,0,8.1,0.7148,0.8961,61.3186,1
VH-05536,2023-10-23,22,Heavy,4175.1,102.5,0.8511,0.4859,0,6.4,0.6891,0.7429,9.324,1
VH-05537,2023-08-24,20,Medium,5073.9,120.8,0.7179,0.4891,1,2.6,0.8532,0.7112,12.7625,1
VH-05538,2022-06-30,6,Medium,2272.0,71.9,0.9027,0.5892,1,6.9,0.7733,0.6166,5.6331,1
VH-05539,2023-08-24,20,Medium,2611.7,23.1,0.6559,0.4161,0,6.4,0.4553,0.7517,30.9316,0
VH-05540,2022-03-02,2,Light,4501.9,106.3,0.8071,0.506,0,9.6,0.2791,0.9083,44.298,0
VH-05541,2023-09-23,21,Heavy,6298.1,147.3,0.6828,0.5264,1,4.6,0.5939,0.7001,32.1173,1
VH-05542,2022-04-01,3,Medium,4461.9,95.6,0.9521,0.2577,0,11.2,0.7588,0.6297,28.2613,1
VH-05543,2023-10-23,22,Medium,3312.5,39.7,0.8051,0.539,1,5.4,0.6481,0.5811,47.9911,1
VH-05544,2022-06-30,6,Medium,1277.7,27.5,0.7084,0.6258,1,1.8,0.4554,0.8685,56.5287,1
VH-05545,2023-03-27,15,Medium,5929.0,121.1,0.5957,0.6401,0,12.9,0.451,0.7769,30.8413,1
VH-05546,2023-07-25,19,Medium,3396.1,100.6,0.9497,0.3268,1,2.6,0.8149,0.4489,5.5585,1
VH-05547,2022-10-28,10,Heavy,2778.8,67.4,0.811,0.539,1,5.7,0.3785,0.7419,36.8726,0
VH-05548,2023-04-26,16,Medium,1927.0,30.9,0.794,0.7573,1,2.4,0.4555,0.6705,23.7134,0
VH-05549,2022-01-31,1,Medium,2341.3,21.2,0.7895,0.1308,1,2.0,0.4703,0.7779,55.6677,1
VH-05550,2022-07-30,7,Medium,3058.2,76.8,0.8654,0.3914,1,7.9,0.5264,0.9071,23.7017,1
VH-05551,2023-07-25,19,Medium,4141.7,102.5,0.6566,0.4236,1,1.4,0.5306,0.8496,26.8455,0
VH-05552,2023-07-25,19,Light,2686.9,56.5,0.7648,0.2361,0,4.5,0.7892,0.7552,30.4306,0
VH-05553,2023-09-23,21,Medium,4778.6,115.2,0.8911,0.4066,1,5.5,0.8039,0.6439,14.6078,1
VH-05554,2023-04-26,16,Light,4130.3,86.6,0.4347,0.6011,2,14.1,0.2664,0.6033,19.3014,0
VH-05555,2022-10-28,10,Medium,7833.0,190.1,0.5336,0.3267,2,4.4,0.6115,0.7586,54.5619,1
VH-05556,2022-01-01,0,Heavy,1943.3,58.1,0.8446,0.5382,2,6.0,0.3343,0.54,23.798,1
VH-05557,2023-07-25,19,Medium,4742.2,80.8,0.7,0.5634,1,6.4,0.4603,0.7058,36.3983,1
VH-05558,2022-01-01,0,Medium,4761.0,84.9,0.7084,0.7248,1,11.3,0.5012,0.7984,25.7123,0
VH-05559,2022-12-27,12,Medium,2954.2,96.1,0.5652,0.4386,0,3.0,0.874,0.9877,42.9896,0
VH-05560,2023-07-25,19,Light,4642.9,117.2,0.7849,0.7808,3,9.3,0.426,0.762,21.6916,0
VH-05561,2022-10-28,10,Heavy,5654.4,106.7,0.6468,0.1633,0,1.3,0.9159,0.4594,10.6756,1
VH-05562,2022-05-01,4,Medium,4644.7,79.7,0.7846,0.4186,2,2.0,0.5484,0.5203,33.3068,0
VH-05563,2023-08-24,20,Light,6576.7,149.3,0.9472,0.2949,1,5.4,0.4781,0.7761,33.1578,1
VH-05564,2022-10-28,10,Light,1233.5,20.0,0.9326,0.6739,1,5.0,0.5456,0.5674,5.9177,1
VH-05565,2022-12-27,12,Heavy,3236.6,67.2,0.8831,0.0758,1,6.3,0.4579,0.8457,4.9625,1
VH-05566,2023-10-23,22,Light,6712.6,148.5,0.712,0.7138,0,5.7,0.3345,0.808,21.186,1
VH-05567,2022-05-31,5,Medium,5868.0,129.0,0.738,0.3222,1,7.6,0.5617,0.9535,43.7441,0
VH-05568,2023-11-22,23,Light,5310.8,134.9,0.3468,0.2503,0,4.0,0.505,0.5676,71.8233,0
VH-05569,2022-05-31,5,Light,6349.8,168.6,0.7884,0.8166,2,14.0,0.3399,0.8254,24.7326,1
VH-05570,2023-01-26,13,Heavy,1625.2,28.9,0.574,0.6912,0,6.1,0.4796,0.7053,58.552,0
VH-05571,2022-07-30,7,Light,5693.4,109.6,0.8972,0.2701,0,2.0,0.1868,0.9451,35.4416,0
VH-05572,2023-08-24,20,Light,6096.6,141.3,0.6793,0.6919,2,3.1,0.5387,0.7233,41.2068,0
VH-05573,2023-02-25,14,Medium,3511.9,102.5,0.8852,0.25,0,2.5,0.4682,0.7921,64.9628,0
VH-05574,2022-05-31,5,Heavy,8443.9,181.6,0.8281,0.3913,3,6.1,0.5998,0.3847,12.5798,1
VH-05575,2022-08-29,8,Medium,4794.5,119.3,0.7903,0.4236,0,1.3,0.2497,0.7858,45.1171,0
VH-05576,2022-09-28,9,Light,1210.8,20.0,0.6641,0.4166,0,7.1,0.8552,0.7878,29.6429,1
VH-05577,2023-01-26,13,Heavy,5071.9,113.0,0.5651,0.3151,1,1.6,0.6064,0.8078,25.8252,1
VH-05578,2023-06-25,18,Medium,3420.2,58.6,0.5201,0.8077,1,6.8,0.9128,0.952,49.4823,0
VH-05579,2022-03-02,2,Heavy,6247.5,139.0,0.6369,0.4556,0,8.9,0.6615,0.7618,20.3051,0
VH-05580,2023-11-22,23,Heavy,5321.9,116.5,0.6753,0.4038,0,8.2,0.8325,0.6839,31.8931,1
VH-05581,2022-10-28,10,Medium,3603.1,89.2,0.7896,0.4125,2,2.9,0.5727,0.7061,22.0723,1
VH-05582,2022-10-28,10,Medium,6753.7,176.8,0.5831,0.2113,0,16.0,0.1988,0.7143,63.0697,0
VH-05583,2023-08-24,20,Medium,5909.2,125.5,0.807,0.5387,0,4.2,0.8786,0.7574,14.1905,1
VH-05584,2022-08-29,8,Heavy,3258.1,42.4,0.8734,0.1843,0,1.4,0.5443,0.5123,15.2428,1
VH-05585,2022-06-30,6,Heavy,4271.9,91.9,0.5101,0.6426,0,10.8,0.1323,0.8637,48.7937,0
VH-05586,2023-02-25,14,Heavy,5275.4,121.7,0.8929,0.2843,1,4.4,0.3871,0.7005,24.0307,1
VH-05587,2022-05-31,5,Medium,3953.6,90.9,0.6189,0.7859,0,4.4,0.2546,0.9588,32.0891,0
VH-05588,2023-06-25,18,Medium,3998.4,86.5,0.9591,0.3911,2,2.9,0.6669,0.4314,8.8947,1
VH-05589,2023-06-25,18,Medium,4555.1,123.5,0.4978,0.3634,1,4.2,0.5641,0.8097,41.0692,1
VH-05590,2022-12-27,12,Medium,2901.3,66.5,0.6732,0.1864,2,10.0,0.5225,0.7099,41.7343,0
VH-05591,2022-06-30,6,Medium,1150.9,24.0,0.6944,0.4835,1,9.3,0.298,0.7716,26.6612,0
VH-05592,2022-06-30,6,Heavy,4858.7,96.3,0.5456,0.7382,0,9.2,0.4932,0.6002,21.8666,0
VH-05593,2022-12-27,12,Medium,1516.7,20.0,0.6923,0.3343,0,9.3,0.9045,0.7614,60.2642,0
VH-05594,2023-10-23,22,Light,3010.4,71.8,0.8121,0.727,4,5.8,0.7455,0.8558,21.6865,1
VH-05595,2022-11-27,11,Medium,1842.6,44.6,0.694,0.7389,1,3.6,0.8487,0.4528,13.442,1
VH-05596,2023-08-24,20,Medium,2027.3,29.2,0.6195,0.6958,2,3.1,0.1702,0.6759,60.6756,0
VH-05597,2022-05-31,5,Heavy,5139.5,113.5,0.5422,0.5102,1,3.3,0.714,0.8297,36.4759,1
VH-05598,2023-10-23,22,Medium,4166.5,90.4,0.6328,0.0731,2,6.8,0.4402,0.6756,29.2744,0
VH-05599,2023-04-26,16,Medium,4112.4,82.0,0.7076,0.1345,1,4.1,0.5428,0.8199,71.492,0
VH-05600,2023-08-24,20,Medium,2526.1,44.2,0.5076,0.0631,1,5.6,0.463,0.9137,19.5616,0
VH-05601,2022-07-30,7,Medium,3516.2,84.2,0.8375,0.474,1,7.3,0.6208,0.8717,49.9911,1
VH-05602,2022-07-30,7,Light,5064.7,109.2,0.7365,0.133,1,4.6,0.7356,0.6867,15.4116,1
VH-05603,2022-05-31,5,Heavy,4421.9,89.4,0.9197,0.1628,1,6.1,0.3122,0.8128,52.9339,0
VH-05604,2022-06-30,6,Heavy,5734.0,114.5,0.6019,0.2621,0,1.2,0.8733,0.8612,34.9052,0
VH-05605,2022-01-31,1,Medium,5947.6,130.2,0.4615,0.731,0,9.2,0.4401,0.8133,53.0846,0
VH-05606,2023-08-24,20,Medium,4121.7,105.5,0.8494,0.3309,0,0.9,0.5276,0.6278,47.2402,1
VH-05607,2023-10-23,22,Light,1721.6,41.4,0.8479,0.0603,2,2.5,0.3002,0.5395,67.4143,0
VH-05608,2023-11-22,23,Medium,3365.0,71.2,0.356,0.4391,0,2.1,0.7402,0.9108,41.0798,0
VH-05609,2022-03-02,2,Medium,4353.5,101.4,0.8132,0.6494,2,2.1,0.7405,0.7929,40.1567,1
VH-05610,2022-09-28,9,Heavy,3335.3,94.6,0.4894,0.3948,4,7.8,0.0753,0.8747,24.0722,0
VH-05611,2022-03-02,2,Light,2918.1,72.2,0.8401,0.6266,2,4.1,0.3591,0.7433,63.3954,0
VH-05612,2022-07-30,7,Heavy,4604.6,106.2,0.8621,0.8446,0,4.1,0.3306,0.3769,6.3249,1
VH-05613,2022-08-29,8,Medium,8145.5,190.6,0.9523,0.635,4,4.7,0.4525,0.5315,27.5751,1
VH-05614,2022-05-01,4,Medium,3767.7,81.4,0.552,0.6513,0,3.2,0.6218,0.8392,44.1693,0
VH-05615,2022-10-28,10,Medium,4495.8,102.7,0.648,0.4903,0,1.8,0.834,0.5416,6.3411,1
VH-05616,2023-06-25,18,Light,2531.9,48.9,0.5187,0.2681,0,7.5,0.7384,0.8018,54.2708,0
VH-05617,2023-04-26,16,Medium,6365.1,118.2,0.7487,0.5095,0,1.9,0.4476,0.8049,23.1793,0
VH-05618,2023-04-26,16,Heavy,5812.1,134.3,0.7521,0.5626,0,0.6,0.2127,0.7216,56.6791,0
VH-05619,2022-12-27,12,Medium,5708.6,132.1,0.7105,0.3978,2,9.1,0.5042,0.5387,15.9791,1
VH-05620,2023-09-23,21,Light,6539.7,141.0,0.9212,0.7606,1,6.2,0.3963,0.701,37.2883,0
VH-05621,2023-05-26,17,Medium,3859.0,101.3,0.501,0.8606,0,14.0,0.5519,0.7323,23.4364,0
VH-05622,2022-11-27,11,Medium,4046.4,79.1,0.4433,0.3411,0,2.8,0.7641,0.6862,59.1538,0
VH-05623,2022-12-27,12,Medium,7064.8,130.4,0.825,0.37,0,4.6,0.3076,0.5661,27.6647,1
VH-05624,2023-05-26,17,Medium,5449.1,110.6,0.8529,0.1698,0,5.4,0.4886,0.8585,71.7265,0
VH-05625,2023-11-22,23,Light,1171.2,20.0,0.8369,0.4417,0,3.2,0.4663,0.8444,67.5608,0
VH-05626,2023-03-27,15,Medium,5182.2,120.2,0.7929,0.3823,0,0.8,0.8648,0.3507,6.9382,1
VH-05627,2023-02-25,14,Heavy,3627.5,69.3,0.7749,0.5964,2,11.0,0.4714,0.3312,5.6036,1
VH-05628,2022-03-02,2,Heavy,5847.3,144.7,0.8816,0.5795,0,7.4,0.712,0.9001,34.5321,1
VH-05629,2022-06-30,6,Light,5112.3,128.1,0.7295,0.3938,0,2.9,0.6235,0.5696,31.9609,0
VH-05630,2022-05-31,5,Medium,1889.2,28.1,0.8606,0.7873,0,17.4,0.5376,0.6301,8.6009,1
VH-05631,2023-03-27,15,Medium,4903.2,96.8,0.6652,0.7558,0,14.6,0.2116,0.4022,45.9197,1
VH-05632,2023-06-25,18,Light,4815.9,115.0,0.6609,0.6876,1,6.9,0.7227,0.8075,19.2423,0
VH-05633,2023-04-26,16,Medium,5045.2,126.8,0.471,0.5441,0,1.6,0.6632,0.6344,16.4754,1
VH-05634,2023-11-22,23,Light,5363.3,89.0,0.9577,0.0764,1,11.1,0.3927,0.5327,36.7877,1
VH-05635,2022-10-28,10,Light,6743.9,154.1,0.5911,0.7015,2,2.7,0.4038,0.6958,39.9197,1
VH-05636,2022-12-27,12,Medium,5120.8,80.8,0.7689,0.6761,1,18.1,0.6694,0.7235,20.0867,1
VH-05637,2023-01-26,13,Medium,4534.3,92.5,0.9071,0.4729,1,4.2,0.7769,0.7158,25.2417,0
VH-05638,2023-08-24,20,Heavy,6222.0,154.7,0.5869,0.6183,0,2.1,0.1391,0.8071,47.4717,0
VH-05639,2022-05-01,4,Light,7864.1,219.9,0.9238,0.2008,4,11.6,0.4726,0.8244,16.6346,1
VH-05640,2023-05-26,17,Medium,5872.6,126.9,0.7235,0.1804,0,1.7,0.5221,0.7459,49.6441,0
VH-05641,2022-10-28,10,Medium,4809.3,88.2,0.5337,0.7234,2,3.9,0.8675,0.7102,24.8998,1
VH-05642,2022-01-31,1,Heavy,5148.8,106.7,0.9035,0.1681,0,12.9,0.6411,0.8618,13.0383,1
VH-05643,2022-11-27,11,Heavy,4884.1,109.5,0.5937,0.2971,1,7.1,0.7584,0.8299,34.0054,0
VH-05644,2023-02-25,14,Medium,4527.8,90.6,0.6246,0.2185,3,12.9,0.5553,0.7723,33.798,1
VH-05645,2023-10-23,22,Medium,7747.8,158.3,0.7105,0.803,2,6.7,0.9489,0.8467,31.8236,1
VH-05646,2023-03-27,15,Light,3376.4,68.6,0.8559,0.2298,0,2.0,0.7629,0.8231,57.4415,0
VH-05647,2023-04-26,16,Medium,6232.4,144.4,0.8166,0.4995,0,8.7,0.7156,0.8207,45.1811,0
VH-05648,2022-06-30,6,Light,4311.2,93.3,0.899,0.9102,0,10.3,0.2436,0.8364,35.5983,0
VH-05649,2023-01-26,13,Medium,2279.4,37.4,0.99,0.3156,1,7.5,0.2112,0.6293,25.9212,0
VH-05650,2022-06-30,6,Light,4217.5,83.7,0.8171,0.4202,1,1.9,0.4769,0.5113,19.9339,0
VH-05651,2023-10-23,22,Heavy,3679.8,75.6,0.8963,0.4228,1,1.9,0.7904,0.8629,21.5902,1
VH-05652,2023-11-22,23,Medium,5366.4,104.3,0.8367,0.264,0,10.1,0.1533,0.867,19.4286,0
VH-05653,2023-09-23,21,Medium,4637.0,92.4,0.5943,0.6185,0,1.0,0.395,0.9297,25.0649,0
VH-05654,2022-01-31,1,Medium,2967.0,75.6,0.6381,0.3489,0,10.2,0.8563,0.7142,41.8784,0
VH-05655,2023-07-25,19,Medium,6706.5,145.6,0.9628,0.8058,0,1.1,0.3394,0.5596,9.6539,1
VH-05656,2022-07-30,7,Light,6135.2,110.0,0.6752,0.4004,1,6.0,0.7737,0.7572,57.6318,0
VH-05657,2022-08-29,8,Heavy,6879.1,168.2,0.9146,0.2262,1,6.9,0.5937,0.7735,23.9679,1
VH-05658,2023-06-25,18,Heavy,4855.4,114.1,0.6185,0.4164,2,5.6,0.8332,0.7439,10.2223,1
VH-05659,2022-05-01,4,Light,4446.4,78.1,0.7355,0.1104,2,2.9,0.6554,0.8655,56.9689,0
VH-05660,2022-05-01,4,Heavy,5555.3,118.0,0.7997,0.6962,2,3.4,0.5925,0.5601,6.3057,1
VH-05661,2023-10-23,22,Medium,3633.8,68.9,0.953,0.3069,3,7.0,0.8064,0.7523,19.1566,1
VH-05662,2022-07-30,7,Light,4695.1,114.5,0.4556,0.3664,2,4.6,0.6352,0.7717,48.9315,1
VH-05663,2023-11-22,23,Medium,4236.5,88.6,0.7466,0.6098,1,15.6,0.6162,0.7879,39.3603,0
VH-05664,2023-07-25,19,Light,2308.4,50.2,0.7183,0.4298,1,1.2,0.5983,0.4884,40.5867,0
VH-05665,2023-02-25,14,Light,4691.2,101.4,0.8923,0.3895,1,5.5,0.2423,0.7692,22.044,0
VH-05666,2023-10-23,22,Medium,3838.5,63.1,0.4555,0.4449,1,7.4,0.278,0.9444,52.627,0
VH-05667,2022-01-31,1,Medium,4136.2,113.0,0.5788,0.19,1,12.3,0.2604,0.7164,52.5728,0
VH-05668,2023-01-26,13,Heavy,5045.7,122.1,0.9287,0.9042,2,16.3,0.6439,0.6089,20.0729,1
VH-05669,2023-07-25,19,Medium,6408.8,131.2,0.7533,0.5203,0,6.7,0.678,0.7673,31.8581,1
VH-05670,2023-09-23,21,Heavy,3226.8,74.6,0.951,0.2459,4,3.7,0.5282,0.889,52.8142,0
VH-05671,2023-03-27,15,Medium,3995.2,103.4,0.7646,0.3229,1,2.8,0.3085,0.5842,40.3514,0
VH-05672,2022-05-31,5,Heavy,3352.4,75.3,0.6649,0.7702,2,12.3,0.5153,0.7618,57.9178,0
VH-05673,2023-03-27,15,Medium,3254.7,95.7,0.3675,0.6764,1,9.1,0.7867,0.752,60.8255,0
VH-05674,2023-02-25,14,Medium,3608.1,123.9,0.3396,0.1789,0,1.0,0.9335,0.9781,28.6608,0
VH-05675,2022-05-01,4,Medium,4205.3,91.6,0.7797,0.2454,1,22.1,0.7379,0.6263,59.1237,1
VH-05676,2022-03-02,2,Heavy,5378.8,110.8,0.6039,0.2256,0,6.4,0.7891,0.7198,32.4798,0
VH-05677,2022-12-27,12,Light,4980.7,95.8,0.8613,0.4379,0,6.1,0.4052,0.5663,20.0985,1
VH-05678,2023-06-25,18,Medium,2914.7,31.6,0.8508,0.2389,0,1.6,0.4015,0.6526,61.1339,0
VH-05679,2022-04-01,3,Heavy,6441.2,161.9,0.4108,0.5434,2,1.0,0.2008,0.8954,35.1784,0
VH-05680,2023-05-26,17,Medium,5916.6,126.2,0.8854,0.2564,1,3.7,0.7854,0.9494,31.5722,1
VH-05681,2022-05-01,4,Heavy,3148.2,83.1,0.4103,0.2391,1,4.7,0.3991,0.943,64.7551,0
VH-05682,2023-10-23,22,Medium,6336.2,157.0,0.5185,0.4748,1,5.7,0.6832,0.5091,37.2131,0
VH-05683,2022-09-28,9,Light,4990.4,94.7,0.8203,0.4833,0,3.1,0.7123,0.8278,22.5177,0
VH-05684,2023-08-24,20,Medium,4265.3,80.8,0.6955,0.3281,0,2.9,0.4574,0.645,30.359,0
VH-05685,2022-12-27,12,Medium,5037.1,138.1,0.6365,0.431,1,3.3,0.7539,0.7768,32.0647,1
VH-05686,2023-09-23,21,Light,4461.3,98.1,0.6559,0.153,4,13.6,0.6081,0.857,47.2613,1
VH-05687,2022-10-28,10,Light,5317.6,108.3,0.827,0.1857,0,9.6,0.8345,0.7211,45.9431,0
VH-05688,2023-09-23,21,Light,4781.0,90.6,0.83,0.4833,1,18.4,0.4795,0.8967,49.1631,0
VH-05689,2022-10-28,10,Heavy,3993.9,86.6,0.7836,0.5816,1,1.7,0.8788,0.8358,44.3619,0
VH-05690,2023-03-27,15,Heavy,1461.3,55.1,0.5904,0.3288,1,19.6,0.6501,0.8359,36.3441,0
VH-05691,2022-08-29,8,Medium,5290.8,127.9,0.7376,0.4611,1,3.8,0.2451,0.8954,63.4723,0
VH-05692,2023-09-23,21,Light,3939.5,90.3,0.5357,0.8299,3,6.1,0.5876,0.2838,15.6154,1
VH-05693,2022-07-30,7,Medium,5666.9,149.8,0.889,0.5203,0,8.2,0.6092,0.9405,2.5698,1
VH-05694,2022-10-28,10,Heavy,5222.5,137.0,0.6934,0.2453,0,3.5,0.4755,0.8707,58.5136,0
VH-05695,2022-05-31,5,Heavy,3978.5,93.4,0.8413,0.1958,0,2.1,0.6883,0.5846,28.8297,1
VH-05696,2022-12-27,12,Medium,6034.5,175.7,0.6512,0.4584,1,10.5,0.596,0.8737,42.152,1
VH-05697,2023-05-26,17,Light,4807.3,103.1,0.4383,0.6816,1,5.6,0.4564,0.7172,24.8408,1
VH-05698,2023-11-22,23,Heavy,4745.5,121.9,0.4352,0.2808,4,7.0,0.4239,0.5129,25.7035,0
VH-05699,2023-08-24,20,Heavy,4292.8,89.5,0.8126,0.5971,0,8.7,0.6064,0.8298,43.0444,0
VH-05700,2022-04-01,3,Light,7025.3,169.7,0.7058,0.5163,1,1.3,0.6019,0.88,29.4132,0
VH-05701,2023-04-26,16,Heavy,3430.1,72.5,0.896,0.8543,0,4.3,0.7151,0.7524,15.5225,1
VH-05702,2022-10-28,10,Light,4016.0,96.2,0.7916,0.2085,1,3.1,0.6449,0.985,33.8886,0
VH-05703,2022-01-01,0,Light,2644.0,94.6,0.7761,0.2025,5,8.1,0.3952,0.7446,24.3165,0
VH-05704,2022-12-27,12,Heavy,5590.1,138.5,0.4838,0.4859,1,8.1,0.5789,0.7871,69.1626,0
VH-05705,2023-04-26,16,Medium,3626.8,87.7,0.6232,0.7565,0,4.2,0.5448,0.4474,26.4285,1
VH-05706,2022-05-01,4,Medium,3794.9,72.7,0.8679,0.3996,0,0.3,0.1734,0.7339,68.459,0
VH-05707,2022-09-28,9,Heavy,3724.6,85.6,0.7337,0.3996,1,8.0,0.624,0.383,15.6859,1
VH-05708,2022-07-30,7,Heavy,4594.1,87.0,0.6628,0.2967,0,4.9,0.4056,0.8636,21.5782,0
VH-05709,2022-05-01,4,Light,2623.9,71.6,0.3241,0.6345,1,4.8,0.6748,0.7761,66.192,0
VH-05710,2022-01-01,0,Medium,1135.1,38.2,0.553,0.2806,0,5.9,0.6121,0.8016,61.9996,0
VH-05711,2022-11-27,11,Heavy,5186.6,112.6,0.8541,0.6355,0,4.7,0.5296,0.9076,32.0381,0
VH-05712,2023-10-23,22,Medium,1329.7,54.5,0.7964,0.7063,0,13.2,0.3818,0.5598,63.9995,0
VH-05713,2023-03-27,15,Heavy,5781.2,151.3,0.7524,0.5813,0,14.5,0.4874,0.8127,41.377,1
VH-05714,2022-01-31,1,Medium,6837.8,154.2,0.703,0.3803,1,4.7,0.4356,0.7872,20.0253,0
VH-05715,2022-06-30,6,Light,4253.7,103.0,0.721,0.727,1,6.1,0.3893,0.7224,53.2124,0
VH-05716,2023-11-22,23,Light,6449.2,134.5,0.8374,0.6232,0,5.1,0.7641,0.8089,24.6473,1
VH-05717,2022-01-31,1,Heavy,4463.6,95.1,0.8726,0.3747,0,4.7,0.6059,0.7289,27.8084,1
VH-05718,2023-09-23,21,Heavy,6898.9,137.1,0.9181,0.1288,0,0.9,0.4395,0.9204,27.2803,0
VH-05719,2023-06-25,18,Light,3815.7,77.6,0.5756,0.4252,0,9.4,0.6217,0.6629,31.2873,1
VH-05720,2022-10-28,10,Light,952.7,20.0,0.622,0.3535,2,3.1,0.3288,0.9415,43.5131,0
VH-05721,2022-10-28,10,Heavy,4380.1,72.4,0.7755,0.5058,1,3.6,0.463,0.9135,9.837,1
VH-05722,2022-06-30,6,Light,7061.9,165.6,0.5493,0.4356,1,11.6,0.9309,0.7851,15.3002,1
VH-05723,2023-02-25,14,Light,5302.5,133.2,0.4601,0.5658,1,11.9,0.8286,0.5908,50.8884,1
VH-05724,2023-08-24,20,Heavy,3727.0,82.7,0.6929,0.2767,2,4.4,0.458,0.8374,61.8134,1
VH-05725,2022-05-01,4,Heavy,4993.4,70.5,0.5895,0.2909,0,9.4,0.7413,0.9569,68.5715,0
VH-05726,2022-08-29,8,Heavy,5956.7,128.6,0.8106,0.4526,2,1.1,0.3134,0.7648,21.8664,0
VH-05727,2022-05-01,4,Medium,4371.6,76.2,0.8843,0.3539,2,6.5,0.6429,0.7284,43.8078,1
VH-05728,2022-01-01,0,Medium,8439.6,178.4,0.7578,0.5216,1,6.7,0.5294,0.706,22.7525,1
VH-05729,2022-10-28,10,Heavy,3723.9,104.5,0.8802,0.3895,0,13.5,0.662,0.9059,35.6414,1
VH-05730,2022-11-27,11,Medium,6003.8,96.9,0.7134,0.6324,3,12.7,0.2692,0.9231,50.4095,0
VH-05731,2022-03-02,2,Medium,5642.9,113.2,0.6253,0.1313,1,1.0,0.4511,0.8922,37.7866,0
VH-05732,2023-08-24,20,Heavy,3450.3,89.1,0.9139,0.5126,1,13.5,0.8228,0.8391,8.9083,1
VH-05733,2023-02-25,14,Medium,3863.3,75.3,0.6148,0.5426,1,5.8,0.6738,0.7469,19.3811,0
VH-05734,2023-06-25,18,Heavy,6027.1,122.3,0.4952,0.545,1,2.0,0.2902,0.8577,33.0939,0
VH-05735,2023-06-25,18,Light,4717.2,135.3,0.7611,0.3748,1,2.9,0.3049,0.5162,14.9038,1
VH-05736,2023-06-25,18,Heavy,5007.1,116.9,0.766,0.4743,3,5.8,0.5607,0.8842,31.567,0
VH-05737,2022-05-31,5,Medium,2046.0,59.5,0.7425,0.6454,1,5.0,0.7111,0.8221,53.6325,0
VH-05738,2022-06-30,6,Medium,5484.0,129.3,0.8967,0.2599,1,2.6,0.7647,0.3453,14.0112,1
VH-05739,2023-03-27,15,Heavy,4930.9,112.0,0.7687,0.5169,1,1.7,0.9627,0.5175,9.9589,1
VH-05740,2022-04-01,3,Medium,4404.1,116.8,0.8106,0.3343,1,6.7,0.8164,0.7585,30.4504,1
VH-05741,2023-03-27,15,Heavy,5041.3,140.6,0.7889,0.5471,0,1.4,0.4283,0.9657,35.259,0
VH-05742,2022-11-27,11,Medium,3886.2,61.1,0.688,0.5802,1,13.3,0.5981,0.8078,46.9524,0
VH-05743,2022-04-01,3,Heavy,3612.1,79.7,0.5334,0.4901,1,0.9,0.3658,0.5076,20.8141,1
VH-05744,2022-09-28,9,Heavy,4137.2,91.3,0.826,0.4087,0,9.1,0.2372,0.594,55.9477,0
VH-05745,2022-05-01,4,Medium,3803.7,78.1,0.5576,0.3582,0,2.3,0.3027,0.6849,71.2947,0
VH-05746,2022-05-31,5,Light,7770.8,187.4,0.82,0.2478,2,2.3,0.5558,0.8413,31.629,1
VH-05747,2022-08-29,8,Light,5867.8,134.2,0.8707,0.7298,0,3.6,0.2292,0.6614,51.6279,0
VH-05748,2023-04-26,16,Heavy,3047.3,96.6,0.9424,0.8296,1,1.2,0.4659,0.5636,17.7113,1
VH-05749,2022-01-31,1,Heavy,7554.4,184.4,0.7957,0.1434,0,6.7,0.5128,0.5493,18.855,1
VH-05750,2023-03-27,15,Heavy,3850.7,106.0,0.7958,0.2723,1,3.5,0.6802,0.2661,11.8297,1
VH-05751,2023-01-26,13,Light,4544.2,83.0,0.9035,0.5334,0,7.5,0.5684,0.4671,12.728,1
VH-05752,2022-09-28,9,Medium,5846.1,117.8,0.7115,0.2884,1,9.0,0.7138,0.5543,58.485,1
VH-05753,2022-04-01,3,Heavy,1545.0,23.5,0.7757,0.5208,1,3.5,0.5051,0.5006,44.4047,0
VH-05754,2023-01-26,13,Heavy,4144.5,111.9,0.4041,0.5546,1,0.7,0.5968,0.8577,37.782,0
VH-05755,2023-01-26,13,Light,3640.0,66.4,0.8804,0.1296,1,4.4,0.6709,0.6193,62.4673,1
VH-05756,2023-02-25,14,Medium,4807.6,92.8,0.3243,0.9146,2,8.3,0.4787,0.9181,28.2936,0
VH-05757,2022-09-28,9,Light,5055.1,95.5,0.7752,0.4803,0,10.6,0.4506,0.7693,69.5278,0
VH-05758,2023-06-25,18,Medium,4384.1,138.7,0.7298,0.2107,0,2.0,0.4868,0.8801,59.8055,0
VH-05759,2022-03-02,2,Light,4314.5,93.7,0.7962,0.3158,1,1.7,0.6003,0.6854,33.4565,1
VH-05760,2022-10-28,10,Light,6097.7,143.5,0.3247,0.2396,1,4.7,0.9482,0.5242,37.6,0
VH-05761,2022-01-01,0,Light,4952.2,92.9,0.4004,0.1965,1,3.9,0.1507,0.8133,57.5008,0
VH-05762,2023-04-26,16,Heavy,4562.1,115.8,0.8435,0.5175,1,3.1,0.3602,0.9643,54.2739,0
VH-05763,2023-02-25,14,Heavy,4721.8,78.3,0.9157,0.4739,0,7.3,0.8272,0.5284,7.2828,1
VH-05764,2022-09-28,9,Heavy,7253.8,146.5,0.6106,0.3286,0,1.7,0.3351,0.8538,34.9839,1
VH-05765,2022-05-01,4,Medium,4759.0,94.8,0.752,0.4444,2,3.1,0.665,0.7597,15.2747,1
VH-05766,2023-09-23,21,Medium,3728.3,86.1,0.5063,0.4798,0,8.5,0.3232,0.9346,48.37,0
VH-05767,2023-09-23,21,Medium,1636.5,24.5,0.9594,0.4854,1,9.7,0.2929,0.7682,65.6253,0
VH-05768,2022-11-27,11,Medium,2349.1,75.1,0.7977,0.3016,1,3.2,0.7124,0.9213,24.7304,0
VH-05769,2023-11-22,23,Medium,3799.5,92.0,0.9091,0.3357,1,3.8,0.38,0.864,47.7405,0
VH-05770,2023-09-23,21,Heavy,4337.4,86.0,0.9494,0.4196,1,5.2,0.4494,0.476,18.0097,1
VH-05771,2022-04-01,3,Heavy,3666.6,96.4,0.9366,0.2071,1,18.5,0.9249,0.8914,27.5098,1
VH-05772,2023-08-24,20,Heavy,5026.7,105.8,0.8339,0.2361,3,5.9,0.4893,0.8295,33.3651,0
VH-05773,2022-03-02,2,Light,3647.2,72.2,0.8236,0.1167,1,15.3,0.7576,0.678,20.0065,0
VH-05774,2023-02-25,14,Medium,3128.3,83.0,0.9011,0.7156,2,2.3,0.353,0.6871,35.3769,1
VH-05775,2023-07-25,19,Light,5419.0,83.6,0.6504,0.408,2,1.5,0.4205,0.8851,24.1622,0
VH-05776,2023-03-27,15,Light,6554.1,156.7,0.8906,0.6665,0,7.0,0.5824,0.9111,34.9529,1
VH-05777,2022-01-01,0,Heavy,2839.2,52.4,0.7192,0.1597,1,2.7,0.6403,0.9132,30.6729,0
VH-05778,2022-12-27,12,Medium,4865.6,97.4,0.4995,0.3478,2,4.5,0.4323,0.7608,48.5687,0
VH-05779,2023-03-27,15,Heavy,1642.5,65.9,0.8828,0.4545,1,1.7,0.4667,0.3925,19.2875,0
VH-05780,2022-10-28,10,Light,2288.2,42.9,0.6073,0.5172,0,21.2,0.7721,0.8247,25.1122,1
VH-05781,2023-07-25,19,Heavy,3616.9,94.7,0.4018,0.5016,1,8.0,0.9003,0.5105,57.5346,0
VH-05782,2023-06-25,18,Heavy,6202.4,142.0,0.5601,0.317,0,3.0,0.7631,0.6748,17.2295,1
VH-05783,2023-09-23,21,Medium,3331.9,79.8,0.8416,0.3572,1,1.7,0.4824,0.7878,38.8364,1
VH-05784,2022-03-02,2,Heavy,3275.8,69.0,0.4439,0.7196,0,2.8,0.6367,0.5047,24.5488,0
VH-05785,2022-05-31,5,Light,4554.1,96.7,0.396,0.4412,1,0.5,0.5109,0.7508,34.4781,0
VH-05786,2023-02-25,14,Heavy,4555.6,124.2,0.5144,0.7747,1,5.4,0.5074,0.665,36.6352,1
VH-05787,2023-02-25,14,Heavy,3322.3,87.8,0.6292,0.4351,1,6.3,0.42,0.1873,21.6973,1
VH-05788,2023-01-26,13,Heavy,7479.3,158.7,0.4784,0.2988,2,6.1,0.7164,0.6331,21.8356,0
VH-05789,2022-06-30,6,Heavy,4102.0,75.5,0.9171,0.4432,1,3.3,0.7493,0.9041,43.5436,0
VH-05790,2023-05-26,17,Medium,4670.4,95.0,0.6213,0.459,4,1.3,0.4292,0.6686,53.7914,0
VH-05791,2022-01-31,1,Heavy,3897.3,101.3,0.9682,0.0391,2,7.1,0.6267,0.6747,42.1058,1
VH-05792,2022-01-31,1,Medium,5160.0,132.3,0.8917,0.2743,0,11.6,0.9833,0.7622,26.0819,1
VH-05793,2022-12-27,12,Light,6352.4,149.5,0.8611,0.2423,0,13.0,0.6718,0.8827,25.3005,1
VH-05794,2023-01-26,13,Light,6995.5,131.2,0.8875,0.2665,0,9.2,0.8269,0.6996,17.5155,1
VH-05795,2022-12-27,12,Heavy,3356.6,85.9,0.7913,0.1775,0,9.7,0.2782,0.4342,20.8349,0
VH-05796,2022-01-31,1,Medium,6151.2,156.2,0.6988,0.594,0,5.4,0.5492,0.8668,45.8294,0
VH-05797,2022-07-30,7,Medium,5324.5,120.9,0.6186,0.3995,2,12.4,0.5514,0.6153,29.4863,1
VH-05798,2022-08-29,8,Heavy,5961.8,162.2,0.5508,0.2515,2,14.9,0.4434,0.8283,47.2883,0
VH-05799,2022-09-28,9,Medium,4362.2,77.1,0.3808,0.4368,1,5.7,0.9151,0.7339,45.3003,0
VH-05800,2022-09-28,9,Medium,4219.4,104.0,0.9036,0.2312,0,0.9,0.9403,0.7201,11.0884,1
VH-05801,2022-12-27,12,Medium,5903.6,115.9,0.6535,0.7615,0,10.8,0.337,0.719,48.4742,0
VH-05802,2022-09-28,9,Medium,5932.0,147.7,0.6394,0.2164,2,5.1,0.3056,0.7354,29.341,1
VH-05803,2023-05-26,17,Heavy,6848.6,161.4,0.6812,0.0263,2,12.1,0.7073,0.6773,24.0248,1
VH-05804,2022-08-29,8,Medium,4797.8,133.6,0.8837,0.2556,0,0.6,0.8014,0.6902,42.9437,1
VH-05805,2022-05-01,4,Medium,4339.6,103.9,0.2649,0.2476,1,7.2,0.1404,0.7541,35.3926,0
VH-05806,2022-11-27,11,Heavy,810.2,20.0,0.7425,0.0383,1,6.1,0.4901,0.3037,32.3756,1
VH-05807,2023-07-25,19,Heavy,2083.1,38.9,0.7385,0.7208,1,5.2,0.3295,0.7776,21.9723,1
VH-05808,2022-01-01,0,Heavy,3908.6,83.1,0.3889,0.6394,2,17.0,0.6344,0.5813,28.5099,1
VH-05809,2023-03-27,15,Light,2848.4,55.6,0.6527,0.6735,2,3.7,0.7663,0.6049,17.1954,1
VH-05810,2023-11-22,23,Heavy,5721.2,147.3,0.7369,0.4764,1,1.9,0.4651,0.515,22.4744,1
VH-05811,2022-03-02,2,Medium,2535.0,75.5,0.8364,0.149,0,2.0,0.7011,0.6579,43.494,0
VH-05812,2022-04-01,3,Light,3748.0,60.8,0.8858,0.4038,0,6.7,0.594,0.8676,30.8502,0
VH-05813,2022-01-31,1,Medium,3807.0,85.2,0.625,0.4012,1,3.9,0.7393,0.8444,69.0284,0
VH-05814,2022-03-02,2,Heavy,6307.1,141.1,0.8148,0.4556,2,2.7,0.8771,0.7717,7.6932,1
VH-05815,2023-09-23,21,Medium,3587.6,68.0,0.3243,0.6724,0,7.8,0.7034,0.7175,55.7205,1
VH-05816,2023-08-24,20,Heavy,5178.6,121.7,0.4069,0.2739,3,6.3,0.2427,0.9513,44.3807,0
VH-05817,2022-01-01,0,Medium,4793.6,128.4,0.572,0.6521,1,3.1,0.7598,0.5875,45.4692,0
VH-05818,2022-10-28,10,Light,5854.9,143.5,0.4455,0.6182,1,1.6,0.7777,0.5181,42.0852,1
VH-05819,2023-04-26,16,Medium,5775.3,148.5,0.637,0.1896,2,5.9,0.5151,0.8918,66.2246,0
VH-05820,2023-10-23,22,Medium,4449.8,88.1,0.7512,0.4289,4,8.2,0.1874,0.4361,54.8152,1
VH-05821,2022-01-01,0,Medium,1955.6,44.0,0.9581,0.3328,2,0.4,0.5966,0.8307,51.2807,1
VH-05822,2022-06-30,6,Heavy,4152.4,80.8,0.5131,0.5013,0,7.6,0.6368,0.8637,14.6392,1
VH-05823,2023-10-23,22,Heavy,4470.1,102.9,0.7394,0.8286,2,7.6,0.6844,0.6414,19.6784,0
VH-05824,2023-02-25,14,Light,4929.0,114.5,0.2041,0.2063,1,1.4,0.1412,0.8242,46.1725,0
VH-05825,2022-11-27,11,Medium,3393.7,89.8,0.5987,0.4241,1,2.7,0.7227,0.7949,53.2376,0
VH-05826,2022-06-30,6,Light,6211.4,157.7,0.8598,0.1591,0,1.3,0.7258,0.5275,20.5891,1
VH-05827,2022-01-01,0,Medium,4520.4,110.8,0.3581,0.3521,1,5.1,0.2847,0.8966,52.8074,0
VH-05828,2023-08-24,20,Light,3119.3,56.4,0.7518,0.5695,0,10.7,0.6264,0.8121,42.9202,1
VH-05829,2022-04-01,3,Medium,3812.7,64.4,0.6508,0.4453,0,4.1,0.5891,0.694,51.5094,1
VH-05830,2023-09-23,21,Heavy,7392.8,172.1,0.8218,0.6729,1,2.1,0.6187,0.4535,9.7337,1
VH-05831,2022-01-31,1,Medium,5496.6,144.7,0.8272,0.3669,1,4.9,0.7222,0.8172,3.1354,1
VH-05832,2023-10-23,22,Medium,6072.7,134.6,0.9181,0.2018,2,4.3,0.6481,0.9354,36.5634,0
VH-05833,2023-11-22,23,Medium,2937.6,42.4,0.845,0.4623,0,3.4,0.448,0.7538,28.1674,0
VH-05834,2022-04-01,3,Medium,3466.8,108.3,0.9061,0.6106,0,6.4,0.8549,0.5971,33.309,1
VH-05835,2023-04-26,16,Medium,3477.9,84.6,0.7246,0.2187,2,6.0,0.9018,0.5549,50.4712,0
VH-05836,2022-10-28,10,Light,4776.6,108.7,0.57,0.5226,1,7.1,0.5344,0.6275,24.1524,0
VH-05837,2023-10-23,22,Heavy,4239.0,76.7,0.4796,0.4799,0,5.9,0.5051,0.6874,37.3148,0
VH-05838,2022-10-28,10,Medium,3765.8,83.9,0.7515,0.5468,1,11.5,0.7121,0.8588,28.4279,0
VH-05839,2023-03-27,15,Medium,3953.9,98.2,0.6691,0.3928,2,5.9,0.6012,0.8655,18.8481,0
VH-05840,2023-09-23,21,Light,3308.9,81.1,0.4467,0.0277,0,7.7,0.9394,0.7758,47.1784,0
VH-05841,2022-07-30,7,Medium,4230.2,83.8,0.8708,0.4273,0,6.2,0.4679,0.7319,26.1163,0
VH-05842,2023-08-24,20,Medium,6169.8,136.3,0.49,0.4617,1,1.8,0.4708,0.7535,65.4261,0
VH-05843,2023-07-25,19,Medium,2230.3,40.3,0.6631,0.71,0,8.2,0.4244,0.886,51.5231,0
VH-05844,2023-09-23,21,Medium,5019.7,136.5,0.8794,0.7382,0,6.2,0.5318,0.7932,27.4183,0
VH-05845,2023-05-26,17,Medium,6570.1,159.4,0.5101,0.6645,3,5.1,0.7229,0.5217,4.2166,1
VH-05846,2022-04-01,3,Heavy,4225.2,86.0,0.9279,0.3352,1,6.6,0.6241,0.8094,25.4833,0
VH-05847,2022-08-29,8,Heavy,3706.7,64.8,0.835,0.5466,0,4.0,0.738,0.8538,26.6816,1
VH-05848,2023-01-26,13,Light,5886.3,135.0,0.7516,0.5048,0,6.3,0.4304,0.7429,28.8129,0
VH-05849,2023-10-23,22,Light,3023.7,59.8,0.4922,0.5523,0,21.7,0.6871,0.8831,25.0505,0
VH-05850,2022-05-31,5,Heavy,4466.0,93.0,0.7089,0.5376,0,7.8,0.51,0.8482,39.2897,0
VH-05851,2023-03-27,15,Heavy,2940.2,48.3,0.6286,0.2915,1,3.7,0.8527,0.9303,66.7423,0
VH-05852,2022-05-31,5,Heavy,1694.8,22.5,0.6709,0.4614,0,6.1,0.4198,0.9303,26.1399,0
VH-05853,2022-08-29,8,Light,4272.0,97.4,0.4569,0.222,2,5.1,0.5251,0.6782,68.02,0
VH-05854,2022-09-28,9,Medium,2604.9,53.9,0.5166,0.4561,1,7.9,0.4378,0.4414,21.9207,0
VH-05855,2022-01-31,1,Light,4482.5,137.1,0.7773,0.6688,0,17.1,0.5857,0.6777,30.3284,1
VH-05856,2022-11-27,11,Heavy,6172.5,146.1,0.6339,0.6423,1,14.1,0.4569,0.8719,17.1441,1
VH-05857,2022-03-02,2,Medium,7281.4,144.5,0.3635,0.3657,0,7.3,0.7974,0.8157,52.4557,0
VH-05858,2022-01-31,1,Medium,4640.3,80.1,0.894,0.0383,1,6.4,0.57,0.6458,12.8522,1
VH-05859,2023-02-25,14,Medium,6028.8,139.9,0.792,0.4766,2,3.4,0.7252,0.8708,37.6826,0
VH-05860,2022-04-01,3,Medium,5098.4,107.3,0.7992,0.3758,0,4.5,0.4784,0.9586,41.1419,0
VH-05861,2023-02-25,14,Medium,3925.3,107.2,0.8686,0.8587,0,13.3,0.3555,0.5918,18.5657,1
VH-05862,2023-06-25,18,Light,1612.8,40.1,0.6086,0.81,3,0.7,0.0919,0.7931,71.3056,0
VH-05863,2023-10-23,22,Medium,6939.7,124.5,0.835,0.1028,2,7.7,0.7357,0.8826,29.4052,0
VH-05864,2022-06-30,6,Heavy,2926.3,49.7,0.7018,0.6203,2,4.0,0.7124,0.8356,49.7954,1
VH-05865,2023-09-23,21,Medium,6574.2,136.0,0.9169,0.5424,2,11.6,0.3943,0.5784,6.5465,1
VH-05866,2023-08-24,20,Medium,5305.2,124.5,0.7271,0.5805,0,7.8,0.5116,0.9347,31.0293,0
VH-05867,2022-01-31,1,Heavy,3036.0,51.7,0.8311,0.175,0,3.8,0.2056,0.7479,48.0652,0
VH-05868,2022-04-01,3,Heavy,4968.0,112.7,0.5798,0.278,0,1.7,0.8223,0.9367,47.5071,0
VH-05869,2023-08-24,20,Light,7699.4,151.1,0.5467,0.153,1,3.5,0.1217,0.8799,41.2754,1
VH-05870,2023-05-26,17,Light,6803.5,151.3,0.6689,0.3437,1,4.2,0.6954,0.5198,34.053,1
VH-05871,2022-07-30,7,Medium,3730.9,88.5,0.5488,0.1548,1,14.5,0.6272,0.4742,57.5909,0
VH-05872,2022-08-29,8,Medium,3432.0,98.2,0.5667,0.2734,1,4.5,0.0851,0.737,68.0584,0
VH-05873,2022-09-28,9,Light,4650.3,107.0,0.7721,0.5309,0,0.9,0.3586,0.7421,33.7866,1
VH-05874,2022-08-29,8,Light,4251.7,82.2,0.7862,0.7424,3,5.4,0.2767,0.7106,24.6898,1
VH-05875,2022-10-28,10,Light,6299.6,162.4,0.937,0.0908,0,3.1,0.6964,0.6343,17.8645,1
VH-05876,2023-11-22,23,Medium,5609.4,121.9,0.9259,0.4653,1,2.5,0.3742,0.8365,20.9059,1
VH-05877,2022-01-31,1,Medium,1961.6,55.2,0.3604,0.2126,0,5.5,0.8877,0.7277,71.2198,0
VH-05878,2022-08-29,8,Light,5188.0,106.1,0.8698,0.1239,0,6.2,0.5254,0.5536,36.2356,1
VH-05879,2022-05-01,4,Heavy,4231.4,95.4,0.8938,0.7271,0,5.0,0.8707,0.698,18.3847,1
VH-05880,2022-10-28,10,Medium,4555.7,89.2,0.6026,0.2617,1,6.4,0.6476,0.7393,50.9295,0
VH-05881,2023-04-26,16,Medium,4873.4,113.1,0.8806,0.3028,1,7.7,0.7849,0.6457,18.3477,1
VH-05882,2023-10-23,22,Light,6298.1,152.0,0.8331,0.4738,0,5.3,0.4556,0.9107,29.4468,1
VH-05883,2023-03-27,15,Heavy,5966.7,125.2,0.8389,0.274,1,3.8,0.8664,0.7885,30.6578,0
VH-05884,2022-07-30,7,Heavy,3375.4,66.7,0.4928,0.1374,1,0.4,0.5866,0.8481,37.206,0
VH-05885,2022-05-01,4,Medium,4412.1,103.4,0.8089,0.4827,1,4.4,0.2638,0.7923,11.9647,1
VH-05886,2023-11-22,23,Light,3827.2,72.7,0.4593,0.4639,3,3.9,0.4916,0.6771,59.5004,0
VH-05887,2023-04-26,16,Medium,1977.2,21.2,0.9147,0.1606,0,4.8,0.878,0.8675,57.3295,0
VH-05888,2022-10-28,10,Light,4335.9,101.7,0.8616,0.5505,1,2.8,0.6162,0.7963,43.7768,1
VH-05889,2023-02-25,14,Heavy,7267.1,159.9,0.878,0.284,0,1.3,0.1243,0.8246,65.2475,0
VH-05890,2022-06-30,6,Light,1931.9,41.0,0.689,0.4934,0,2.6,0.5078,0.7032,24.7939,0
VH-05891,2022-11-27,11,Heavy,4463.9,107.0,0.8637,0.3207,2,7.4,0.9095,0.7776,6.8461,1
VH-05892,2022-03-02,2,Medium,4415.8,108.0,0.7298,0.093,2,3.1,0.5484,0.3809,35.8189,0
VH-05893,2023-01-26,13,Medium,4931.6,107.2,0.5749,0.3472,1,3.2,0.3189,0.5572,25.0116,0
VH-05894,2022-11-27,11,Heavy,3055.9,51.1,0.5687,0.4913,2,5.3,0.6671,0.9123,46.9071,0
VH-05895,2022-05-01,4,Light,2362.3,42.9,0.7245,0.263,0,3.9,0.6483,0.586,32.4486,1
VH-05896,2022-07-30,7,Heavy,2432.1,62.8,0.5074,0.0746,3,2.4,0.344,0.9453,59.1991,0
VH-05897,2023-05-26,17,Light,6496.4,146.4,0.8796,0.3547,3,6.9,0.4241,0.775,26.2626,1
VH-05898,2022-11-27,11,Heavy,3026.0,59.0,0.6904,0.2211,1,2.1,0.6726,0.3948,48.756,1
VH-05899,2022-12-27,12,Medium,3750.7,71.6,0.7251,0.3155,0,1.8,0.621,0.8531,46.6911,0
VH-05900,2023-08-24,20,Light,7656.9,179.4,0.7444,0.2972,0,0.9,0.6307,0.7542,37.2042,0
VH-05901,2023-10-23,22,Heavy,3398.6,72.2,0.6574,0.3625,0,5.9,0.2279,0.7159,50.104,0
VH-05902,2023-11-22,23,Light,5013.6,122.7,0.9507,0.4296,0,4.7,0.4003,0.5639,7.4842,1
VH-05903,2023-10-23,22,Light,6095.7,148.7,0.7407,0.5146,0,12.6,0.8701,0.8819,48.7769,1
VH-05904,2022-10-28,10,Heavy,6023.6,129.2,0.8515,0.7358,0,8.5,0.9357,0.3536,17.3564,1
VH-05905,2023-01-26,13,Medium,2502.6,69.9,0.833,0.7472,0,1.8,0.3516,0.8183,58.5396,0
VH-05906,2022-08-29,8,Heavy,3430.0,78.3,0.662,0.5514,0,5.6,0.6248,0.3843,28.4167,1
VH-05907,2022-12-27,12,Medium,4953.5,114.1,0.5709,0.4737,2,5.8,0.3315,0.4311,2.7298,1
VH-05908,2023-10-23,22,Medium,7393.5,131.5,0.7753,0.4548,1,5.1,0.3911,0.9096,29.4236,0
VH-05909,2023-01-26,13,Medium,3357.7,60.1,0.8391,0.3375,2,14.5,0.7454,0.6338,34.5986,1
VH-05910,2022-01-01,0,Light,3759.6,69.8,0.4382,0.7224,0,0.7,0.6591,0.4778,66.9752,1
VH-05911,2022-01-31,1,Heavy,5129.4,109.2,0.4964,0.5296,1,2.4,0.331,0.7779,21.3283,0
VH-05912,2022-09-28,9,Light,5429.5,122.4,0.8014,0.6146,2,1.9,0.0924,0.7021,44.4533,0
VH-05913,2023-03-27,15,Medium,5520.4,125.0,0.9006,0.6779,0,5.9,0.7659,0.6853,16.8506,1
VH-05914,2022-10-28,10,Medium,3230.5,76.1,0.5888,0.1359,1,2.3,0.7082,0.8716,60.5361,0
VH-05915,2023-09-23,21,Medium,3701.9,72.0,0.9228,0.2233,1,2.5,0.6376,0.9741,28.1965,0
VH-05916,2023-03-27,15,Medium,4823.3,117.6,0.6906,0.8772,0,1.6,0.6314,0.379,0.7706,1
VH-05917,2023-01-26,13,Heavy,6393.5,169.2,0.9116,0.6641,0,3.4,0.54,0.8814,18.3391,1
VH-05918,2023-09-23,21,Heavy,4142.3,86.8,0.3212,0.2919,0,2.9,0.6528,0.9091,59.7926,0
VH-05919,2023-04-26,16,Heavy,4466.5,89.3,0.8607,0.5754,0,8.8,0.645,0.7929,36.0357,0
VH-05920,2023-02-25,14,Medium,2961.1,55.5,0.7253,0.231,0,2.3,0.6516,0.8149,30.5768,0
VH-05921,2022-05-01,4,Medium,7294.8,163.4,0.7823,0.2591,1,2.4,0.2026,0.7428,13.738,1
VH-05922,2023-05-26,17,Light,4731.4,97.3,0.8152,0.4031,1,3.5,0.6563,0.7693,24.1056,1
VH-05923,2022-08-29,8,Heavy,6116.6,110.0,0.7528,0.2023,0,2.7,0.5633,0.422,32.0443,1
VH-05924,2023-08-24,20,Medium,4544.8,79.1,0.5585,0.107,2,3.2,0.6878,0.4385,24.599,0
VH-05925,2022-12-27,12,Medium,4627.9,118.1,0.6031,0.2788,2,6.2,0.5819,0.648,29.4302,1
VH-05926,2022-03-02,2,Light,2249.5,69.2,0.7282,0.5117,1,3.1,0.3879,0.3541,46.5256,1
VH-05927,2022-01-31,1,Heavy,1273.9,52.3,0.9294,0.2079,0,6.9,0.338,0.8527,54.2899,0
VH-05928,2023-09-23,21,Heavy,6377.9,145.1,0.7804,0.2927,1,2.6,0.4274,0.8584,39.5202,0
VH-05929,2023-01-26,13,Heavy,4617.1,87.7,0.9081,0.6904,1,11.1,0.2034,0.352,39.1862,1
VH-05930,2023-11-22,23,Light,4809.6,100.3,0.8224,0.5369,1,15.9,0.7551,0.5243,19.6694,1
VH-05931,2023-02-25,14,Heavy,2626.4,36.0,0.4987,0.3371,0,7.4,0.6254,0.5018,44.3256,1
VH-05932,2022-11-27,11,Light,3145.4,46.9,0.3556,0.5382,0,7.5,0.7105,0.5722,64.2617,0
VH-05933,2023-04-26,16,Medium,6093.5,139.2,0.9623,0.6715,1,12.8,0.6833,0.5955,11.6266,1
VH-05934,2022-05-01,4,Light,7110.2,166.1,0.9816,0.1634,1,0.9,0.2079,0.3028,8.7743,1
VH-05935,2022-03-02,2,Medium,3568.1,108.7,0.5445,0.703,0,5.8,0.6066,0.5764,21.5663,0
VH-05936,2023-07-25,19,Medium,5507.2,121.1,0.611,0.4387,0,6.8,0.6385,0.8563,17.4708,1
VH-05937,2022-03-02,2,Light,4785.0,86.0,0.7742,0.5739,0,2.3,0.6042,0.7632,36.9314,1
VH-05938,2022-11-27,11,Medium,4319.2,94.2,0.6267,0.3387,0,2.4,0.7617,0.9117,51.6195,0
VH-05939,2022-03-02,2,Medium,7277.9,157.5,0.9106,0.5278,2,0.9,0.3552,0.7209,21.8287,0
VH-05940,2022-01-31,1,Heavy,3820.2,77.5,0.5733,0.5985,0,13.4,0.5472,0.8901,66.5357,0
VH-05941,2023-01-26,13,Medium,6361.1,146.5,0.6959,0.4477,2,4.4,0.8143,0.739,23.7803,0
VH-05942,2022-05-01,4,Medium,5072.1,94.5,0.5135,0.611,0,0.8,0.5954,0.7311,38.9402,0
VH-05943,2022-10-28,10,Light,4474.7,101.4,0.2376,0.5632,0,3.6,0.4228,0.6602,23.9711,0
VH-05944,2023-11-22,23,Heavy,6558.0,155.5,0.9349,0.269,1,5.2,0.6802,0.9796,21.7559,1
VH-05945,2022-05-01,4,Light,4935.2,131.0,0.6912,0.7388,0,2.1,0.6668,0.6577,24.5693,0
VH-05946,2022-07-30,7,Medium,4355.4,101.4,0.9409,0.6006,0,0.4,0.7959,0.7308,17.4615,1
VH-05947,2022-07-30,7,Light,6569.2,161.6,0.5951,0.1679,1,2.5,0.105,0.8558,28.3881,0
VH-05948,2023-07-25,19,Medium,6373.9,135.0,0.619,0.7586,2,4.9,0.5758,0.8765,22.047,0
VH-05949,2022-11-27,11,Medium,6302.9,135.5,0.8733,0.3292,2,5.9,0.6218,0.801,25.6829,0
VH-05950,2022-07-30,7,Medium,800.0,38.0,0.7231,0.2539,0,6.3,0.2053,0.5389,69.1374,0
VH-05951,2023-09-23,21,Medium,5160.3,94.1,0.902,0.2298,0,3.4,0.3853,0.3794,26.6775,1
VH-05952,2022-04-01,3,Medium,4818.2,101.0,0.4585,0.5344,1,10.1,0.8712,0.8868,66.1018,0
VH-05953,2023-10-23,22,Medium,4447.7,115.8,0.8224,0.7788,2,14.5,0.4542,0.688,13.0299,1
VH-05954,2022-09-28,9,Light,5414.7,117.2,0.7942,0.3385,0,4.7,0.4739,0.6645,38.5174,0
VH-05955,2023-07-25,19,Medium,4890.8,104.4,0.8747,0.4008,2,4.1,0.5282,0.7456,19.506,1
VH-05956,2022-09-28,9,Medium,5516.7,118.6,0.921,0.2615,0,0.8,0.4045,0.9344,24.5989,0
VH-05957,2022-03-02,2,Medium,4098.1,92.8,0.931,0.5731,0,10.0,0.0981,0.8793,65.3044,0
VH-05958,2023-01-26,13,Light,6747.3,166.2,0.9201,0.7378,4,8.3,0.7269,0.7712,27.177,1
VH-05959,2022-08-29,8,Medium,5668.4,139.8,0.5155,0.1557,0,1.8,0.3209,0.7138,36.579,1
VH-05960,2022-07-30,7,Medium,5313.8,118.3,0.3573,0.7706,0,2.1,0.2926,0.8307,68.9002,0
VH-05961,2022-04-01,3,Light,5240.6,132.8,0.696,0.6451,2,10.8,0.8741,0.7861,32.3536,0
VH-05962,2023-03-27,15,Light,6235.9,143.7,0.5915,0.1344,1,8.1,0.3862,0.527,40.4229,1
VH-05963,2022-01-31,1,Medium,6032.5,146.9,0.8454,0.5437,0,3.8,0.6912,0.9031,23.858,0
VH-05964,2023-05-26,17,Medium,4330.8,80.8,0.7949,0.4289,1,8.1,0.7758,0.7533,16.1013,1
VH-05965,2022-12-27,12,Medium,5985.5,159.1,0.8325,0.7948,1,7.3,0.7314,0.6725,8.5715,1
VH-05966,2022-08-29,8,Light,4761.1,109.1,0.8046,0.5304,2,2.7,0.523,0.7955,6.8216,1
VH-05967,2022-11-27,11,Heavy,7375.4,122.7,0.6577,0.1562,1,4.3,0.391,0.6477,9.0555,1
VH-05968,2023-01-26,13,Medium,6146.6,161.5,0.5305,0.449,0,7.2,0.7403,0.7333,30.3571,0
VH-05969,2022-12-27,12,Medium,3561.6,79.2,0.9001,0.5821,0,4.9,0.7896,0.7808,15.3361,1
VH-05970,2023-11-22,23,Heavy,7996.1,171.8,0.7907,0.5215,0,2.5,0.899,0.7479,10.4461,1
VH-05971,2023-08-24,20,Medium,1346.9,20.8,0.6789,0.6377,0,6.3,0.4252,0.6507,54.8677,0
VH-05972,2022-07-30,7,Light,5456.0,127.8,0.7152,0.3883,2,11.0,0.2989,0.9312,42.2968,0
VH-05973,2023-05-26,17,Medium,3455.6,63.5,0.6711,0.7631,2,10.2,0.5921,0.7406,20.6529,0
VH-05974,2023-10-23,22,Heavy,7323.3,154.1,0.6334,0.4473,0,6.1,0.6201,0.8297,56.0563,1
VH-05975,2023-10-23,22,Heavy,4879.2,100.1,0.4986,0.3979,1,12.0,0.7746,0.68,10.0225,1
VH-05976,2022-06-30,6,Light,3309.3,69.2,0.6941,0.3102,0,11.0,0.1872,0.7299,64.8283,0
VH-05977,2023-04-26,16,Heavy,4100.3,83.4,0.7912,0.0458,0,3.4,0.7472,0.5995,46.126,0
VH-05978,2022-11-27,11,Medium,3429.1,89.0,0.8826,0.2897,1,0.3,0.5365,0.8901,32.6769,0
VH-05979,2023-04-26,16,Light,4041.3,93.9,0.7519,0.8235,0,3.5,0.1572,0.7833,16.9475,1
VH-05980,2023-07-25,19,Medium,4007.0,94.9,0.753,0.4109,0,5.1,0.3313,0.7001,61.5248,0
VH-05981,2022-10-28,10,Medium,3373.3,84.1,0.7679,0.4459,0,8.0,0.6103,0.6681,36.9338,1
VH-05982,2022-05-01,4,Medium,4905.1,107.6,0.9027,0.5944,2,0.8,0.708,0.8701,29.6868,1
VH-05983,2022-05-01,4,Heavy,5086.8,97.7,0.5549,0.2454,1,7.2,0.5132,0.5681,71.2638,0
VH-05984,2022-06-30,6,Medium,3005.5,93.9,0.4843,0.1866,1,9.6,0.6787,0.7612,22.7725,0
VH-05985,2022-01-01,0,Medium,2012.6,58.6,0.7216,0.277,1,4.5,0.576,0.4754,25.7511,1
VH-05986,2022-12-27,12,Medium,4966.4,134.6,0.7147,0.5822,1,2.2,0.7736,0.5653,33.3501,1
VH-05987,2023-09-23,21,Light,5297.9,133.2,0.8038,0.4163,1,5.9,0.2309,0.772,17.7798,1
VH-05988,2022-04-01,3,Medium,5595.3,117.4,0.9174,0.1743,1,16.0,0.463,0.5978,15.1625,1
VH-05989,2022-11-27,11,Heavy,5326.8,83.2,0.6481,0.6958,0,4.8,0.6169,0.9293,47.7335,1
VH-05990,2023-07-25,19,Medium,6859.1,134.0,0.7228,0.5062,0,3.4,0.6204,0.6021,34.835,1
VH-05991,2023-07-25,19,Light,5995.6,142.8,0.9076,0.2212,1,1.4,0.4696,0.912,51.6331,0
VH-05992,2022-05-31,5,Medium,8519.7,187.8,0.7716,0.3093,2,4.8,0.1947,0.944,28.1753,1
VH-05993,2022-11-27,11,Heavy,9000.0,193.7,0.4542,0.6606,1,10.5,0.3607,0.8573,37.9918,1
VH-05994,2022-11-27,11,Heavy,1862.8,20.0,0.5648,0.7471,1,6.3,0.3296,0.9716,64.782,0
VH-05995,2023-08-24,20,Medium,1204.3,26.6,0.893,0.4482,1,6.8,0.8054,0.7823,47.9455,0
VH-05996,2022-07-30,7,Medium,4488.9,83.5,0.5703,0.2896,4,1.1,0.3729,0.1974,7.2228,1
VH-05997,2022-11-27,11,Medium,5256.3,105.9,0.7654,0.6567,1,3.9,0.3959,0.8451,24.8546,0
VH-05998,2023-03-27,15,Heavy,4386.2,110.2,0.8387,0.5476,1,6.7,0.4408,0.8505,55.2523,1
VH-05999,2022-08-29,8,Heavy,5555.4,108.0,0.9517,0.1728,1,5.2,0.446,0.6654,35.765,1
VH-06000,2023-03-27,15,Heavy,4094.6,77.0,0.6035,0.6252,0,11.4,0.6833,0.8746,33.4914,0
VH-06001,2023-01-26,13,Medium,3459.1,79.7,0.9865,0.5597,1,4.5,0.6837,0.773,19.066,1
VH-06002,2022-07-30,7,Light,3685.7,95.0,0.8551,0.2507,3,8.1,0.4499,0.8033,38.9022,1
VH-06003,2022-05-01,4,Medium,4199.7,87.3,0.6482,0.6838,0,8.2,0.4418,0.799,28.6413,0
VH-06004,2022-05-31,5,Light,5765.3,150.1,0.5551,0.3232,0,2.6,0.6902,0.6402,24.5044,0
VH-06005,2023-03-27,15,Light,3769.9,64.6,0.6309,0.4378,1,5.4,0.2032,0.5737,37.8364,0
VH-06006,2022-01-31,1,Medium,4066.5,68.6,0.8309,0.4095,1,3.0,0.6372,0.82,46.199,0
VH-06007,2022-01-31,1,Medium,5355.3,95.9,0.8201,0.2648,0,5.6,0.5816,0.762,61.1461,1
VH-06008,2022-12-27,12,Heavy,4201.8,68.6,0.8935,0.1422,0,8.5,0.6185,0.3442,33.8529,1
VH-06009,2022-01-01,0,Heavy,6175.1,142.3,0.6285,0.3688,1,17.7,0.3825,0.6189,20.2965,0
VH-06010,2022-11-27,11,Heavy,3120.7,54.7,0.5514,0.1826,0,7.2,0.6835,0.841,54.2849,1
VH-06011,2023-07-25,19,Heavy,2795.5,41.0,0.7332,0.4595,1,9.9,0.6531,0.7606,38.3676,0
VH-06012,2023-10-23,22,Heavy,4956.9,115.9,0.5765,0.445,1,6.8,0.7397,0.7612,18.8652,1
VH-06013,2022-04-01,3,Light,5106.4,125.8,0.6442,0.8091,1,4.3,0.4321,0.6567,30.5905,0
VH-06014,2022-12-27,12,Medium,3202.6,86.9,0.8596,0.6955,0,1.0,0.4214,0.8561,35.0334,1
VH-06015,2022-07-30,7,Light,6515.4,157.9,0.667,0.3419,0,5.0,0.5461,0.7733,13.1715,1
VH-06016,2022-08-29,8,Light,7387.4,150.4,0.9019,0.3007,1,14.5,0.5908,0.893,11.4648,1
VH-06017,2022-08-29,8,Light,3558.2,83.2,0.2905,0.1954,1,6.4,0.604,0.6157,22.6075,0
VH-06018,2022-05-31,5,Heavy,6731.0,157.0,0.8179,0.2547,0,2.7,0.5338,0.7148,46.8322,0
VH-06019,2023-06-25,18,Heavy,926.8,20.0,0.8415,0.4841,1,11.1,0.7555,0.7791,44.6724,1
VH-06020,2022-09-28,9,Heavy,6114.2,138.3,0.9681,0.5268,2,5.3,0.4702,0.9179,36.889,1
VH-06021,2023-02-25,14,Heavy,3213.4,52.6,0.5206,0.4809,2,2.4,0.3845,0.847,67.0744,1
VH-06022,2022-10-28,10,Heavy,5964.1,123.1,0.634,0.1996,1,5.4,0.6208,0.4108,35.7038,1
VH-06023,2022-03-02,2,Light,3058.1,73.5,0.3707,0.5337,2,2.4,0.6711,0.6008,53.5539,1
VH-06024,2022-06-30,6,Heavy,4397.3,120.3,0.5777,0.6226,0,3.1,0.804,0.9515,32.3537,0
VH-06025,2022-10-28,10,Heavy,3284.8,90.3,0.6994,0.3037,0,6.3,0.8756,0.6453,59.4837,1
VH-06026,2022-05-31,5,Heavy,4179.2,102.8,0.8048,0.6062,2,9.9,0.4363,0.6147,49.4052,1
VH-06027,2022-11-27,11,Light,7244.9,162.2,0.8054,0.2821,1,11.9,0.6401,0.812,26.3443,0
VH-06028,2023-08-24,20,Light,4338.1,95.3,0.5962,0.8342,2,9.0,0.6835,0.6966,32.8679,0
VH-06029,2022-11-27,11,Heavy,7665.5,148.6,0.8316,0.3107,1,9.0,0.3607,0.928,40.202,1
VH-06030,2022-05-31,5,Light,3921.3,74.6,0.7658,0.0692,1,15.7,0.9125,0.3152,11.9365,1
VH-06031,2023-08-24,20,Medium,6737.6,137.7,0.8156,0.5526,0,0.5,0.6199,0.8734,17.9745,1
VH-06032,2023-02-25,14,Medium,2061.5,54.4,0.328,0.0937,3,6.7,0.6718,0.9036,58.0648,0
VH-06033,2022-09-28,9,Light,4070.2,104.6,0.853,0.7319,0,1.8,0.6316,0.4837,15.2891,1
VH-06034,2023-11-22,23,Light,3695.8,93.2,0.7796,0.2964,2,22.7,0.4476,0.3292,22.6011,1
VH-06035,2023-03-27,15,Heavy,6806.6,169.0,0.5765,0.1913,0,10.5,0.8904,0.9499,46.4288,1
VH-06036,2023-05-26,17,Heavy,4777.9,107.3,0.7825,0.2574,2,2.3,0.2465,0.5536,4.9763,1
VH-06037,2023-01-26,13,Heavy,1367.9,20.0,0.9208,0.2318,0,5.9,0.2528,0.9276,49.2261,0
VH-06038,2023-03-27,15,Medium,2534.8,55.6,0.7138,0.2717,0,3.7,0.7023,0.6903,38.0711,0
VH-06039,2022-01-01,0,Light,2981.0,55.4,0.6309,0.2543,2,1.9,0.6253,0.3666,26.3794,0
VH-06040,2022-01-01,0,Medium,5901.1,141.0,0.8828,0.3225,1,5.1,0.4601,0.5211,31.8657,1
VH-06041,2022-09-28,9,Medium,5707.5,121.4,0.8617,0.1284,0,18.2,0.4029,0.7397,21.3359,1
VH-06042,2023-10-23,22,Light,4049.4,88.5,0.8767,0.5286,0,5.6,0.8112,0.7075,15.7509,1
VH-06043,2023-10-23,22,Heavy,3677.2,92.1,0.849,0.1215,0,10.7,0.4413,0.9339,60.9836,0
VH-06044,2022-01-01,0,Heavy,5574.6,112.8,0.8927,0.7154,0,9.5,0.3759,0.3605,12.434,1
VH-06045,2022-03-02,2,Medium,2805.7,76.8,0.7275,0.6817,1,4.7,0.1149,0.7837,54.106,1
VH-06046,2022-12-27,12,Medium,5186.5,95.0,0.9419,0.4605,1,6.0,0.2147,0.9487,19.0461,0
VH-06047,2023-03-27,15,Medium,5058.8,117.0,0.7869,0.1005,0,5.2,0.5784,0.4727,32.0881,0
VH-06048,2023-11-22,23,Light,4088.1,89.5,0.7897,0.201,0,1.6,0.2058,0.8555,23.8241,0
VH-06049,2023-11-22,23,Medium,5096.5,125.7,0.8985,0.2267,1,1.6,0.7004,0.6326,27.5457,1
VH-06050,2023-10-23,22,Medium,4653.1,82.8,0.7296,0.6203,0,3.7,0.4148,0.6588,19.3314,1
VH-06051,2022-11-27,11,Medium,5246.1,93.6,0.404,0.4685,1,1.1,0.4283,0.7394,48.2472,0
VH-06052,2022-07-30,7,Medium,2498.8,66.8,0.5234,0.1787,0,3.6,0.6125,0.859,66.9769,0
VH-06053,2022-08-29,8,Heavy,5421.8,114.6,0.5676,0.1047,0,17.3,0.3926,0.7293,37.9273,1
VH-06054,2023-05-26,17,Light,6039.9,132.9,0.9057,0.3491,0,8.4,0.7388,0.6719,37.1907,1
VH-06055,2023-11-22,23,Light,4981.4,100.8,0.6997,0.2913,2,6.3,0.7515,0.7684,45.8151,1
VH-06056,2023-05-26,17,Light,5401.8,133.7,0.8198,0.7196,0,5.4,0.2441,0.8897,36.8231,0
VH-06057,2023-04-26,16,Light,4335.1,100.8,0.7206,0.5609,2,6.2,0.6297,0.8872,33.7826,0
VH-06058,2022-05-01,4,Medium,5837.0,133.3,0.8284,0.9053,1,5.4,0.9416,0.7576,20.3301,1
VH-06059,2022-01-31,1,Heavy,4597.9,84.6,0.6193,0.7539,0,15.3,0.8524,0.8911,22.012,0
VH-06060,2023-10-23,22,Heavy,2778.1,69.3,0.6856,0.3221,0,8.6,0.6658,0.8499,33.3024,1
VH-06061,2022-06-30,6,Medium,5730.3,112.5,0.9076,0.3017,1,8.6,0.4194,0.6702,22.0467,0
VH-06062,2022-07-30,7,Medium,2048.8,35.7,0.4536,0.7914,0,10.1,0.4179,0.7947,38.8375,1
VH-06063,2022-08-29,8,Light,4924.2,88.9,0.5845,0.396,3,11.2,0.6029,0.9147,60.783,0
VH-06064,2022-06-30,6,Medium,3923.7,84.8,0.599,0.1432,2,2.0,0.671,0.6794,42.637,0
VH-06065,2022-04-01,3,Medium,3827.8,101.0,0.7662,0.4903,0,2.3,0.7347,0.4348,28.4061,1
VH-06066,2022-03-02,2,Heavy,4758.0,109.1,0.4749,0.7723,1,11.4,0.6579,0.6122,25.6985,0
VH-06067,2023-06-25,18,Medium,3436.1,69.7,0.7981,0.1874,0,3.4,0.6959,0.6158,69.7019,1
VH-06068,2023-07-25,19,Light,5268.3,118.7,0.6187,0.512,2,3.3,0.6381,0.7188,28.8799,0
VH-06069,2022-09-28,9,Medium,4585.2,103.4,0.7811,0.4628,1,6.4,0.4388,0.832,58.1255,0
VH-06070,2022-11-27,11,Light,3574.1,80.4,0.7582,0.0769,0,14.2,0.6144,0.7799,19.3251,0
VH-06071,2023-10-23,22,Heavy,6507.3,147.3,0.2657,0.5186,0,9.6,0.6829,0.7422,24.7767,0
VH-06072,2023-11-22,23,Light,4807.2,91.2,0.5037,0.1175,5,10.9,0.5694,0.9319,30.4579,0
VH-06073,2022-03-02,2,Light,5446.2,122.6,0.9573,0.4422,0,2.4,0.4405,0.7441,41.7269,0
VH-06074,2023-08-24,20,Light,6624.9,120.9,0.8373,0.3278,3,2.7,0.4779,0.6167,28.9695,1
VH-06075,2023-03-27,15,Heavy,6600.3,155.3,0.5984,0.7188,0,3.0,0.8344,0.6722,16.2952,1
VH-06076,2022-09-28,9,Medium,5369.7,102.8,0.2516,0.2166,1,2.7,0.6277,0.4837,41.7838,0
VH-06077,2022-05-01,4,Medium,4046.0,107.6,0.8447,0.3889,0,12.4,0.4761,0.7894,33.3491,1
VH-06078,2023-06-25,18,Medium,2355.4,20.0,0.6462,0.5855,0,7.9,0.3354,0.427,20.2631,0
VH-06079,2023-08-24,20,Light,4810.0,132.0,0.6001,0.1301,0,1.5,0.7257,0.9109,68.1903,0
VH-06080,2022-03-02,2,Heavy,6141.9,111.9,0.7935,0.5477,1,11.8,0.6332,0.684,7.5587,1
VH-06081,2023-03-27,15,Light,5031.5,93.8,0.6622,0.3071,0,5.6,0.5467,0.4016,19.5677,0
VH-06082,2023-07-25,19,Light,800.0,22.3,0.6219,0.782,2,9.0,0.523,0.7578,16.0602,1
VH-06083,2023-11-22,23,Medium,5805.1,138.3,0.9144,0.213,1,8.8,0.2945,0.5302,15.5332,1
VH-06084,2023-07-25,19,Light,5897.2,126.8,0.7285,0.2691,1,8.0,0.5084,0.8083,58.6102,1
VH-06085,2022-03-02,2,Light,4048.2,103.3,0.6732,0.0718,2,7.5,0.9053,0.5736,33.8642,1
VH-06086,2022-07-30,7,Heavy,5982.5,121.0,0.6559,0.1628,2,12.6,0.5997,0.506,12.0435,1
VH-06087,2023-02-25,14,Medium,5441.9,114.9,0.5823,0.7881,0,12.7,0.4715,0.6178,55.6256,0
VH-06088,2022-09-28,9,Light,3471.7,72.6,0.7871,0.0885,2,3.0,0.3432,0.8834,19.5158,0
VH-06089,2023-04-26,16,Medium,6407.0,134.3,0.6281,0.5441,1,13.6,0.5557,0.5119,18.4102,1
VH-06090,2022-03-02,2,Heavy,2598.8,28.7,0.7071,0.0234,0,2.0,0.7954,0.8383,28.5007,0
VH-06091,2022-03-02,2,Light,4414.1,97.7,0.9409,0.5301,0,3.9,0.755,0.9074,15.0978,1
VH-06092,2022-11-27,11,Light,4264.5,93.0,0.9164,0.5551,0,5.4,0.4534,0.3428,19.2787,1
VH-06093,2022-11-27,11,Medium,3261.8,88.7,0.8864,0.0496,2,1.3,0.5355,0.592,32.2009,0
VH-06094,2022-03-02,2,Medium,4955.7,90.8,0.7936,0.2911,1,8.5,0.7032,0.6695,31.5564,1
VH-06095,2022-06-30,6,Heavy,6465.6,134.1,0.9628,0.0718,2,5.7,0.3827,0.7232,34.1558,1
VH-06096,2022-08-29,8,Medium,6371.6,159.6,0.5205,0.2217,2,1.5,0.5727,0.399,23.0662,1
VH-06097,2023-03-27,15,Light,5585.5,128.5,0.829,0.3774,1,6.5,0.2397,0.8742,45.4011,1
VH-06098,2023-01-26,13,Medium,1956.1,51.7,0.7393,0.2533,1,0.9,0.5187,0.6931,32.8903,1
VH-06099,2022-05-31,5,Medium,2496.1,62.3,0.7777,0.5513,1,2.4,0.4735,0.7632,30.8921,0
VH-06100,2023-04-26,16,Light,4749.3,112.4,0.2709,0.2447,1,2.7,0.7499,0.8335,40.2175,0
VH-06101,2023-01-26,13,Medium,4448.6,126.2,0.774,0.6007,1,3.1,0.4786,0.8722,69.6664,0
VH-06102,2023-01-26,13,Light,3752.9,84.8,0.6567,0.5233,3,7.1,0.4002,0.6727,44.8695,0
VH-06103,2022-01-31,1,Heavy,7358.0,148.3,0.5972,0.0486,1,9.9,0.7036,0.8888,68.3071,0
VH-06104,2022-05-01,4,Heavy,4658.8,113.1,0.9319,0.895,0,9.2,0.5604,0.6692,7.7569,1
VH-06105,2023-02-25,14,Medium,5313.6,109.6,0.7657,0.5428,1,1.8,0.7516,0.5025,38.8411,1
VH-06106,2023-11-22,23,Heavy,5981.8,131.3,0.4693,0.3364,1,2.0,0.2591,0.8711,57.5222,0
VH-06107,2023-09-23,21,Heavy,4582.4,107.4,0.7454,0.4992,1,5.5,0.4287,0.7915,24.1276,1
VH-06108,2022-10-28,10,Light,8386.6,174.0,0.9423,0.6223,1,9.2,0.4436,0.7938,8.9058,1
VH-06109,2023-01-26,13,Medium,3089.4,61.0,0.9135,0.356,0,6.1,0.1714,0.7815,19.8511,1
VH-06110,2023-11-22,23,Medium,3590.9,86.9,0.1967,0.3511,2,8.9,0.5112,0.6433,37.5536,0
VH-06111,2023-04-26,16,Light,3085.8,60.3,0.9815,0.544,0,2.5,0.8563,0.8636,42.4231,0
VH-06112,2023-08-24,20,Medium,6844.0,166.7,0.7187,0.2792,1,2.2,0.6937,0.7342,40.1086,1
VH-06113,2023-02-25,14,Medium,5703.1,111.9,0.8675,0.6308,1,9.4,0.7344,0.5814,22.3298,1
VH-06114,2023-07-25,19,Heavy,3683.8,67.0,0.7429,0.3773,0,6.3,0.6587,0.8783,35.1468,1
VH-06115,2023-03-27,15,Medium,3204.2,99.8,0.6528,0.2432,1,5.8,0.7572,0.5727,20.7347,0
VH-06116,2023-08-24,20,Heavy,6577.3,123.2,0.7111,0.2276,2,3.0,0.811,0.9277,47.1194,1
VH-06117,2023-03-27,15,Medium,5042.5,111.7,0.7871,0.5941,0,7.2,0.517,0.5179,36.7666,1
VH-06118,2022-07-30,7,Light,6615.6,174.8,0.6195,0.5324,2,5.9,0.5052,0.9801,39.2753,1
VH-06119,2022-09-28,9,Heavy,4409.8,97.6,0.1817,0.4347,1,5.8,0.4995,0.8023,31.7998,0
VH-06120,2022-03-02,2,Light,5267.3,137.3,0.6716,0.6712,2,3.1,0.8633,0.5127,5.326,1
VH-06121,2022-05-31,5,Light,4950.3,119.8,0.7892,0.2665,0,1.4,0.3717,0.64,14.2232,1
VH-06122,2022-11-27,11,Medium,3563.8,79.1,0.7751,0.5688,2,5.1,0.4621,0.8997,30.1709,0
VH-06123,2023-08-24,20,Medium,4283.8,93.2,0.3857,0.4931,0,13.6,0.9401,0.6146,33.5141,1
VH-06124,2022-04-01,3,Medium,2723.5,28.7,0.856,0.579,2,7.8,0.2421,0.6295,40.9385,0
VH-06125,2022-11-27,11,Light,5241.2,111.7,0.8187,0.325,1,11.1,0.7086,0.7897,41.9311,0
VH-06126,2023-03-27,15,Medium,5641.9,128.9,0.9526,0.2143,2,12.5,0.7738,0.7307,22.4967,1
VH-06127,2022-09-28,9,Light,5985.2,136.5,0.7269,0.7466,3,4.9,0.2361,0.6631,9.7388,1
VH-06128,2023-04-26,16,Light,5499.8,159.2,0.8576,0.3904,1,5.5,0.4741,0.7421,25.2735,0
VH-06129,2022-07-30,7,Medium,4307.7,99.9,0.936,0.64,2,1.8,0.523,0.3818,3.4195,1
VH-06130,2022-04-01,3,Light,6828.0,161.2,0.5665,0.3358,2,1.0,0.5101,0.8456,45.2457,0
VH-06131,2022-05-01,4,Medium,5838.5,147.2,0.891,0.3866,3,5.1,0.6276,0.7314,20.0465,0
VH-06132,2023-05-26,17,Medium,6582.8,154.4,0.8305,0.348,0,5.4,0.5483,0.7493,24.5997,1
VH-06133,2022-05-31,5,Heavy,6676.9,147.1,0.7543,0.157,0,4.6,0.6278,0.8227,20.3107,1
VH-06134,2022-04-01,3,Medium,4311.6,94.6,0.7653,0.4718,1,7.8,0.4516,0.9216,41.8066,0
VH-06135,2022-05-01,4,Medium,5081.8,107.7,0.818,0.6493,3,11.6,0.6656,0.377,15.812,1
VH-06136,2022-09-28,9,Light,5661.8,132.5,0.5498,0.3456,0,4.7,0.8442,0.3885,40.658,1
VH-06137,2023-11-22,23,Heavy,2776.3,59.1,0.6229,0.2971,0,7.9,0.6734,0.5125,28.3453,0
VH-06138,2022-01-31,1,Light,2809.5,71.8,0.8098,0.6511,1,2.5,0.5871,0.7567,35.7049,1
VH-06139,2023-01-26,13,Light,2551.0,41.6,0.7241,0.0926,0,15.0,0.1483,0.738,32.2371,0
VH-06140,2022-03-02,2,Medium,4337.8,98.6,0.4766,0.4178,0,2.8,0.3404,0.8813,34.4508,0
VH-06141,2023-10-23,22,Light,4000.0,112.2,0.6544,0.6383,0,6.2,0.3752,0.6026,38.5006,0
VH-06142,2022-04-01,3,Light,2346.5,48.8,0.4506,0.407,3,2.0,0.0448,0.9413,22.7289,0
VH-06143,2022-05-01,4,Light,4724.0,132.6,0.7694,0.5176,1,1.9,0.8645,0.4888,24.4675,1
VH-06144,2022-05-31,5,Medium,4356.6,99.3,0.4742,0.7714,0,5.5,0.278,0.7018,35.5925,0
VH-06145,2023-11-22,23,Medium,6273.4,138.6,0.4967,0.1977,0,5.5,0.7338,0.5823,30.6986,0
VH-06146,2023-11-22,23,Medium,7519.5,168.8,0.9451,0.5817,1,1.9,0.1192,0.6797,51.7072,0
VH-06147,2022-01-31,1,Heavy,5184.7,110.5,0.7893,0.1617,1,8.3,0.607,0.9318,34.626,1
VH-06148,2023-03-27,15,Medium,3455.1,47.1,0.9051,0.361,1,2.3,0.2098,0.7422,48.3496,0
VH-06149,2022-05-31,5,Heavy,5470.1,134.8,0.7602,0.1203,0,8.0,0.7098,0.517,23.1736,0
VH-06150,2023-04-26,16,Heavy,4514.0,133.2,0.6788,0.2032,1,7.6,0.3561,0.6671,22.2266,0
VH-06151,2023-04-26,16,Heavy,4139.8,99.2,0.6217,0.7214,0,4.3,0.5559,0.8964,46.5725,0
VH-06152,2022-05-31,5,Heavy,3207.6,79.4,0.2426,0.3126,1,5.3,0.3151,0.7589,36.1812,0
VH-06153,2023-07-25,19,Medium,3803.7,81.8,0.4522,0.7665,1,1.3,0.6844,0.8027,30.385,1
VH-06154,2022-05-01,4,Medium,4233.3,111.4,0.5759,0.4947,0,5.5,0.5039,0.9308,68.9881,0
VH-06155,2022-08-29,8,Medium,5706.1,126.2,0.5772,0.1809,1,14.4,0.193,0.8696,60.1936,0
VH-06156,2023-08-24,20,Light,5266.5,121.0,0.6349,0.7038,0,7.4,0.7868,0.8694,51.916,0
VH-06157,2022-12-27,12,Medium,7238.4,137.4,0.9582,0.409,0,2.8,0.7804,0.8566,15.2059,1
VH-06158,2022-08-29,8,Light,5511.5,114.5,0.3917,0.8154,0,3.9,0.8295,0.5945,30.2852,1
VH-06159,2023-01-26,13,Light,5136.4,119.7,0.7614,0.5231,1,12.4,0.4221,0.8183,57.6282,0
VH-06160,2023-11-22,23,Heavy,4040.7,103.4,0.7259,0.6871,1,2.4,0.3705,0.4286,42.2566,1
VH-06161,2022-06-30,6,Medium,2943.8,79.4,0.8723,0.5866,2,2.9,0.74,0.8052,48.2849,1
VH-06162,2022-08-29,8,Medium,3645.2,57.3,0.5597,0.3245,1,12.2,0.8691,0.9323,58.8812,0
VH-06163,2022-10-28,10,Medium,3450.2,54.5,0.9261,0.2074,0,5.5,0.5234,0.4188,54.344,0
VH-06164,2022-03-02,2,Medium,800.0,26.5,0.4044,0.1904,1,4.6,0.3207,0.4398,57.6555,0
VH-06165,2023-10-23,22,Heavy,2987.1,55.2,0.6953,0.5229,1,2.0,0.8418,0.7812,45.1565,1
VH-06166,2023-11-22,23,Medium,6903.3,166.8,0.654,0.8347,0,7.6,0.479,0.6195,30.0824,1
VH-06167,2023-04-26,16,Medium,5052.9,87.8,0.8685,0.3538,0,2.7,0.7207,0.4729,24.513,1
VH-06168,2023-09-23,21,Medium,3935.2,86.0,0.5078,0.1743,0,6.9,0.7735,0.8027,65.2575,0
VH-06169,2023-10-23,22,Medium,5097.7,112.8,0.8507,0.4978,2,1.6,0.4795,0.4778,12.0068,1
VH-06170,2022-07-30,7,Medium,1569.9,42.1,0.8654,0.4412,1,5.4,0.274,0.6752,71.5354,0
VH-06171,2022-04-01,3,Heavy,4923.1,93.9,0.8335,0.6669,0,14.2,0.4411,0.7533,35.6965,0
VH-06172,2022-01-31,1,Medium,6416.2,113.1,0.8515,0.7821,1,6.3,0.5075,0.9044,43.2142,1
VH-06173,2023-08-24,20,Medium,4318.3,98.5,0.8535,0.6997,0,6.8,0.5546,0.891,19.5768,0
VH-06174,2023-01-26,13,Medium,1842.0,48.8,0.8719,0.6137,2,1.7,0.5452,0.767,49.6715,0
VH-06175,2022-12-27,12,Medium,3879.1,101.3,0.4828,0.1527,2,4.9,0.7513,0.6189,61.1237,0
VH-06176,2023-08-24,20,Heavy,6418.9,137.3,0.7088,0.1701,1,13.7,0.2371,0.5939,6.8635,1
VH-06177,2023-08-24,20,Heavy,4887.9,120.3,0.6971,0.3897,0,6.4,0.6105,0.2536,17.7302,1
VH-06178,2023-07-25,19,Medium,2372.5,60.0,0.443,0.3844,2,5.9,0.5046,0.6865,33.2723,0
VH-06179,2022-03-02,2,Medium,8051.4,198.8,0.8779,0.4239,0,2.8,0.4996,0.8712,45.7457,1
VH-06180,2022-06-30,6,Medium,2619.3,57.4,0.7528,0.7278,1,3.6,0.6451,0.7683,37.1853,1
VH-06181,2022-12-27,12,Light,4135.6,66.0,0.7893,0.055,0,7.8,0.4461,0.7148,19.2215,0
VH-06182,2022-09-28,9,Medium,2943.9,64.4,0.9042,0.8118,5,4.0,0.4695,0.7536,23.1365,1
VH-06183,2022-04-01,3,Heavy,2946.0,66.8,0.9559,0.2289,1,6.1,0.5756,0.8086,26.4889,1
VH-06184,2022-04-01,3,Medium,3821.8,92.7,0.3458,0.352,3,12.4,0.5319,0.8707,35.7187,0
VH-06185,2022-06-30,6,Light,5454.2,98.2,0.7588,0.4937,2,3.4,0.8378,0.8972,37.4399,1
VH-06186,2023-09-23,21,Heavy,6435.8,138.3,0.6434,0.4487,0,4.5,0.8355,0.7309,38.6556,1
VH-06187,2023-08-24,20,Heavy,3920.7,100.1,0.7781,0.8237,0,5.4,0.8003,0.3837,2.5856,1
VH-06188,2022-01-31,1,Medium,2984.8,64.8,0.5784,0.6684,0,3.1,0.5471,0.9648,34.658,0
VH-06189,2023-10-23,22,Medium,5218.0,111.4,0.7327,0.4444,0,2.6,0.6862,0.846,34.4385,0
VH-06190,2023-06-25,18,Medium,5261.9,145.5,0.8592,0.284,3,3.0,0.4615,0.6873,6.8452,1
VH-06191,2022-10-28,10,Heavy,4860.6,92.0,0.7219,0.62,0,10.0,0.3558,0.8706,36.0596,1
VH-06192,2022-10-28,10,Light,4913.6,127.7,0.7361,0.7908,1,10.0,0.238,0.825,45.4452,0
VH-06193,2022-10-28,10,Light,4331.2,111.6,0.6344,0.6547,0,10.4,0.4005,0.6659,40.3649,1
VH-06194,2022-05-01,4,Medium,4647.2,99.9,0.5787,0.5289,1,3.9,0.4914,0.7684,27.0978,0
VH-06195,2023-09-23,21,Light,4227.5,93.5,0.8259,0.1266,2,5.1,0.3627,0.6892,34.3184,0
VH-06196,2022-04-01,3,Medium,6105.4,135.1,0.7709,0.546,1,7.4,0.5511,0.8288,47.6288,0
VH-06197,2022-12-27,12,Heavy,7842.7,177.0,0.6603,0.3749,0,9.2,0.3939,0.7442,12.1053,1
VH-06198,2023-09-23,21,Light,4769.5,97.1,0.904,0.4167,1,11.1,0.3313,0.6812,62.2872,0
VH-06199,2023-05-26,17,Medium,4490.1,93.4,0.8287,0.5727,2,6.8,0.5995,0.6802,47.7856,1
VH-06200,2022-03-02,2,Heavy,4883.8,103.2,0.8195,0.5093,0,2.8,0.4939,0.6582,59.3076,0
VH-06201,2023-03-27,15,Medium,3513.1,73.2,0.7077,0.2193,0,1.7,0.8517,0.4916,40.0688,0
VH-06202,2022-12-27,12,Medium,5647.5,120.8,0.9389,0.3665,1,5.8,0.9136,0.2381,10.9114,1
VH-06203,2022-11-27,11,Medium,5161.8,81.1,0.6845,0.2371,0,10.1,0.3686,0.7625,28.6531,0
VH-06204,2022-10-28,10,Light,3869.3,87.4,0.7826,0.5319,0,25.8,0.8542,0.8338,14.0314,1
VH-06205,2023-02-25,14,Light,5853.1,122.2,0.8664,0.6039,1,6.6,0.3402,0.581,12.2424,1
VH-06206,2022-01-01,0,Medium,4528.5,72.6,0.5824,0.4102,1,1.1,0.732,0.6546,19.466,0
VH-06207,2023-10-23,22,Medium,3044.9,62.4,0.563,0.7128,1,2.9,0.5597,0.6647,48.5591,1
VH-06208,2022-05-01,4,Medium,5027.4,106.0,0.6188,0.3689,1,7.3,0.4142,0.7895,20.7552,0
VH-06209,2022-09-28,9,Light,4855.5,127.0,0.7821,0.8158,0,8.6,0.9172,0.6307,14.6599,1
VH-06210,2022-09-28,9,Heavy,5940.6,123.9,0.9597,0.7281,0,6.7,0.5307,0.8043,18.2494,1
VH-06211,2022-07-30,7,Light,5747.3,137.7,0.5594,0.6963,0,5.1,0.3441,0.5511,28.9008,1
VH-06212,2022-09-28,9,Heavy,4336.2,117.1,0.7399,0.3949,1,3.1,0.7457,0.8696,37.8738,1
VH-06213,2023-08-24,20,Medium,3791.9,74.8,0.5455,0.4022,0,9.5,0.4753,0.9007,71.292,0
VH-06214,2023-03-27,15,Medium,4502.6,99.3,0.8255,0.4836,0,13.5,0.5732,0.9234,53.2501,1
VH-06215,2023-01-26,13,Light,5045.0,138.0,0.7521,0.2713,1,5.1,0.5232,0.7056,23.9473,0
VH-06216,2023-08-24,20,Light,5225.6,119.6,0.8052,0.264,1,11.0,0.6695,0.5294,19.7408,1
VH-06217,2022-05-31,5,Medium,4952.1,115.7,0.7296,0.3797,0,18.2,0.373,0.5207,11.2563,1
VH-06218,2023-08-24,20,Medium,4363.9,90.9,0.54,0.4061,1,0.4,0.4168,0.6786,68.3015,0
VH-06219,2023-07-25,19,Light,5995.2,143.5,0.6302,0.281,0,1.1,0.5726,0.3838,22.7816,1
VH-06220,2022-09-28,9,Medium,3488.5,76.9,0.6406,0.6868,0,3.1,0.6886,0.5102,21.8938,1
VH-06221,2023-08-24,20,Medium,8219.1,155.2,0.8551,0.3361,3,3.5,0.7049,0.8231,35.7792,0
VH-06222,2023-09-23,21,Light,5644.6,120.1,0.4434,0.3057,1,5.0,0.7921,0.8629,28.6357,0
VH-06223,2022-04-01,3,Medium,2808.8,44.7,0.9481,0.6448,0,3.3,0.2115,0.9462,40.1541,0
VH-06224,2023-11-22,23,Light,4777.8,107.9,0.7197,0.6635,2,9.8,0.7541,0.8471,18.4227,1
VH-06225,2022-03-02,2,Medium,5659.0,112.0,0.7013,0.1284,3,3.3,0.5203,0.5235,26.4221,0
VH-06226,2023-11-22,23,Light,3975.9,95.5,0.7173,0.5735,2,3.9,0.7261,0.6709,35.175,1
VH-06227,2023-11-22,23,Medium,2257.3,50.8,0.6089,0.1944,0,1.7,0.8007,0.8924,37.808,0
VH-06228,2023-02-25,14,Medium,2941.4,46.6,0.8665,0.3981,0,1.6,0.6749,0.8131,69.6479,0
VH-06229,2023-04-26,16,Medium,5313.1,110.7,0.9046,0.2113,0,3.3,0.3388,0.7769,47.9,1
VH-06230,2023-06-25,18,Medium,1868.1,50.8,0.7121,0.7141,1,6.0,0.8307,0.6073,34.2001,1
VH-06231,2023-09-23,21,Heavy,2326.0,68.9,0.8533,0.3326,0,4.4,0.4856,0.6076,31.0296,1
VH-06232,2022-04-01,3,Medium,5305.3,104.4,0.5849,0.7081,2,4.7,0.5453,0.8495,26.6109,0
VH-06233,2022-12-27,12,Heavy,4166.2,76.1,0.4909,0.6541,1,3.4,0.8209,0.8809,33.5649,0
VH-06234,2022-12-27,12,Light,3456.3,106.1,0.4481,0.1666,1,3.6,0.3924,0.6199,27.5059,1
VH-06235,2022-05-01,4,Medium,3757.9,83.4,0.6437,0.6296,2,3.3,0.2724,0.6013,28.1551,1
VH-06236,2022-03-02,2,Light,2293.8,52.3,0.6149,0.1655,0,18.2,0.5616,0.4101,44.2329,0
VH-06237,2022-08-29,8,Medium,5226.7,105.1,0.8016,0.6198,0,3.1,0.3793,0.6835,19.8626,0
VH-06238,2022-04-01,3,Medium,3290.2,76.3,0.5628,0.5697,1,0.4,0.3896,0.5068,40.1863,0
VH-06239,2023-03-27,15,Heavy,3696.4,107.9,0.9033,0.1981,2,3.1,0.7175,0.5565,4.9942,1
VH-06240,2023-03-27,15,Medium,5020.2,115.4,0.5011,0.1644,0,1.6,0.5938,0.5987,21.2226,0
VH-06241,2023-02-25,14,Medium,4115.1,107.4,0.8684,0.5509,2,2.7,0.9207,0.7012,12.7222,1
VH-06242,2022-10-28,10,Light,3443.0,76.9,0.7717,0.1503,1,4.5,0.7382,0.8374,50.7848,1
VH-06243,2023-08-24,20,Light,1515.8,20.0,0.7827,0.4169,1,7.4,0.5012,0.8663,41.9515,0
VH-06244,2022-05-01,4,Heavy,5051.1,102.0,0.3577,0.2451,1,5.4,0.395,0.992,35.6214,0
VH-06245,2022-09-28,9,Light,4618.5,85.9,0.8477,0.6452,0,1.4,0.4897,0.7095,25.811,0
VH-06246,2022-11-27,11,Light,3723.9,86.0,0.827,0.0788,3,8.8,0.5216,0.5177,22.1234,0
VH-06247,2022-01-01,0,Heavy,2943.9,83.8,0.7812,0.1513,1,4.8,0.2283,0.7918,61.6014,0
VH-06248,2023-07-25,19,Heavy,4519.1,102.8,0.8287,0.2802,0,3.4,0.439,0.9322,21.4644,0
VH-06249,2022-03-02,2,Medium,5220.7,111.4,0.7013,0.5389,2,8.0,0.3649,0.5343,24.3149,1
VH-06250,2023-09-23,21,Medium,4646.6,91.4,0.9476,0.4171,0,5.8,0.2548,0.6867,60.9137,0
VH-06251,2022-07-30,7,Heavy,6957.1,159.9,0.5884,0.5796,0,4.9,0.387,0.7978,24.845,1
VH-06252,2023-10-23,22,Light,5557.2,104.9,0.3773,0.8666,0,10.6,0.293,0.5687,44.2618,0
VH-06253,2022-08-29,8,Medium,4339.1,79.4,0.8987,0.4124,1,6.4,0.6142,0.7762,35.4758,1
VH-06254,2022-09-28,9,Medium,5607.4,138.1,0.4997,0.3469,1,3.5,0.4251,0.5198,30.4247,0
VH-06255,2022-01-01,0,Heavy,4573.0,97.5,0.8156,0.7786,1,10.5,0.3053,0.7253,9.9668,1
VH-06256,2022-01-01,0,Heavy,4567.8,97.0,0.9325,0.6902,0,5.4,0.5816,0.8905,19.104,1
VH-06257,2022-12-27,12,Medium,6444.5,140.7,0.5303,0.1417,1,8.1,0.7329,0.9021,27.0114,0
VH-06258,2022-07-30,7,Light,3152.9,81.0,0.6713,0.5965,3,2.0,0.1464,0.8373,29.6084,1
VH-06259,2022-01-31,1,Medium,4535.0,103.3,0.8577,0.5504,1,12.5,0.75,0.6651,45.2554,0
VH-06260,2023-06-25,18,Light,6284.6,128.5,0.9091,0.564,0,9.8,0.198,0.9809,43.7598,0
VH-06261,2023-07-25,19,Heavy,4963.5,99.7,0.6097,0.0683,1,5.0,0.3358,0.779,21.1256,0
VH-06262,2022-10-28,10,Light,3946.4,84.8,0.6509,0.5342,3,1.9,0.3069,0.6072,37.2032,1
VH-06263,2023-10-23,22,Light,1940.8,47.7,0.7395,0.6415,0,6.9,0.6781,0.6948,25.6193,1
VH-06264,2023-04-26,16,Heavy,1094.5,23.8,0.9405,0.3676,1,3.6,0.431,0.7778,45.7751,0
VH-06265,2023-05-26,17,Medium,7614.3,167.3,0.6525,0.1634,1,5.7,0.7665,0.6404,19.0815,0
VH-06266,2023-04-26,16,Heavy,4962.8,111.0,0.8086,0.2162,1,25.8,0.8082,0.5771,30.7438,1
VH-06267,2022-11-27,11,Light,3623.9,80.0,0.7358,0.1497,0,1.5,0.3815,0.9522,60.1508,0
VH-06268,2022-03-02,2,Heavy,5024.2,99.9,0.757,0.6574,0,4.7,0.4525,0.5273,11.5057,1
VH-06269,2022-05-01,4,Light,3078.5,85.0,0.6273,0.1675,2,6.0,0.5064,0.8417,36.9331,1
VH-06270,2022-11-27,11,Light,4003.2,81.7,0.8183,0.6048,0,14.5,0.2196,0.7147,33.1029,0
VH-06271,2022-09-28,9,Medium,3088.6,70.6,0.7523,0.4704,1,7.6,0.9565,0.6357,56.1161,0
VH-06272,2022-09-28,9,Light,2380.1,22.0,0.8037,0.2901,0,25.3,0.4646,0.6045,39.8864,1
VH-06273,2023-09-23,21,Medium,1342.5,26.6,0.6937,0.4786,1,2.3,0.7276,0.654,5.2829,1
VH-06274,2022-09-28,9,Light,2103.5,30.3,0.4696,0.1209,0,2.5,0.5436,0.8486,45.7552,0
VH-06275,2022-12-27,12,Light,6031.9,119.4,0.7553,0.1036,2,8.6,0.5822,0.6265,51.1473,0
VH-06276,2023-08-24,20,Heavy,3019.7,103.4,0.9162,0.3045,1,2.6,0.5416,0.7331,30.4548,0
VH-06277,2023-02-25,14,Light,5302.3,121.6,0.9549,0.4447,0,9.6,0.5054,0.7101,52.0269,0
VH-06278,2023-03-27,15,Medium,5935.0,150.3,0.6812,0.5235,0,23.0,0.777,0.8938,21.328,0
VH-06279,2022-05-01,4,Heavy,4524.9,113.4,0.1673,0.3241,1,2.0,0.3433,0.8117,24.0319,0
VH-06280,2023-05-26,17,Light,4052.1,104.8,0.771,0.3852,0,11.5,0.5712,0.6973,26.3512,1
VH-06281,2022-12-27,12,Heavy,4699.5,101.4,0.9655,0.0754,0,3.7,0.7967,0.8544,24.1838,1
VH-06282,2022-07-30,7,Medium,3875.1,110.2,0.6893,0.428,1,0.2,0.7301,0.7402,57.4483,1
VH-06283,2023-06-25,18,Medium,6305.9,152.8,0.7603,0.2412,1,4.0,0.6373,0.8051,13.1547,1
VH-06284,2022-07-30,7,Light,7314.8,163.2,0.5974,0.85,4,3.3,0.2972,0.6661,41.2992,1
VH-06285,2022-05-31,5,Heavy,6674.7,152.3,0.476,0.3507,0,8.1,0.4006,0.737,71.1433,0
VH-06286,2022-04-01,3,Medium,1272.7,26.2,0.2945,0.7601,0,7.6,0.5311,0.7884,50.5963,1
VH-06287,2022-12-27,12,Medium,3844.5,86.2,0.4275,0.3069,2,3.0,0.483,0.7018,44.8914,0
VH-06288,2022-01-01,0,Heavy,4506.2,99.5,0.8982,0.5276,1,6.1,0.6476,0.9558,52.1976,0
VH-06289,2023-09-23,21,Medium,5194.6,121.2,0.9548,0.1547,0,6.5,0.7966,0.7524,47.2518,1
VH-06290,2023-08-24,20,Heavy,1909.0,68.5,0.7215,0.2366,0,13.7,0.3024,0.631,57.5424,0
VH-06291,2023-01-26,13,Heavy,1884.8,23.8,0.5453,0.4366,1,3.4,0.6219,0.7504,19.6559,0
VH-06292,2022-05-01,4,Heavy,6460.2,160.7,0.8214,0.7044,0,8.6,0.5393,0.5749,11.0685,1
VH-06293,2022-05-01,4,Heavy,3661.3,75.8,0.6127,0.2783,0,8.2,0.2473,0.8383,15.2685,1
VH-06294,2022-08-29,8,Heavy,2268.9,69.5,0.8753,0.3506,0,9.0,0.5756,0.8684,45.4894,0
VH-06295,2023-08-24,20,Light,2844.5,58.2,0.8242,0.4085,0,4.5,0.8047,0.9664,25.3727,0
VH-06296,2022-08-29,8,Heavy,5085.7,119.2,0.283,0.5434,1,9.5,0.5799,0.6954,57.8933,0
VH-06297,2022-10-28,10,Heavy,3266.2,70.2,0.8352,0.4234,1,14.2,0.5319,0.4364,38.818,1
VH-06298,2022-05-31,5,Medium,4862.4,82.1,0.8189,0.2161,0,2.5,0.961,0.7191,40.4889,1
VH-06299,2023-02-25,14,Medium,3031.9,93.5,0.7392,0.7326,1,6.0,0.5586,0.535,32.0297,0
VH-06300,2023-04-26,16,Heavy,1883.7,27.7,0.639,0.0294,1,1.5,0.7725,0.8359,23.4158,0
VH-06301,2023-05-26,17,Light,6636.6,148.7,0.5307,0.8677,3,8.2,0.8198,0.8696,56.3453,1
VH-06302,2023-07-25,19,Medium,5097.3,97.5,0.8397,0.4715,0,4.9,0.6198,0.6168,7.6605,1
VH-06303,2022-08-29,8,Medium,3999.4,68.8,0.6413,0.8375,1,6.2,0.5778,0.7534,26.3046,1
VH-06304,2022-05-31,5,Light,3718.0,79.5,0.9483,0.4923,1,3.0,0.5076,0.2746,21.3055,1
VH-06305,2022-05-31,5,Heavy,6697.4,139.9,0.8027,0.7489,1,6.6,0.6011,0.779,11.7476,1
VH-06306,2022-09-28,9,Light,5387.3,102.2,0.4408,0.8719,0,18.1,0.7182,0.5813,20.7652,0
VH-06307,2022-08-29,8,Medium,6220.2,137.7,0.8934,0.4756,0,6.1,0.7495,0.4865,25.1141,1
VH-06308,2022-03-02,2,Heavy,3624.5,58.3,0.9006,0.5832,1,8.0,0.3588,0.8507,8.5817,1
VH-06309,2023-10-23,22,Medium,4576.0,103.6,0.7125,0.6355,0,6.8,0.8721,0.6867,34.9967,1
VH-06310,2022-08-29,8,Heavy,5103.3,111.5,0.775,0.3601,0,25.1,0.7874,0.6321,11.6829,1
VH-06311,2023-01-26,13,Light,3674.9,44.5,0.7221,0.5972,0,2.5,0.357,0.424,24.4604,1
VH-06312,2023-05-26,17,Heavy,4356.7,89.0,0.5999,0.4356,1,5.8,0.6367,0.6392,37.895,1
VH-06313,2023-02-25,14,Heavy,3624.6,87.6,0.7537,0.8211,1,14.8,0.493,0.6796,38.3454,1
VH-06314,2022-12-27,12,Light,5098.6,97.3,0.5934,0.4967,4,3.6,0.4094,0.915,50.0985,1
VH-06315,2022-12-27,12,Medium,2517.9,63.6,0.8246,0.295,2,5.5,0.3756,0.9168,41.3697,0
VH-06316,2023-10-23,22,Medium,5358.0,125.6,0.8225,0.4927,2,1.4,0.7293,0.4696,19.5707,0
VH-06317,2022-09-28,9,Medium,4966.1,95.1,0.6385,0.8112,0,2.4,0.7342,0.8842,49.6285,1
VH-06318,2023-09-23,21,Heavy,4195.0,93.0,0.698,0.2206,0,9.7,0.3947,0.6776,48.6676,0
VH-06319,2022-05-31,5,Medium,5174.3,127.4,0.838,0.3785,0,4.6,0.4647,0.8753,52.3653,0
VH-06320,2022-03-02,2,Medium,3952.6,74.7,0.8682,0.0783,1,1.9,0.7763,0.7137,23.2529,0
VH-06321,2023-04-26,16,Light,3494.8,74.6,0.719,0.3086,2,2.1,0.4069,0.748,67.4482,0
VH-06322,2022-12-27,12,Medium,5315.6,135.4,0.6664,0.0643,1,7.8,0.6039,0.5084,35.4355,1
VH-06323,2022-05-01,4,Heavy,5380.5,106.7,0.9298,0.2025,1,5.7,0.7382,0.654,6.4699,1
VH-06324,2022-10-28,10,Light,3739.1,90.0,0.8627,0.6802,0,6.6,0.7944,0.9442,8.3486,1
VH-06325,2023-02-25,14,Medium,3610.4,64.0,0.6976,0.3805,2,2.7,0.6473,0.4898,43.2103,1
VH-06326,2023-02-25,14,Light,4225.5,91.5,0.6638,0.3336,2,7.3,0.5506,0.6355,45.5143,0
VH-06327,2023-06-25,18,Heavy,3672.0,88.3,0.8449,0.2355,2,5.5,0.191,0.8161,44.5067,1
VH-06328,2023-06-25,18,Medium,6787.7,114.8,0.8771,0.3171,1,8.4,0.6153,0.8116,26.97,0
VH-06329,2022-12-27,12,Medium,4974.7,102.5,0.8662,0.3824,1,6.9,0.3723,0.5917,21.1303,1
VH-06330,2023-03-27,15,Light,4521.9,106.9,0.8256,0.7189,0,3.4,0.395,0.4259,10.4493,1
VH-06331,2023-03-27,15,Medium,3100.9,72.3,0.9408,0.6931,0,1.2,0.4644,0.966,52.8636,0
VH-06332,2022-10-28,10,Heavy,5608.5,116.8,0.7229,0.6416,1,2.0,0.3032,0.6248,27.7779,0
VH-06333,2023-01-26,13,Medium,3582.6,63.0,0.562,0.2861,3,6.6,0.8035,0.82,39.8312,0
VH-06334,2022-03-02,2,Medium,3520.9,87.7,0.5263,0.4818,1,5.6,0.3898,0.543,61.4684,0
VH-06335,2023-03-27,15,Heavy,5658.9,120.9,0.5791,0.4211,2,4.5,0.6391,0.9857,45.8278,0
VH-06336,2023-07-25,19,Medium,5081.0,121.1,0.8798,0.3264,0,5.4,0.5471,0.5495,18.9436,1
VH-06337,2022-01-01,0,Medium,800.0,23.5,0.7949,0.4084,0,0.8,0.3418,0.8701,35.6993,0
VH-06338,2023-04-26,16,Medium,4263.3,88.0,0.9509,0.4633,1,1.0,0.5368,0.7487,28.055,1
VH-06339,2022-05-01,4,Light,4688.3,120.3,0.8674,0.172,0,8.5,0.9071,0.8908,20.6304,0
VH-06340,2023-10-23,22,Heavy,3990.6,79.8,0.8343,0.5647,0,16.6,0.4671,0.8164,32.7281,0
VH-06341,2023-10-23,22,Heavy,4740.5,123.2,0.8205,0.4377,2,11.2,0.5602,0.631,30.4253,1
VH-06342,2022-11-27,11,Heavy,1785.5,59.5,0.8904,0.4588,0,12.0,0.6301,0.7261,29.2682,0
VH-06343,2023-01-26,13,Heavy,800.0,33.5,0.4479,0.6156,0,14.0,0.599,0.6271,53.2031,0
VH-06344,2022-11-27,11,Medium,3036.8,64.8,0.9751,0.6173,0,9.8,0.4455,0.5518,11.0914,1
VH-06345,2023-05-26,17,Medium,4923.4,147.6,0.5297,0.5546,0,1.5,0.6947,0.5989,25.2536,1
VH-06346,2022-01-31,1,Medium,800.0,20.1,0.8684,0.4946,0,4.4,0.501,0.8324,41.2515,0
VH-06347,2022-09-28,9,Heavy,3234.7,75.5,0.8133,0.9162,0,7.1,0.8203,0.6922,7.4566,1
VH-06348,2023-02-25,14,Heavy,1615.9,35.6,0.8755,0.4769,3,4.4,0.6277,0.6324,16.4905,1
VH-06349,2023-06-25,18,Medium,4136.1,75.0,0.5945,0.6646,0,4.1,0.5582,0.6737,23.336,0
VH-06350,2023-05-26,17,Medium,7436.8,184.7,0.604,0.5581,1,2.2,0.2695,0.8766,36.5678,1
VH-06351,2022-01-31,1,Heavy,4174.2,84.2,0.7295,0.7411,0,1.0,0.4858,0.8598,30.0611,0
VH-06352,2022-05-01,4,Heavy,4338.7,110.2,0.7427,0.055,2,1.9,0.2628,0.6816,48.2486,0
VH-06353,2023-04-26,16,Heavy,5758.8,145.4,0.9485,0.2793,0,13.1,0.8008,0.5137,11.5421,1
VH-06354,2023-03-27,15,Medium,4532.0,109.8,0.4453,0.0464,0,12.3,0.685,0.7182,50.7743,0
VH-06355,2022-09-28,9,Medium,4177.5,82.5,0.5247,0.5602,0,1.0,0.8431,0.64,22.8109,1
VH-06356,2022-03-02,2,Medium,5890.0,125.8,0.7494,0.4306,2,0.3,0.4639,0.712,9.7231,1
VH-06357,2023-10-23,22,Medium,5207.8,75.6,0.724,0.0711,0,9.2,0.8574,0.7022,38.4165,0
VH-06358,2023-03-27,15,Heavy,4932.9,107.9,0.9173,0.6906,2,2.7,0.6157,0.4786,27.4872,1
VH-06359,2023-04-26,16,Medium,4291.8,107.4,0.6736,0.4601,0,1.4,0.829,0.7449,4.0131,1
VH-06360,2022-07-30,7,Medium,3980.9,84.9,0.8121,0.352,0,7.7,0.3906,0.7931,35.4279,1
VH-06361,2022-10-28,10,Medium,5875.8,121.7,0.8552,0.5,1,2.6,0.3565,0.713,30.1573,0
VH-06362,2023-01-26,13,Medium,3995.3,84.3,0.769,0.3777,0,13.6,0.5215,0.6303,51.0195,1
VH-06363,2023-06-25,18,Medium,6346.9,159.3,0.9405,0.1253,1,11.2,0.5553,0.6046,13.2639,1
VH-06364,2022-01-31,1,Light,2929.3,64.3,0.7044,0.8685,2,1.3,0.588,0.7463,39.9165,1
VH-06365,2023-01-26,13,Heavy,6650.7,175.7,0.8894,0.7728,0,4.3,0.1173,0.8715,48.2775,0
VH-06366,2022-03-02,2,Medium,5208.1,107.2,0.8032,0.0385,1,8.3,0.8455,0.6193,30.9977,0
VH-06367,2022-04-01,3,Medium,3047.2,71.0,0.934,0.2696,2,5.3,0.5827,0.7365,33.4716,1
VH-06368,2023-01-26,13,Light,5263.5,110.5,0.537,0.7591,3,3.8,0.7598,0.8737,22.4453,0
VH-06369,2023-10-23,22,Medium,3524.5,109.4,0.9846,0.3755,1,3.7,0.8952,0.6922,18.605,1
VH-06370,2022-01-31,1,Heavy,4550.1,103.8,0.4351,0.7072,2,4.5,0.8244,0.5602,22.7674,1
VH-06371,2023-04-26,16,Heavy,3770.1,115.7,0.8353,0.806,0,8.0,0.3687,0.7007,16.3131,1
VH-06372,2022-03-02,2,Light,4300.6,89.3,0.5922,0.072,3,1.7,0.9221,0.3956,17.302,1
VH-06373,2023-03-27,15,Heavy,5912.1,154.3,0.7512,0.2282,0,2.4,0.3008,0.5492,22.4899,0
VH-06374,2023-03-27,15,Heavy,5277.8,119.1,0.6715,0.6139,0,0.8,0.2896,0.7715,50.0255,0
VH-06375,2022-03-02,2,Medium,2812.0,75.0,0.6742,0.2193,0,2.2,0.7497,0.7106,63.8501,0
VH-06376,2022-08-29,8,Light,2897.9,46.1,0.9484,0.0545,1,3.0,0.7551,0.6278,59.033,0
VH-06377,2023-11-22,23,Medium,4906.2,114.3,0.9058,0.3838,0,7.9,0.4897,0.9733,33.5234,0
VH-06378,2022-10-28,10,Heavy,5014.8,95.4,0.4301,0.0389,0,3.6,0.7129,0.8204,39.1576,0
VH-06379,2022-08-29,8,Medium,3488.3,81.4,0.7281,0.363,0,4.3,0.51,0.8991,18.2771,0
VH-06380,2023-10-23,22,Medium,6887.0,130.3,0.7856,0.3692,0,7.1,0.7171,0.3977,27.9469,1
VH-06381,2023-03-27,15,Heavy,5720.2,125.7,0.6934,0.3549,1,11.7,0.8946,0.8617,46.7956,0
VH-06382,2023-03-27,15,Heavy,3561.6,95.6,0.6565,0.0941,2,1.8,0.6705,0.635,54.1978,0
VH-06383,2023-02-25,14,Medium,3416.6,84.1,0.9508,0.2798,0,2.3,0.5649,0.7648,12.3013,1
VH-06384,2022-10-28,10,Heavy,4158.3,73.9,0.7589,0.0557,3,1.7,0.5613,0.5668,38.8156,0
VH-06385,2022-05-31,5,Light,4002.2,60.5,0.8991,0.1413,0,1.4,0.3542,0.7513,56.1735,0
VH-06386,2023-06-25,18,Heavy,6384.2,149.3,0.6072,0.424,0,8.6,0.3735,0.7139,44.4356,0
VH-06387,2022-01-01,0,Medium,5976.8,156.5,0.2729,0.0937,0,7.7,0.7773,0.8085,54.4831,0
VH-06388,2023-11-22,23,Light,4552.6,86.7,0.9069,0.4031,1,6.7,0.8422,0.6503,10.5001,1
VH-06389,2023-10-23,22,Heavy,5516.9,154.1,0.9029,0.2377,2,5.1,0.422,0.7629,29.6405,0
VH-06390,2023-02-25,14,Light,5734.5,127.3,0.2336,0.652,0,1.8,0.3922,0.7782,52.928,0
VH-06391,2022-01-31,1,Light,4587.4,72.6,0.6942,0.1541,0,13.0,0.308,0.6573,36.2813,0
VH-06392,2023-07-25,19,Medium,5103.9,90.0,0.6419,0.482,0,13.5,0.8106,0.9052,62.964,0
VH-06393,2022-07-30,7,Medium,5391.3,131.4,0.2775,0.516,0,14.5,0.6445,0.6363,32.9516,0
VH-06394,2023-10-23,22,Light,5231.4,118.2,0.687,0.4575,0,18.7,0.4948,0.7691,30.8949,0
VH-06395,2022-10-28,10,Medium,3331.8,96.3,0.8855,0.7235,1,3.8,0.4953,0.8416,25.6519,1
VH-06396,2022-01-31,1,Heavy,3483.4,59.4,0.7827,0.4794,0,6.9,0.542,0.8453,21.4195,0
VH-06397,2022-07-30,7,Heavy,4067.1,92.2,0.9093,0.6621,0,7.1,0.2931,0.7223,43.307,1
VH-06398,2023-02-25,14,Light,3440.0,76.5,0.9034,0.4443,1,2.3,0.4434,0.9071,11.7557,1
VH-06399,2023-07-25,19,Medium,2290.3,48.8,0.8704,0.3236,0,9.9,0.5489,0.6215,43.5721,0
VH-06400,2022-10-28,10,Heavy,5513.9,116.8,0.1591,0.56,0,1.5,0.4223,0.7563,29.3649,0
VH-06401,2023-07-25,19,Light,5019.6,106.1,0.571,0.3959,1,2.3,0.2139,0.9023,46.8838,0
VH-06402,2023-07-25,19,Light,2491.0,58.0,0.6863,0.2667,0,5.2,0.3975,0.7437,23.9748,0
VH-06403,2023-09-23,21,Light,4138.6,96.5,0.7928,0.6682,0,2.0,0.6663,0.8205,35.7641,1
VH-06404,2023-09-23,21,Medium,4223.6,97.6,0.8565,0.3965,2,9.5,0.8067,0.3671,17.3946,1
VH-06405,2022-11-27,11,Light,4772.9,124.2,0.9862,0.2264,0,23.7,0.752,0.492,15.0927,1
VH-06406,2022-05-01,4,Heavy,2877.1,45.9,0.5195,0.591,0,4.1,0.7489,0.596,45.6395,1
VH-06407,2022-01-01,0,Heavy,2469.0,27.7,0.5806,0.6729,0,2.2,0.7008,0.8773,31.4301,0
VH-06408,2023-04-26,16,Light,5279.6,132.6,0.6196,0.5291,0,2.3,0.4376,0.8469,48.0167,0
VH-06409,2022-01-31,1,Medium,2199.1,34.7,0.5568,0.5609,1,1.9,0.1709,0.2826,23.1633,1
VH-06410,2023-04-26,16,Light,4151.0,86.6,0.7906,0.3811,0,7.6,0.5689,0.8658,57.5342,0
VH-06411,2022-09-28,9,Light,4010.9,79.9,0.6722,0.7505,1,3.4,0.4312,0.7393,21.9134,0
VH-06412,2023-05-26,17,Heavy,4315.1,86.4,0.6805,0.3787,1,2.8,0.4286,0.8782,18.4383,0
VH-06413,2022-10-28,10,Medium,4879.1,86.5,0.9035,0.3842,0,0.3,0.4688,0.64,47.3821,0
VH-06414,2022-05-01,4,Heavy,6897.9,144.7,0.7637,0.3391,0,2.9,0.4486,0.6976,39.6548,0
VH-06415,2023-09-23,21,Medium,2100.8,56.4,0.6231,0.2122,0,6.3,0.645,0.7618,43.4359,0
VH-06416,2022-08-29,8,Light,5814.9,129.2,0.7063,0.2737,0,4.7,0.8666,0.9255,40.945,0
VH-06417,2022-06-30,6,Medium,800.0,25.3,0.4855,0.5244,0,1.5,0.2944,0.6022,21.8502,0
VH-06418,2023-05-26,17,Light,6590.6,139.0,0.6108,0.4736,0,5.5,0.5253,0.8784,56.4305,0
VH-06419,2023-09-23,21,Heavy,1435.7,45.4,0.7974,0.2752,1,6.3,0.6958,0.6982,40.3972,1
VH-06420,2023-07-25,19,Medium,8154.6,173.6,0.5902,0.6446,2,3.7,0.6484,0.795,21.5038,1
VH-06421,2022-05-01,4,Medium,3915.3,55.4,0.2062,0.1921,1,15.6,0.376,0.6055,37.2326,0
VH-06422,2023-08-24,20,Medium,6435.6,147.8,0.52,0.4908,0,1.9,0.6251,0.6618,22.3046,0
VH-06423,2022-03-02,2,Medium,6126.2,147.6,0.6501,0.3922,0,1.4,0.4679,0.7566,50.3947,0
VH-06424,2022-06-30,6,Heavy,3845.3,77.1,0.3927,0.3188,1,7.2,0.3055,0.8803,70.6968,0
VH-06425,2022-01-31,1,Light,3960.4,106.0,0.8604,0.6875,1,9.2,0.4102,0.5467,19.8429,0
VH-06426,2023-05-26,17,Light,3244.3,59.3,0.8706,0.4738,0,2.0,0.781,0.702,28.614,0
VH-06427,2022-03-02,2,Light,5681.1,136.3,0.6784,0.5358,1,2.9,0.6629,0.9157,59.2849,0
VH-06428,2022-01-31,1,Medium,3864.8,112.1,0.8667,0.6848,2,2.9,0.1565,0.8422,52.2637,0
VH-06429,2023-01-26,13,Medium,3271.5,73.3,0.6692,0.8974,2,8.1,0.5325,0.7149,15.7322,1
VH-06430,2023-04-26,16,Light,5305.9,114.5,0.5925,0.1479,1,5.1,0.3232,0.8516,28.6173,0
VH-06431,2022-08-29,8,Medium,3154.2,68.5,0.7002,0.0692,0,10.0,0.6744,0.7234,45.6672,0
VH-06432,2022-06-30,6,Medium,4006.5,113.5,0.7419,0.5271,0,4.1,0.8401,0.9688,19.9039,1
VH-06433,2022-06-30,6,Light,4660.7,109.6,0.6294,0.1943,1,6.2,0.4314,0.5706,33.7444,0
VH-06434,2023-07-25,19,Heavy,3536.4,110.7,0.4609,0.5418,1,8.8,0.5743,0.8433,52.4158,0
VH-06435,2023-06-25,18,Medium,3762.7,87.8,0.8121,0.4141,1,16.7,0.6765,0.9316,32.8337,0
VH-06436,2023-08-24,20,Medium,6802.5,141.4,0.8389,0.3233,1,2.7,0.859,0.6278,10.3388,1
VH-06437,2022-05-31,5,Medium,4193.6,84.4,0.5605,0.3706,0,0.3,0.3208,0.1775,26.1463,0
VH-06438,2022-07-30,7,Medium,3960.6,88.9,0.7355,0.256,1,5.9,0.6406,0.8061,18.3501,1
VH-06439,2022-08-29,8,Heavy,4237.3,63.5,0.6657,0.806,1,7.5,0.5524,0.8035,12.0929,1
VH-06440,2023-07-25,19,Medium,5181.7,108.0,0.6305,0.3251,1,5.5,0.5058,0.7838,56.4721,0
VH-06441,2023-06-25,18,Medium,2949.2,58.7,0.7502,0.1765,1,6.8,0.3651,0.8153,58.0596,0
VH-06442,2022-08-29,8,Heavy,5140.8,117.8,0.9423,0.5062,1,1.4,0.8559,0.832,27.1628,1
VH-06443,2023-11-22,23,Heavy,4883.7,137.7,0.6868,0.0534,0,7.4,0.4604,0.6328,33.2054,0
VH-06444,2022-10-28,10,Heavy,1817.0,41.2,0.7336,0.4521,0,15.6,0.1963,0.7514,57.2694,0
VH-06445,2023-02-25,14,Light,7191.4,131.0,0.4854,0.1687,0,9.5,0.3344,0.6178,30.9806,0
VH-06446,2023-10-23,22,Light,6691.2,135.0,0.7728,0.6488,1,1.0,0.715,0.7917,38.6194,0
VH-06447,2022-10-28,10,Medium,3299.2,77.2,0.7848,0.3715,0,7.9,0.9367,0.7909,67.7026,1
VH-06448,2023-08-24,20,Medium,2816.4,64.0,0.3936,0.1802,0,3.1,0.5188,0.3963,25.5018,0
VH-06449,2022-08-29,8,Medium,4842.1,132.0,0.8544,0.5598,0,2.1,0.9893,0.8906,32.4071,1
VH-06450,2023-08-24,20,Heavy,2361.2,66.9,0.3553,0.5758,0,14.0,0.769,0.8322,71.79,0
VH-06451,2023-05-26,17,Medium,6546.4,159.4,0.7881,0.4497,0,4.4,0.6471,0.8539,27.5233,1
VH-06452,2023-02-25,14,Medium,3797.3,81.1,0.5712,0.5188,2,10.6,0.275,0.7344,19.4956,0
VH-06453,2022-07-30,7,Medium,6932.7,170.5,0.9866,0.3346,0,5.8,0.3328,0.9592,36.054,1
VH-06454,2022-05-31,5,Medium,3263.4,59.1,0.4814,0.8004,0,4.9,0.2114,0.5631,65.8779,1
VH-06455,2023-11-22,23,Medium,4331.7,110.8,0.6552,0.9337,1,8.5,0.288,0.7107,39.7836,1
VH-06456,2023-01-26,13,Heavy,6400.8,138.0,0.8363,0.6441,0,3.4,0.3113,0.5809,16.0159,1
VH-06457,2022-12-27,12,Medium,4015.1,67.5,0.8477,0.413,0,8.2,0.5096,0.6475,26.1758,1
VH-06458,2022-09-28,9,Heavy,4908.1,118.0,0.8521,0.1234,1,6.8,0.7141,0.5892,14.5891,1
VH-06459,2022-11-27,11,Medium,6139.0,157.4,0.4125,0.0167,0,8.9,0.272,0.6598,49.4512,0
VH-06460,2023-01-26,13,Heavy,3665.9,75.4,0.772,0.0688,1,20.5,0.7752,0.5223,44.3838,0
VH-06461,2022-11-27,11,Light,2607.4,81.4,0.4455,0.4881,2,5.4,0.1643,0.7373,49.8447,0
VH-06462,2022-08-29,8,Heavy,2311.9,26.5,0.6285,0.5365,0,3.7,0.8371,0.7046,22.8091,0
VH-06463,2022-01-31,1,Heavy,5375.1,101.5,0.8425,0.3529,2,6.7,0.9329,0.9369,47.1829,0
VH-06464,2023-08-24,20,Medium,5083.2,110.8,0.7846,0.6887,1,3.4,0.6224,0.4405,16.5558,1
VH-06465,2023-02-25,14,Medium,6092.5,129.8,0.6758,0.1853,0,4.0,0.6753,0.7741,52.5592,1
VH-06466,2022-04-01,3,Heavy,4088.9,80.9,0.7914,0.2719,0,4.3,0.5761,0.7131,20.0271,0
VH-06467,2022-04-01,3,Light,2353.9,54.3,0.8721,0.4866,1,5.1,0.6555,0.383,29.5059,0
VH-06468,2023-09-23,21,Heavy,970.9,20.0,0.9603,0.2858,0,0.4,0.5505,0.5048,33.2894,0
VH-06469,2023-08-24,20,Heavy,8801.9,190.2,0.8714,0.5751,1,8.3,0.6505,0.682,16.9464,1
VH-06470,2023-04-26,16,Heavy,5290.4,121.7,0.8141,0.2599,2,5.4,0.2384,0.7943,46.9901,0
VH-06471,2022-07-30,7,Medium,4705.2,94.5,0.8932,0.378,1,0.9,0.8308,0.7927,7.0152,1
VH-06472,2022-09-28,9,Medium,4918.0,107.7,0.6678,0.3339,0,11.6,0.4018,0.7243,32.7317,0
VH-06473,2022-09-28,9,Heavy,2353.0,42.6,0.6029,0.1882,0,14.4,0.5643,0.5286,22.4189,0
VH-06474,2023-09-23,21,Medium,3307.7,55.4,0.9177,0.2961,1,4.1,0.3727,0.5064,43.5812,0
VH-06475,2022-12-27,12,Light,7115.0,169.6,0.7303,0.4665,1,2.9,0.2451,0.4231,12.2278,1
VH-06476,2022-04-01,3,Light,5487.5,147.6,0.7138,0.3554,0,6.6,0.9136,0.546,14.1909,1
VH-06477,2023-03-27,15,Heavy,3354.6,90.5,0.5715,0.2589,1,9.0,0.4583,0.3255,37.8477,1
VH-06478,2022-06-30,6,Medium,2659.8,64.1,0.7207,0.5057,1,3.0,0.6678,0.87,18.1321,0
VH-06479,2023-03-27,15,Light,3726.5,73.2,0.661,0.4344,1,3.7,0.7928,0.7902,19.9016,1
VH-06480,2022-08-29,8,Medium,4026.9,85.2,0.8294,0.4948,1,12.1,0.4595,0.3916,16.1752,1
VH-06481,2022-08-29,8,Heavy,7573.7,184.2,0.9096,0.4167,1,13.0,0.4717,0.89,12.5876,1
VH-06482,2023-09-23,21,Medium,4217.6,59.5,0.7578,0.4951,0,3.7,0.6417,0.732,45.8031,1
VH-06483,2022-08-29,8,Heavy,2715.7,54.9,0.7017,0.4449,2,3.6,0.5989,0.7985,23.192,0
VH-06484,2023-10-23,22,Heavy,4412.1,109.1,0.99,0.3108,0,2.2,0.518,0.6082,19.0237,1
VH-06485,2023-05-26,17,Heavy,4896.5,91.7,0.9064,0.6413,0,5.8,0.3778,0.6477,68.9765,1
VH-06486,2022-01-01,0,Heavy,2579.2,63.7,0.8575,0.498,0,2.2,0.4922,0.9463,42.1474,1
VH-06487,2022-01-31,1,Medium,5103.2,119.1,0.8598,0.2944,1,9.7,0.4933,0.6015,20.589,0
VH-06488,2023-05-26,17,Medium,6313.4,118.5,0.3232,0.8794,2,3.6,0.2385,0.9416,39.9379,0
VH-06489,2022-06-30,6,Light,4708.0,105.9,0.4438,0.2825,1,1.7,0.5834,0.886,64.976,0
VH-06490,2023-06-25,18,Heavy,3304.4,64.2,0.9461,0.8239,1,1.1,0.3285,0.7171,31.221,1
VH-06491,2023-08-24,20,Medium,3706.7,88.6,0.7213,0.2503,2,2.8,0.8157,0.7432,22.0044,1
VH-06492,2022-05-01,4,Medium,2011.7,54.8,0.938,0.3841,0,2.9,0.6481,0.7786,51.0285,1
VH-06493,2023-06-25,18,Heavy,4299.2,101.5,0.8394,0.3406,1,3.4,0.478,0.767,25.7382,1
VH-06494,2023-05-26,17,Light,4966.2,111.4,0.7442,0.2588,1,5.5,0.5929,0.8691,44.7782,1
VH-06495,2023-07-25,19,Heavy,3155.1,74.4,0.3635,0.4659,1,7.7,0.3641,0.717,71.3288,0
VH-06496,2022-06-30,6,Light,7409.6,147.0,0.5853,0.3601,1,11.7,0.3518,0.8494,41.146,0
VH-06497,2022-06-30,6,Medium,5688.4,125.9,0.809,0.3736,1,3.4,0.6425,0.6295,11.1288,1
VH-06498,2023-01-26,13,Medium,1810.8,28.3,0.8206,0.4311,2,5.4,0.2876,0.762,31.2313,1
VH-06499,2023-07-25,19,Medium,1841.6,56.4,0.7286,0.9497,0,7.9,0.4794,0.7005,52.559,0
VH-06500,2022-06-30,6,Medium,3024.0,77.4,0.7341,0.1129,0,6.3,0.6873,0.5374,45.9041,1
VH-06501,2022-10-28,10,Heavy,6859.8,162.6,0.9007,0.2033,2,19.9,0.4443,0.6036,29.954,1
VH-06502,2023-03-27,15,Medium,5836.4,155.4,0.6266,0.2077,3,4.5,0.3331,0.8384,50.1139,0
VH-06503,2023-02-25,14,Medium,6935.6,149.2,0.7236,0.5337,1,2.8,0.4777,0.7432,16.8295,1
VH-06504,2023-03-27,15,Heavy,4515.3,92.1,0.9274,0.3891,3,9.9,0.7773,0.878,23.8677,1
VH-06505,2023-06-25,18,Heavy,4185.8,87.7,0.7783,0.5196,1,1.8,0.5822,0.9755,25.3963,0
VH-06506,2022-01-01,0,Light,2628.7,34.4,0.4772,0.199,1,5.0,0.8358,0.9367,35.3844,0
VH-06507,2022-03-02,2,Heavy,5024.5,88.8,0.5653,0.3878,0,11.5,0.4777,0.5801,42.4843,1
VH-06508,2023-09-23,21,Light,4205.7,102.8,0.7199,0.5878,0,1.3,0.6573,0.56,26.8304,0
VH-06509,2023-10-23,22,Medium,4148.0,71.3,0.7658,0.2331,1,5.8,0.6813,0.5245,9.2162,1
VH-06510,2022-05-31,5,Medium,6927.1,137.8,0.8547,0.7972,1,3.3,0.4615,0.9036,23.8433,1
VH-06511,2022-11-27,11,Heavy,4310.5,94.3,0.7811,0.2156,2,3.5,0.0943,0.8804,37.0646,0
VH-06512,2022-01-31,1,Light,6496.5,138.2,0.5479,0.618,0,2.2,0.4725,0.6429,60.0291,1
VH-06513,2023-05-26,17,Light,2117.9,60.3,0.3952,0.2843,0,6.8,0.3308,0.6046,68.0564,0
VH-06514,2022-06-30,6,Heavy,8532.2,190.5,0.574,0.6295,0,1.4,0.9146,0.9062,18.2097,0
VH-06515,2023-11-22,23,Light,3940.1,75.6,0.4322,0.2583,0,7.7,0.1202,0.7513,18.0651,0
VH-06516,2022-05-31,5,Medium,5560.8,138.1,0.659,0.4344,0,1.0,0.3872,0.8878,38.3642,0
VH-06517,2023-07-25,19,Heavy,5799.4,139.8,0.8242,0.4957,2,8.4,0.681,0.7213,14.1169,1
VH-06518,2022-07-30,7,Medium,3754.0,62.3,0.8334,0.2511,2,3.3,0.5139,0.4511,3.5714,1
VH-06519,2022-05-31,5,Light,5728.5,131.1,0.8018,0.1693,2,3.4,0.7348,0.7635,24.1906,0
VH-06520,2023-10-23,22,Medium,5806.5,118.3,0.5522,0.2145,2,7.3,0.505,0.6071,30.08,0
VH-06521,2022-11-27,11,Heavy,3430.3,65.1,0.7819,0.0616,1,11.8,0.6626,0.6969,56.5102,0
VH-06522,2022-06-30,6,Medium,3448.0,104.7,0.6951,0.3213,0,8.1,0.4154,0.9096,25.5793,0
VH-06523,2023-04-26,16,Light,4568.0,103.4,0.9057,0.4677,2,6.4,0.496,0.8842,27.9197,0
VH-06524,2022-07-30,7,Light,4326.8,92.9,0.4185,0.313,0,7.5,0.359,0.9241,34.6659,0
VH-06525,2023-10-23,22,Medium,6589.7,147.7,0.6699,0.4338,0,8.0,0.4504,0.6859,32.6962,0
VH-06526,2023-10-23,22,Heavy,5554.0,136.5,0.8761,0.724,1,2.7,0.497,0.5643,3.7385,1
VH-06527,2023-08-24,20,Medium,4394.4,87.1,0.9374,0.1044,0,5.4,0.5967,0.8948,25.2696,0
VH-06528,2022-10-28,10,Light,5409.1,112.2,0.8906,0.5537,1,13.4,0.6805,0.6857,29.3768,1
VH-06529,2023-06-25,18,Medium,1430.0,41.6,0.8561,0.2675,1,3.0,0.3325,0.3161,31.0004,0
VH-06530,2023-10-23,22,Light,3577.0,56.7,0.6562,0.2119,1,3.0,0.5034,0.8313,35.3084,0
VH-06531,2023-06-25,18,Medium,4931.7,124.5,0.5227,0.3912,1,2.1,0.6384,0.8743,47.8912,0
VH-06532,2022-05-01,4,Heavy,6173.0,113.1,0.8155,0.6361,3,14.2,0.8996,0.5722,16.4653,1
VH-06533,2022-11-27,11,Heavy,4799.7,103.0,0.8095,0.4759,1,7.2,0.6491,0.8071,21.0658,0
VH-06534,2022-08-29,8,Light,6687.4,124.6,0.8752,0.1323,0,6.1,0.2915,0.8296,26.0073,0
VH-06535,2023-01-26,13,Medium,5801.9,113.1,0.8055,0.4142,2,3.5,0.3005,0.4634,24.4294,0
VH-06536,2022-05-01,4,Light,3767.5,103.2,0.4917,0.3934,2,4.5,0.5781,0.5328,28.5739,1
VH-06537,2022-06-30,6,Light,4290.0,111.0,0.8392,0.5338,0,14.9,0.3256,0.8662,33.693,0
VH-06538,2022-07-30,7,Medium,5112.6,130.9,0.7583,0.6266,2,2.3,0.5295,0.7558,29.0747,1
VH-06539,2023-11-22,23,Medium,3827.0,63.3,0.9841,0.2949,0,2.7,0.5052,0.6969,42.7283,1
VH-06540,2022-01-01,0,Heavy,6796.9,135.3,0.7445,0.5012,1,5.1,0.6416,0.7811,21.2578,1
VH-06541,2023-06-25,18,Heavy,2836.9,68.1,0.6105,0.341,1,9.0,0.8489,0.951,58.5745,0
VH-06542,2022-01-31,1,Light,4974.2,121.3,0.9377,0.3369,1,7.9,0.5372,0.7084,28.3447,1
VH-06543,2022-01-31,1,Heavy,5603.2,112.5,0.589,0.2216,0,6.2,0.6925,0.9065,52.8722,0
VH-06544,2022-03-02,2,Medium,4029.8,80.9,0.7728,0.5029,0,8.5,0.5135,0.8416,56.8773,0
VH-06545,2023-03-27,15,Medium,3691.8,65.1,0.7051,0.2107,1,7.7,0.6798,0.4635,59.5985,1
VH-06546,2022-10-28,10,Heavy,4385.9,122.3,0.8261,0.2062,0,9.2,0.5174,0.8979,48.8038,0
VH-06547,2023-04-26,16,Light,5718.0,119.9,0.9553,0.695,1,6.3,0.3583,0.4765,7.4289,1
VH-06548,2022-01-31,1,Medium,3750.2,83.8,0.6687,0.5293,0,5.6,0.3406,0.8265,70.989,0
VH-06549,2022-04-01,3,Heavy,2896.6,65.6,0.4651,0.4562,0,8.8,0.8815,0.5851,57.7632,0
VH-06550,2023-09-23,21,Medium,6225.9,154.9,0.5415,0.4195,1,5.7,0.3549,0.5864,26.6342,0
VH-06551,2023-08-24,20,Heavy,5098.9,99.0,0.7693,0.5562,0,2.5,0.7999,0.44,20.7464,1
VH-06552,2023-01-26,13,Light,6011.8,151.1,0.3971,0.5381,0,6.7,0.9013,0.6003,24.6844,1
VH-06553,2022-04-01,3,Heavy,5639.0,106.1,0.8099,0.3306,2,6.9,0.1345,0.5033,14.9477,1
VH-06554,2022-03-02,2,Light,7769.8,190.1,0.5017,0.4954,1,4.2,0.5071,0.8374,38.6812,1
VH-06555,2023-02-25,14,Light,6172.5,111.4,0.6662,0.526,1,13.9,0.3985,0.5973,17.6305,1
VH-06556,2022-05-01,4,Medium,3413.9,74.3,0.9205,0.4167,1,4.2,0.2783,0.8588,31.3887,0
VH-06557,2023-05-26,17,Heavy,5205.4,140.1,0.8723,0.1676,0,8.0,0.4837,0.7547,42.6258,1
VH-06558,2023-08-24,20,Light,3663.8,91.9,0.82,0.4859,0,6.2,0.1215,0.7909,45.6998,0
VH-06559,2022-06-30,6,Heavy,3818.8,91.2,0.5791,0.635,0,3.6,0.6115,0.9263,23.4141,0
VH-06560,2022-01-01,0,Light,2381.2,37.2,0.5554,0.3307,0,2.3,0.891,0.6908,21.1175,1
VH-06561,2023-05-26,17,Medium,4070.8,79.4,0.5515,0.8286,2,7.4,0.7372,0.4509,17.2412,1
VH-06562,2022-06-30,6,Medium,5317.6,138.3,0.5973,0.1484,0,8.4,0.6606,0.7806,32.09,0
VH-06563,2022-07-30,7,Light,4401.0,104.9,0.4497,0.4637,2,12.3,0.3813,0.7209,26.9246,0
VH-06564,2022-03-02,2,Heavy,2850.9,76.7,0.8805,0.2778,1,3.0,0.8275,0.5008,57.8692,1
VH-06565,2022-01-31,1,Medium,2215.5,50.3,0.7693,0.4918,1,1.8,0.5076,0.8954,43.5368,1
VH-06566,2022-01-01,0,Medium,7667.8,166.2,0.783,0.2685,0,0.6,0.6659,0.2353,13.7593,1
VH-06567,2023-03-27,15,Medium,4987.7,122.3,0.9424,0.4905,0,8.9,0.556,0.5508,26.2758,0
VH-06568,2023-04-26,16,Medium,3263.9,76.4,0.7615,0.6341,1,9.1,0.3944,0.5569,37.2301,0
VH-06569,2023-10-23,22,Medium,5192.7,112.8,0.8978,0.2914,0,7.2,0.1419,0.7957,39.2041,0
VH-06570,2022-05-31,5,Heavy,7783.8,151.8,0.6301,0.5269,0,3.6,0.3408,0.8867,19.8815,0
VH-06571,2023-11-22,23,Medium,5430.7,135.0,0.99,0.1383,0,9.5,0.653,0.5467,28.0077,1
VH-06572,2022-07-30,7,Medium,800.0,24.4,0.7193,0.3327,0,4.8,0.6635,0.6117,57.3873,1
VH-06573,2022-11-27,11,Medium,8478.4,179.3,0.7027,0.185,2,0.4,0.6899,0.4475,7.2624,1
VH-06574,2022-07-30,7,Medium,1726.1,56.0,0.8743,0.5627,1,3.9,0.3747,0.7761,22.6847,0
VH-06575,2022-05-01,4,Medium,4191.0,96.8,0.4769,0.2587,1,15.3,0.5021,0.6644,50.0832,1
VH-06576,2023-05-26,17,Medium,2799.9,66.2,0.9681,0.7131,0,5.8,0.4793,0.7801,50.9308,0
VH-06577,2022-03-02,2,Medium,3390.0,88.6,0.8021,0.2729,3,1.7,0.5495,0.4705,23.9792,0
VH-06578,2022-10-28,10,Heavy,4926.6,119.5,0.5598,0.4518,1,4.3,0.2766,0.4896,59.2524,0
VH-06579,2023-10-23,22,Heavy,1393.5,35.4,0.8207,0.3159,2,13.6,0.4572,0.5678,49.3921,0
VH-06580,2023-10-23,22,Heavy,4364.6,94.2,0.7254,0.5066,0,3.5,0.7048,0.8255,32.8634,0
VH-06581,2023-03-27,15,Heavy,6221.0,168.0,0.7464,0.3098,1,4.3,0.2659,0.4949,10.0201,1
VH-06582,2023-03-27,15,Medium,3235.1,60.9,0.7384,0.5112,2,12.2,0.4757,0.5276,11.3903,1
VH-06583,2023-03-27,15,Heavy,2414.6,64.8,0.8459,0.0892,1,4.8,0.3442,0.7082,70.5903,0
VH-06584,2023-03-27,15,Light,4291.0,94.1,0.6403,0.2256,1,10.7,0.8595,0.865,20.1174,0
VH-06585,2022-09-28,9,Medium,3992.5,95.5,0.8235,0.6642,1,3.4,0.6328,0.9018,23.6518,0
VH-06586,2022-08-29,8,Medium,3607.2,98.7,0.2751,0.5633,0,5.3,0.5358,0.4921,21.8432,0
VH-06587,2022-05-01,4,Light,2717.5,55.7,0.7222,0.1656,1,3.6,0.7864,0.7807,17.4144,1
VH-06588,2023-09-23,21,Heavy,5278.8,126.3,0.9257,0.4244,1,1.0,0.6139,0.79,20.6912,1
VH-06589,2023-03-27,15,Heavy,5392.9,123.8,0.4397,0.6597,2,4.2,0.1446,0.6382,67.5592,0
VH-06590,2022-05-31,5,Medium,2901.5,54.9,0.9113,0.5037,1,2.1,0.4597,0.7188,21.7985,1
VH-06591,2022-01-31,1,Medium,3109.1,88.0,0.9197,0.4293,0,3.8,0.7796,0.7239,13.7187,1
VH-06592,2023-01-26,13,Medium,4704.7,115.2,0.6594,0.3246,1,3.0,0.6554,0.8198,64.7901,1
VH-06593,2023-02-25,14,Medium,3052.5,61.3,0.15,0.194,0,9.7,0.2796,0.7391,20.7667,0
VH-06594,2023-11-22,23,Heavy,4768.0,122.5,0.8434,0.7105,1,4.9,0.5109,0.7279,3.9435,1
VH-06595,2023-08-24,20,Heavy,6702.1,136.5,0.8561,0.3609,1,14.1,0.2831,0.8829,25.9457,0
VH-06596,2022-06-30,6,Medium,4410.3,97.6,0.7571,0.4652,0,2.4,0.6746,0.7277,21.6392,1
VH-06597,2022-05-31,5,Light,2679.6,53.1,0.5609,0.0177,1,8.1,0.3749,0.9821,19.3584,0
VH-06598,2022-10-28,10,Medium,5088.2,124.3,0.6676,0.3998,0,8.9,0.7656,0.8136,60.7851,0
VH-06599,2023-10-23,22,Light,4233.5,86.9,0.6004,0.4477,0,0.9,0.3589,0.9314,50.8093,0
VH-06600,2022-05-31,5,Medium,4274.8,106.4,0.5396,0.7347,1,6.0,0.7347,0.7287,7.1699,1
VH-06601,2023-10-23,22,Light,5213.0,124.8,0.4017,0.3848,0,3.5,0.1512,0.6141,24.8294,0
VH-06602,2023-06-25,18,Light,5536.6,117.4,0.7339,0.3443,2,4.4,0.9637,0.7116,19.8207,1
VH-06603,2023-02-25,14,Medium,4553.3,128.6,0.5354,0.135,2,4.0,0.5751,0.6747,67.2249,0
VH-06604,2022-12-27,12,Light,4409.0,86.8,0.6905,0.1704,4,5.9,0.7795,0.8564,24.2466,0
VH-06605,2022-01-01,0,Heavy,7595.3,147.6,0.4155,0.3789,0,3.0,0.6709,0.8284,54.2768,0
VH-06606,2023-06-25,18,Light,6300.8,152.9,0.6616,0.6316,1,0.7,0.4618,0.5266,29.5702,1
VH-06607,2023-09-23,21,Heavy,5750.3,95.5,0.7066,0.4714,0,15.0,0.5032,0.5396,30.9796,1
VH-06608,2022-11-27,11,Light,4696.8,126.8,0.7293,0.386,0,2.9,0.5854,0.9557,68.8062,0
VH-06609,2022-09-28,9,Light,2991.4,68.0,0.5513,0.6359,2,4.3,0.3295,0.8019,68.1029,0
VH-06610,2022-12-27,12,Light,6191.1,116.2,0.863,0.7499,0,4.7,0.5829,0.7747,9.3882,1
VH-06611,2022-10-28,10,Heavy,4716.4,90.6,0.466,0.2348,0,4.1,0.4775,0.8715,25.9664,0
VH-06612,2022-06-30,6,Medium,3634.2,56.2,0.8932,0.4344,1,10.1,0.9083,0.595,19.0931,1
VH-06613,2022-06-30,6,Medium,4135.3,97.6,0.4952,0.7064,0,5.0,0.3083,0.7216,20.1971,0
VH-06614,2022-08-29,8,Light,3050.7,47.9,0.6643,0.3679,1,1.2,0.5979,0.7492,48.0064,0
VH-06615,2022-06-30,6,Heavy,6086.0,142.8,0.7667,0.1586,0,5.4,0.5882,0.7529,44.9717,0
VH-06616,2023-09-23,21,Light,5524.6,118.2,0.5721,0.4816,1,5.4,0.2586,0.904,52.1716,0
VH-06617,2022-12-27,12,Medium,4772.4,98.9,0.4576,0.3188,0,4.7,0.4938,0.6642,69.4124,0
VH-06618,2022-12-27,12,Heavy,4435.8,106.2,0.7414,0.2404,0,2.7,0.6565,0.931,29.5928,0
VH-06619,2023-01-26,13,Light,3479.0,86.7,0.858,0.6532,0,1.6,0.4738,0.509,20.3211,0
VH-06620,2022-05-01,4,Medium,1304.9,46.2,0.7669,0.4593,2,3.4,0.5224,0.8955,21.1247,0
VH-06621,2022-10-28,10,Heavy,2380.6,43.4,0.7679,0.4984,5,9.0,0.1694,0.7208,53.5772,0
VH-06622,2022-01-31,1,Medium,3386.0,74.8,0.7503,0.6217,0,7.5,0.445,0.7015,64.7581,0
VH-06623,2023-10-23,22,Light,3160.6,60.7,0.5934,0.3896,0,14.0,0.1579,0.5465,63.1175,0
VH-06624,2022-11-27,11,Medium,4934.0,112.1,0.9557,0.4721,1,4.4,0.197,0.4695,28.1252,1
VH-06625,2023-06-25,18,Light,5717.2,115.4,0.8924,0.5739,1,1.9,0.586,0.493,19.6958,1
VH-06626,2023-04-26,16,Heavy,4307.3,89.4,0.7222,0.6962,0,9.1,0.3114,0.637,19.884,1
VH-06627,2023-07-25,19,Medium,6613.4,140.7,0.7962,0.4372,1,10.7,0.9233,0.6103,9.1137,1
VH-06628,2022-10-28,10,Medium,3325.7,78.3,0.7689,0.3101,2,2.9,0.8092,0.4274,15.0047,1
VH-06629,2022-09-28,9,Light,4296.7,95.5,0.7425,0.2275,1,2.4,0.6047,0.7654,59.2568,0
VH-06630,2022-01-31,1,Medium,4423.5,105.9,0.9316,0.3832,1,4.9,0.5802,0.7862,37.9431,1
VH-06631,2022-01-31,1,Medium,6138.3,134.8,0.7632,0.8002,0,9.5,0.8457,0.7432,12.7638,1
VH-06632,2022-12-27,12,Light,4658.8,94.8,0.8635,0.3786,2,7.5,0.3269,0.7349,46.5809,0
VH-06633,2023-11-22,23,Heavy,4700.4,107.3,0.8613,0.5663,1,9.7,0.5283,0.5421,21.7432,1
VH-06634,2023-07-25,19,Medium,2017.7,31.1,0.8067,0.6361,0,7.0,0.2397,0.8438,24.0022,0
VH-06635,2023-11-22,23,Heavy,3150.1,78.5,0.5293,0.6735,1,8.2,0.7916,0.6041,63.4659,0
VH-06636,2022-07-30,7,Medium,6143.9,132.2,0.7643,0.2847,0,18.0,0.8116,0.8762,45.6411,1
VH-06637,2023-05-26,17,Light,1387.0,33.9,0.7879,0.7075,1,11.4,0.7252,0.5978,21.1775,1
VH-06638,2023-09-23,21,Heavy,6514.5,148.1,0.7506,0.6364,0,2.5,0.9133,0.9559,38.9738,1
VH-06639,2023-11-22,23,Heavy,5249.5,140.7,0.667,0.1655,2,2.5,0.3897,0.6661,14.4265,1
VH-06640,2022-12-27,12,Medium,3378.7,80.8,0.6387,0.3785,1,7.9,0.5029,0.5701,18.0009,0
VH-06641,2023-08-24,20,Light,3251.9,73.4,0.731,0.7361,0,2.6,0.559,0.5365,50.7184,0
VH-06642,2022-08-29,8,Heavy,7343.9,152.8,0.8119,0.4026,0,11.1,0.6452,0.839,13.0985,1
VH-06643,2023-11-22,23,Light,6617.1,159.1,0.3247,0.3523,1,8.2,0.3892,0.8101,46.1027,0
VH-06644,2022-10-28,10,Medium,4320.8,92.0,0.8489,0.2594,1,10.1,0.7026,0.5965,13.8651,1
VH-06645,2022-10-28,10,Medium,4701.9,81.6,0.4575,0.2185,1,4.2,0.2828,0.4641,54.7676,0
VH-06646,2023-05-26,17,Light,3530.7,75.5,0.5647,0.7447,1,3.4,0.5267,0.8901,50.002,1
VH-06647,2022-10-28,10,Light,4702.2,107.4,0.7196,0.6847,0,1.8,0.3598,0.5273,22.4883,1
VH-06648,2022-03-02,2,Light,3489.1,65.3,0.6152,0.5468,1,5.7,0.3422,0.5838,30.9521,0
VH-06649,2023-08-24,20,Heavy,4382.2,95.6,0.5843,0.4372,1,5.1,0.3069,0.8198,48.9868,0
VH-06650,2022-11-27,11,Medium,7215.5,159.3,0.59,0.4289,0,2.3,0.4609,0.6818,38.19,0
VH-06651,2023-02-25,14,Medium,4356.6,96.0,0.6059,0.6326,1,8.1,0.5662,0.3861,54.2622,1
VH-06652,2023-03-27,15,Heavy,2928.0,83.6,0.9546,0.2096,0,5.9,0.1949,0.6841,18.7814,0
VH-06653,2023-03-27,15,Medium,2450.4,34.8,0.7254,0.6176,2,9.4,0.2761,0.8802,33.5585,0
VH-06654,2023-01-26,13,Medium,4690.7,134.7,0.792,0.6635,2,2.7,0.7853,0.9125,22.4903,0
VH-06655,2023-09-23,21,Medium,3358.7,74.1,0.4496,0.666,2,7.7,0.447,0.6426,44.0779,0
VH-06656,2022-11-27,11,Medium,4869.9,116.9,0.7663,0.7842,0,8.0,0.6684,0.7641,31.1669,1
VH-06657,2022-08-29,8,Medium,2070.7,47.9,0.3668,0.4554,0,1.6,0.6298,0.6654,36.3078,0
VH-06658,2022-04-01,3,Heavy,5535.4,97.1,0.7134,0.5309,1,21.8,0.7606,0.5629,4.5306,1
VH-06659,2023-02-25,14,Heavy,2909.8,48.8,0.7482,0.4049,2,2.4,0.7225,0.787,32.5038,0
VH-06660,2023-11-22,23,Medium,4569.4,93.7,0.4959,0.5209,0,2.6,0.7574,0.7036,34.6562,1
VH-06661,2022-11-27,11,Medium,3992.5,103.6,0.767,0.2564,1,15.1,0.4528,0.5715,32.7668,0
VH-06662,2022-04-01,3,Heavy,7077.6,136.5,0.6613,0.4699,0,6.4,0.5398,0.7392,29.8144,0
VH-06663,2022-04-01,3,Light,4757.2,92.9,0.785,0.5348,1,16.2,0.4823,0.6643,32.3729,1
VH-06664,2022-05-31,5,Heavy,7418.2,167.3,0.6698,0.3113,0,14.6,0.806,0.5602,35.2326,1
VH-06665,2022-01-31,1,Medium,5341.1,125.8,0.5427,0.35,0,13.0,0.6942,0.9749,43.2652,1
VH-06666,2022-05-31,5,Heavy,6638.1,154.2,0.4461,0.2961,0,11.7,0.7297,0.7014,53.5357,1
VH-06667,2022-01-31,1,Heavy,4186.8,78.3,0.3919,0.3756,0,2.4,0.4034,0.812,42.4027,0
VH-06668,2023-04-26,16,Medium,5018.3,87.5,0.6869,0.602,0,1.9,0.3433,0.6001,28.731,1
VH-06669,2022-03-02,2,Light,6328.0,148.7,0.8636,0.5219,1,2.3,0.5617,0.8225,34.6915,0
VH-06670,2023-01-26,13,Heavy,5857.4,151.7,0.8341,0.2728,1,2.0,0.4262,0.7571,36.3717,0
VH-06671,2022-07-30,7,Medium,5296.5,112.5,0.7782,0.3664,0,2.3,0.628,0.6348,34.4832,0
VH-06672,2023-06-25,18,Medium,4008.1,71.9,0.2789,0.1234,0,9.1,0.589,0.904,25.885,0
VH-06673,2023-05-26,17,Medium,4261.8,88.3,0.7667,0.8234,1,11.6,0.5329,0.902,46.7642,1
VH-06674,2022-08-29,8,Medium,6206.5,143.8,0.4167,0.3767,1,11.2,0.5241,0.4594,18.0326,0
VH-06675,2022-05-31,5,Medium,6518.9,141.4,0.612,0.598,3,10.7,0.2085,0.7265,19.865,1
VH-06676,2022-01-31,1,Light,3610.7,101.3,0.7415,0.3896,0,5.3,0.6697,0.8221,53.5968,1
VH-06677,2023-11-22,23,Medium,3384.4,89.1,0.8238,0.4946,0,7.9,0.5927,0.8977,65.6261,1
VH-06678,2022-08-29,8,Heavy,3143.8,72.6,0.8955,0.541,1,9.0,0.2578,0.8904,24.9907,0
VH-06679,2023-07-25,19,Light,5744.6,98.3,0.8253,0.575,4,9.0,0.3442,0.5696,26.0293,1
VH-06680,2022-01-01,0,Medium,3105.8,58.6,0.5267,0.3744,1,3.5,0.3905,0.8386,69.2246,0
VH-06681,2022-05-31,5,Medium,5726.4,119.0,0.9692,0.9105,2,2.6,0.6807,0.5997,18.8312,1
VH-06682,2022-05-31,5,Heavy,5318.5,107.0,0.8607,0.3677,0,8.4,0.46,0.7454,33.9521,1
VH-06683,2022-03-02,2,Medium,3682.4,84.7,0.5354,0.0905,0,3.8,0.5999,0.8657,38.1367,0
VH-06684,2023-06-25,18,Heavy,6845.8,155.3,0.424,0.4822,0,0.2,0.4232,0.8928,52.8816,0
VH-06685,2023-05-26,17,Light,2306.6,26.1,0.6456,0.8945,1,0.5,0.5522,0.8557,35.6578,0
VH-06686,2022-12-27,12,Medium,6989.3,167.4,0.9031,0.3189,0,9.7,0.3828,0.6441,12.2036,1
VH-06687,2022-01-01,0,Heavy,4978.3,110.9,0.4917,0.2122,1,2.9,0.3765,0.9653,19.1601,0
VH-06688,2022-05-31,5,Heavy,1389.8,36.2,0.7527,0.3055,0,2.6,0.2593,0.5163,47.7331,0
VH-06689,2023-04-26,16,Medium,6887.8,164.2,0.8121,0.3012,0,2.2,0.6544,0.5531,31.6375,1
VH-06690,2022-04-01,3,Medium,5958.3,120.9,0.8347,0.564,1,8.0,0.3456,0.8586,53.4536,0
VH-06691,2023-01-26,13,Medium,3857.7,104.6,0.9458,0.1558,0,6.5,0.3928,0.9192,58.2954,1
VH-06692,2022-10-28,10,Light,3052.9,65.7,0.7058,0.6065,2,1.5,0.5614,0.7048,56.2151,0
VH-06693,2023-05-26,17,Heavy,2146.4,70.4,0.99,0.5479,1,1.7,0.2477,0.7243,50.5066,1
VH-06694,2023-01-26,13,Heavy,8123.2,167.1,0.7778,0.3276,0,2.8,0.341,0.4891,7.2526,1
VH-06695,2023-08-24,20,Medium,3114.9,90.8,0.4261,0.3952,1,2.2,0.6954,0.6347,23.132,0
VH-06696,2023-09-23,21,Medium,2604.6,44.3,0.5604,0.7555,1,11.7,0.5342,0.6023,51.9761,0
VH-06697,2023-09-23,21,Medium,4901.9,147.2,0.7267,0.6869,1,0.6,0.6493,0.7196,13.0413,1
VH-06698,2023-01-26,13,Light,2043.2,31.1,0.9039,0.3091,0,8.5,0.7088,0.6187,40.5989,0
VH-06699,2022-04-01,3,Heavy,3027.7,83.1,0.8156,0.5607,2,1.3,0.5752,0.59,14.5923,1
VH-06700,2023-06-25,18,Medium,5992.5,127.7,0.6389,0.6148,2,2.6,0.8456,0.8359,46.5059,0
VH-06701,2023-02-25,14,Light,5196.3,126.2,0.7565,0.7062,0,2.3,0.3078,0.912,49.6368,0
VH-06702,2022-03-02,2,Medium,3920.4,86.5,0.6961,0.452,2,3.2,0.6978,0.7674,43.7903,1
VH-06703,2023-09-23,21,Heavy,4527.5,84.2,0.8363,0.4815,0,1.7,0.8118,0.7307,48.6477,1
VH-06704,2022-08-29,8,Light,3836.3,43.3,0.9667,0.7564,2,6.2,0.4288,0.4099,13.7721,1
VH-06705,2022-03-02,2,Medium,4407.0,135.5,0.5656,0.4297,0,1.4,0.8028,0.9255,46.4092,0
VH-06706,2022-04-01,3,Medium,3357.3,75.7,0.7834,0.3456,1,4.7,0.5562,0.5809,50.4006,1
VH-06707,2023-03-27,15,Light,3629.6,36.5,0.7873,0.2113,0,0.2,0.3948,0.7059,38.9862,0
VH-06708,2022-01-31,1,Medium,3584.0,84.2,0.4763,0.6406,0,3.3,0.7589,0.278,19.8175,1
VH-06709,2023-07-25,19,Medium,3411.2,86.1,0.7395,0.3212,0,8.8,0.4684,0.3185,35.7798,0
VH-06710,2023-11-22,23,Light,6065.9,124.1,0.8267,0.6369,1,4.7,0.5492,0.7591,18.4634,1
VH-06711,2022-03-02,2,Light,5655.2,115.0,0.6672,0.7167,1,9.2,0.8032,0.8221,58.2147,1
VH-06712,2022-10-28,10,Heavy,3101.5,68.6,0.525,0.4415,1,9.8,0.7228,0.7927,36.6908,0
VH-06713,2023-07-25,19,Medium,2708.4,78.2,0.8132,0.2041,0,3.7,0.489,0.8328,70.6198,1
VH-06714,2022-04-01,3,Medium,4264.1,96.3,0.4559,0.4331,1,11.6,0.3854,0.7984,49.4599,1
VH-06715,2022-12-27,12,Medium,7732.9,193.8,0.8935,0.7669,1,6.3,0.8072,0.8479,12.5997,1
VH-06716,2022-10-28,10,Heavy,2958.4,82.7,0.6099,0.4506,0,9.6,0.7602,0.8551,60.5995,0
VH-06717,2023-03-27,15,Heavy,4258.2,91.2,0.7351,0.4261,0,8.1,0.3856,0.7988,43.3952,0
VH-06718,2022-01-31,1,Heavy,4633.1,79.4,0.4831,0.6497,0,5.7,0.588,0.9038,24.6134,0
VH-06719,2022-10-28,10,Medium,4337.0,93.0,0.7203,0.0998,1,2.5,0.1373,0.8728,37.74,0
VH-06720,2022-07-30,7,Medium,3812.7,92.6,0.8624,0.253,1,13.0,0.5868,0.9179,27.8438,1
VH-06721,2023-06-25,18,Medium,6232.6,139.4,0.8791,0.4639,1,4.5,0.2506,0.616,17.78,1
VH-06722,2022-10-28,10,Medium,5181.7,124.7,0.9332,0.3973,0,3.6,0.5263,0.3753,24.558,1
VH-06723,2022-04-01,3,Medium,5768.7,141.1,0.358,0.4447,3,4.8,0.2952,0.8114,59.6034,0
VH-06724,2022-01-01,0,Light,5384.1,127.6,0.5852,0.1845,0,3.5,0.488,0.8673,48.4413,0
VH-06725,2022-09-28,9,Medium,5840.9,125.7,0.5675,0.3881,0,3.4,0.6283,0.8087,65.231,0
VH-06726,2022-12-27,12,Medium,6876.6,160.6,0.7665,0.6479,0,19.4,0.5858,0.3047,7.4908,1
VH-06727,2023-06-25,18,Light,6496.6,177.9,0.6928,0.1233,4,11.4,0.4,0.5251,29.6294,1
VH-06728,2022-12-27,12,Medium,7987.2,155.1,0.5947,0.37,2,2.1,0.1843,0.7257,32.5946,0
VH-06729,2022-08-29,8,Heavy,6326.0,147.9,0.6537,0.1576,0,5.6,0.2242,0.7807,15.4641,1
VH-06730,2022-12-27,12,Medium,3495.8,105.2,0.828,0.2381,3,4.8,0.719,0.7441,9.3257,1
VH-06731,2023-09-23,21,Heavy,5771.0,110.6,0.8183,0.4332,2,9.7,0.4552,0.6153,62.0012,0
VH-06732,2022-07-30,7,Medium,5565.7,138.7,0.7611,0.6661,2,3.1,0.4317,0.6726,33.4384,1
VH-06733,2022-10-28,10,Heavy,7380.4,181.0,0.7108,0.2864,1,6.4,0.4624,0.9303,38.3112,0
VH-06734,2023-02-25,14,Heavy,3049.3,45.6,0.7174,0.7532,1,3.5,0.7605,0.8569,43.5938,1
VH-06735,2022-11-27,11,Light,5336.9,129.3,0.61,0.2802,0,2.8,0.3237,0.4343,30.4956,0
VH-06736,2023-07-25,19,Heavy,3478.4,73.2,0.8236,0.5312,0,1.4,0.6465,0.7217,40.0016,0
VH-06737,2023-03-27,15,Light,5268.8,116.2,0.7055,0.3629,1,1.7,0.6483,0.7979,45.9956,0
VH-06738,2022-01-01,0,Medium,4177.9,88.0,0.5639,0.1198,0,3.8,0.1358,0.5768,44.3012,0
VH-06739,2022-01-01,0,Heavy,5219.2,135.7,0.6096,0.5189,2,5.6,0.3077,0.8446,27.3536,1
VH-06740,2022-09-28,9,Medium,2384.5,51.3,0.7727,0.732,1,5.8,0.5218,0.957,31.4808,0
VH-06741,2022-09-28,9,Medium,5689.8,119.5,0.8263,0.5273,1,2.7,0.6219,0.6939,16.4024,1
VH-06742,2022-07-30,7,Medium,4809.1,100.2,0.6088,0.4807,0,6.5,0.2955,0.9183,30.4196,0
VH-06743,2023-06-25,18,Light,4728.3,100.0,0.8944,0.7767,1,0.5,0.3803,0.882,3.838,1
VH-06744,2022-05-31,5,Light,7425.3,148.8,0.7196,0.614,0,7.2,0.5388,0.6419,14.0257,1
VH-06745,2023-03-27,15,Light,3926.3,80.2,0.9038,0.4673,1,3.2,0.6991,0.9328,44.4367,1
VH-06746,2023-06-25,18,Light,5013.4,113.2,0.76,0.4196,3,3.7,0.2754,0.3912,33.8846,0
VH-06747,2022-04-01,3,Medium,4650.4,109.4,0.5036,0.111,3,3.2,0.5164,0.7676,21.2085,0
VH-06748,2023-01-26,13,Medium,4797.1,124.7,0.6873,0.5033,1,2.0,0.3392,0.6259,59.9724,0
VH-06749,2023-05-26,17,Medium,7832.7,177.7,0.2155,0.2602,2,1.9,0.4575,0.7331,52.5652,0
VH-06750,2022-01-31,1,Medium,4595.7,95.0,0.7465,0.4249,0,6.0,0.698,0.9436,18.2445,0
VH-06751,2022-03-02,2,Light,3649.1,65.9,0.948,0.2505,3,1.7,0.8166,0.7225,14.4067,1
VH-06752,2023-04-26,16,Medium,7306.4,166.8,0.8667,0.2916,2,3.7,0.396,0.7119,2.0649,1
VH-06753,2022-12-27,12,Heavy,4038.5,88.0,0.4082,0.2489,1,3.3,0.7065,0.8644,18.6773,0
VH-06754,2022-06-30,6,Heavy,2092.2,45.2,0.8365,0.3399,0,5.8,0.3806,0.7374,22.4337,0
VH-06755,2023-07-25,19,Medium,3388.7,79.2,0.8706,0.2082,1,7.2,0.6123,0.6285,10.144,1
VH-06756,2022-06-30,6,Light,2630.1,66.2,0.7773,0.3269,0,17.9,0.3736,0.8955,46.8726,0
VH-06757,2022-01-31,1,Heavy,1800.1,44.0,0.8455,0.405,2,12.8,0.5346,0.8177,29.549,1
VH-06758,2022-04-01,3,Heavy,3955.5,85.3,0.8208,0.65,0,5.2,0.3261,0.8771,25.6632,0
VH-06759,2022-04-01,3,Medium,4394.7,85.6,0.7412,0.383,0,0.7,0.2793,0.8198,32.5621,0
VH-06760,2022-07-30,7,Light,6270.8,130.2,0.6785,0.2991,1,6.5,0.2826,0.8169,53.3251,0
VH-06761,2022-03-02,2,Light,5444.1,133.7,0.667,0.5435,1,2.1,0.4913,0.7155,23.0932,0
VH-06762,2022-08-29,8,Medium,5375.8,113.1,0.7378,0.5134,2,10.1,0.3963,0.7563,71.0808,0
VH-06763,2022-12-27,12,Heavy,3160.2,50.0,0.8319,0.604,0,3.3,0.8613,0.7857,70.0509,0
VH-06764,2023-09-23,21,Medium,5827.4,146.9,0.512,0.2627,1,0.7,0.5968,0.7104,65.8604,0
VH-06765,2022-01-01,0,Medium,6586.8,132.2,0.6361,0.322,0,20.4,0.4736,0.6013,16.3453,1
VH-06766,2022-05-01,4,Medium,5091.9,113.7,0.7335,0.6352,0,4.5,0.4349,0.778,27.9055,0
VH-06767,2023-11-22,23,Heavy,5133.8,121.5,0.5984,0.6784,1,14.1,0.7638,0.7477,37.2034,1
VH-06768,2023-08-24,20,Medium,2603.0,57.9,0.5965,0.4908,0,2.7,0.4809,0.5286,26.8867,1
VH-06769,2022-11-27,11,Heavy,6081.7,98.0,0.7719,0.6918,1,6.0,0.7751,0.7147,11.5116,1
VH-06770,2022-07-30,7,Medium,7171.2,165.2,0.5339,0.4385,1,6.8,0.8163,0.5247,19.3834,1
VH-06771,2022-11-27,11,Medium,4984.4,130.7,0.5795,0.2595,0,2.6,0.2908,0.6165,56.8711,0
VH-06772,2022-07-30,7,Medium,3608.5,92.0,0.8053,0.5679,0,3.8,0.5361,0.5976,38.6401,1
VH-06773,2023-07-25,19,Medium,4257.0,62.7,0.6453,0.146,1,3.2,0.6458,0.8532,22.477,0
VH-06774,2023-10-23,22,Heavy,3869.4,117.9,0.5333,0.3253,1,14.9,0.5744,0.601,42.7148,0
VH-06775,2022-08-29,8,Medium,3959.3,68.1,0.8315,0.3643,0,10.9,0.8031,0.8344,64.284,0
VH-06776,2023-07-25,19,Medium,5472.0,105.4,0.5861,0.5375,1,4.2,0.2495,0.5727,64.461,0
VH-06777,2022-07-30,7,Medium,4919.2,121.0,0.7162,0.2278,1,2.5,0.7861,0.7859,45.1313,0
VH-06778,2022-12-27,12,Medium,6005.9,140.3,0.5297,0.2923,1,2.5,0.8238,0.6614,39.5311,1
VH-06779,2022-09-28,9,Medium,5056.4,113.6,0.8072,0.674,2,6.9,0.7826,0.625,10.6436,1
VH-06780,2022-06-30,6,Heavy,3203.9,62.7,0.6297,0.3814,1,7.6,0.6439,0.4029,15.5175,1
VH-06781,2023-07-25,19,Medium,3749.0,103.3,0.9585,0.6646,0,2.5,0.5562,0.8771,36.8065,1
VH-06782,2022-08-29,8,Medium,3655.7,80.6,0.727,0.3563,0,5.1,0.7511,0.9729,21.5365,0
VH-06783,2022-04-01,3,Medium,4220.3,70.3,0.5151,0.5056,2,4.0,0.6103,0.5918,52.7635,1
VH-06784,2022-07-30,7,Light,7192.1,178.3,0.9147,0.3034,1,4.6,0.5873,0.7293,21.2006,0
VH-06785,2022-11-27,11,Medium,7432.3,168.5,0.6349,0.3436,0,4.0,0.2513,0.9779,67.4602,0
VH-06786,2023-01-26,13,Medium,5754.9,144.6,0.6662,0.1488,0,1.3,0.7443,0.7422,57.1516,1
VH-06787,2022-01-01,0,Medium,4678.1,112.5,0.8821,0.4403,0,1.6,0.4742,0.4003,44.5988,1
VH-06788,2023-04-26,16,Heavy,2457.5,90.5,0.8355,0.5019,1,0.3,0.6796,0.7794,38.7041,1
VH-06789,2023-07-25,19,Heavy,4830.0,102.7,0.9323,0.0592,0,4.0,0.7853,0.8706,33.5874,1
VH-06790,2023-08-24,20,Heavy,3315.0,73.9,0.5834,0.673,1,4.1,0.5413,0.8397,28.66,0
VH-06791,2022-10-28,10,Medium,6945.8,165.1,0.6355,0.1906,0,2.5,0.4091,0.4637,21.7548,0
VH-06792,2022-08-29,8,Medium,2090.8,41.9,0.8317,0.2866,1,5.1,0.293,0.7297,38.9493,0
VH-06793,2022-08-29,8,Heavy,5076.7,124.9,0.6617,0.2932,0,2.7,0.5729,0.9118,47.1536,0
VH-06794,2022-06-30,6,Medium,3188.6,26.6,0.8749,0.2889,2,3.2,0.1404,0.9717,53.17,0
VH-06795,2022-01-31,1,Medium,4485.7,98.6,0.4618,0.591,0,1.8,0.5185,0.5636,55.0569,0
VH-06796,2022-12-27,12,Medium,5499.1,120.7,0.8525,0.0408,1,2.2,0.477,0.5116,37.2745,0
VH-06797,2023-11-22,23,Heavy,6033.0,132.0,0.3954,0.3702,1,7.2,0.6442,0.8136,28.6048,0
VH-06798,2022-04-01,3,Light,4409.0,84.8,0.7909,0.6465,0,8.5,0.7629,0.7699,23.0279,0
VH-06799,2022-12-27,12,Medium,5641.8,139.0,0.622,0.5122,1,5.0,0.5391,0.6398,69.7593,0
VH-06800,2022-10-28,10,Light,3506.3,70.4,0.6696,0.3313,1,6.2,0.1527,0.9151,47.3656,0
VH-06801,2023-08-24,20,Medium,4868.3,111.2,0.5746,0.8357,2,6.4,0.5273,0.7465,37.1516,1
VH-06802,2023-06-25,18,Medium,6003.3,132.8,0.954,0.6588,1,3.0,0.1367,0.8755,18.0134,0
VH-06803,2022-03-02,2,Medium,4998.1,118.6,0.7475,0.1463,2,6.6,0.4735,0.6196,28.0702,0
VH-06804,2022-10-28,10,Medium,3706.0,103.8,0.7159,0.5013,1,8.7,0.8085,0.8812,43.3116,1
VH-06805,2023-07-25,19,Heavy,4081.4,93.6,0.7473,0.3523,2,3.1,0.3727,0.3346,23.0194,1
VH-06806,2022-06-30,6,Heavy,6023.5,146.5,0.558,0.0418,0,6.9,0.2136,0.6103,48.9303,0
VH-06807,2023-05-26,17,Medium,2862.2,65.8,0.6513,0.2954,1,2.2,0.7779,0.8876,41.6612,0
VH-06808,2022-04-01,3,Heavy,3083.5,60.9,0.7302,0.1886,1,3.8,0.5962,0.5505,58.9696,0
VH-06809,2023-02-25,14,Medium,5402.4,117.9,0.7765,0.3634,2,2.7,0.8953,0.9045,41.6913,1
VH-06810,2022-06-30,6,Heavy,3841.3,81.1,0.9527,0.4607,0,4.4,0.389,0.7406,49.1421,0
VH-06811,2023-04-26,16,Light,2320.4,60.1,0.7652,0.4128,1,6.7,0.5101,0.6914,47.0185,1
VH-06812,2022-01-01,0,Medium,6526.2,146.6,0.9437,0.58,0,4.3,0.3029,0.739,20.0317,0
VH-06813,2022-12-27,12,Medium,2850.6,51.4,0.8193,0.4108,1,7.5,0.8392,0.8471,57.7459,0
VH-06814,2022-11-27,11,Light,4200.9,90.0,0.8977,0.6148,0,3.0,0.9333,0.9417,29.1617,1
VH-06815,2022-05-01,4,Medium,3570.7,56.5,0.5666,0.4593,0,7.3,0.776,0.6987,51.7588,0
VH-06816,2023-05-26,17,Light,4053.5,87.3,0.6671,0.2545,0,3.6,0.7695,0.7872,57.655,0
VH-06817,2023-08-24,20,Medium,3173.1,70.5,0.4795,0.2333,1,4.5,0.6795,0.7363,20.7027,0
VH-06818,2022-03-02,2,Light,5571.4,150.9,0.793,0.6273,1,1.2,0.5346,0.9374,28.9892,0
VH-06819,2023-02-25,14,Light,4666.2,123.9,0.6974,0.0594,0,3.9,0.7878,0.6088,36.6422,0
VH-06820,2022-05-31,5,Heavy,5975.5,117.3,0.5328,0.5213,1,1.5,0.7476,0.6035,25.1046,1
VH-06821,2022-01-01,0,Medium,3586.2,82.7,0.7352,0.6058,0,4.9,0.4384,0.9036,62.8532,0
VH-06822,2023-11-22,23,Heavy,7699.5,174.4,0.678,0.4576,1,4.0,0.3561,0.8239,67.9988,0
VH-06823,2023-11-22,23,Medium,1643.0,33.1,0.9639,0.3779,1,12.4,0.462,0.539,24.8508,0
VH-06824,2022-10-28,10,Light,2122.3,44.7,0.5363,0.1198,0,9.4,0.5277,0.6747,19.4528,0
VH-06825,2022-05-01,4,Medium,7129.6,153.1,0.6533,0.392,2,24.5,0.658,0.4837,19.7535,1
VH-06826,2022-06-30,6,Medium,5211.1,143.9,0.7718,0.0813,0,21.7,0.3942,0.5865,24.1082,0
VH-06827,2022-08-29,8,Light,5012.1,105.1,0.9067,0.3295,3,6.5,0.4407,0.4572,20.7451,1
VH-06828,2022-04-01,3,Heavy,5146.9,119.5,0.431,0.5199,1,1.4,0.7413,0.7758,26.6085,0
VH-06829,2023-08-24,20,Medium,5356.8,81.1,0.6491,0.3831,1,6.0,0.7032,0.8772,40.3658,0
VH-06830,2023-10-23,22,Heavy,4949.7,122.3,0.6264,0.4399,2,4.3,0.5921,0.6723,51.4627,0
VH-06831,2023-08-24,20,Medium,3051.1,85.6,0.9073,0.6202,0,13.9,0.5145,0.6091,42.7744,1
VH-06832,2022-06-30,6,Medium,5727.3,111.5,0.7882,0.6797,0,4.1,0.5827,0.9335,39.2193,0
VH-06833,2023-08-24,20,Medium,5491.0,114.3,0.5836,0.5127,2,6.7,0.1958,0.336,30.1882,0
VH-06834,2023-03-27,15,Heavy,6642.6,154.4,0.8361,0.6106,2,4.7,0.3485,0.6502,29.5362,1
VH-06835,2022-12-27,12,Medium,7146.4,159.1,0.683,0.0959,0,1.6,0.8053,0.701,47.9011,0
VH-06836,2023-04-26,16,Light,4995.7,118.0,0.99,0.3679,2,3.1,0.7897,0.498,7.1878,1
VH-06837,2023-05-26,17,Light,2658.7,54.8,0.5983,0.1769,1,5.2,0.8186,0.5214,53.4226,1
VH-06838,2023-11-22,23,Medium,7158.8,187.0,0.8737,0.2443,2,3.7,0.4056,0.9574,62.6887,1
VH-06839,2022-06-30,6,Heavy,2972.8,56.0,0.5532,0.4141,1,1.7,0.5773,0.8719,6.5768,1
VH-06840,2022-12-27,12,Heavy,5006.9,151.6,0.8496,0.2794,0,8.7,0.7207,0.7011,14.0611,1
VH-06841,2022-06-30,6,Heavy,4114.9,110.1,0.8077,0.4962,0,3.5,0.6903,0.5619,23.7288,0
VH-06842,2022-11-27,11,Heavy,3854.1,98.1,0.8714,0.1926,0,13.3,0.7791,0.8188,20.2295,1
VH-06843,2022-08-29,8,Heavy,5646.5,109.9,0.9031,0.2768,0,6.0,0.3186,0.2657,1.9356,1
VH-06844,2022-01-31,1,Medium,4866.7,121.8,0.7456,0.4787,0,3.3,0.4477,0.6068,19.6095,1
VH-06845,2023-11-22,23,Medium,5269.9,126.2,0.8587,0.7015,3,3.2,0.8357,0.7587,23.8271,1
VH-06846,2023-07-25,19,Light,3276.5,41.0,0.9043,0.08,1,2.9,0.5652,0.8483,48.5855,0
VH-06847,2023-03-27,15,Light,4238.9,73.1,0.5748,0.4528,1,16.6,0.5237,0.8315,53.3014,0
VH-06848,2022-01-01,0,Medium,3345.7,79.7,0.697,0.5823,0,2.0,0.811,0.8409,44.9459,1
VH-06849,2023-02-25,14,Light,4201.4,91.4,0.6078,0.3165,2,0.3,0.1071,0.7904,18.4409,0
VH-06850,2023-05-26,17,Heavy,4321.9,88.3,0.7982,0.3275,1,1.5,0.384,0.7576,26.1543,0
VH-06851,2022-05-01,4,Heavy,7266.5,177.7,0.6956,0.0737,2,4.2,0.4098,0.9216,40.2509,1
VH-06852,2022-05-01,4,Medium,4110.9,78.1,0.8581,0.6034,2,8.8,0.4185,0.4341,30.0335,0
VH-06853,2022-06-30,6,Heavy,1311.6,22.3,0.653,0.4057,1,8.6,0.8406,0.825,19.3664,0
VH-06854,2022-09-28,9,Medium,6592.6,136.8,0.5316,0.5576,1,9.5,0.4085,0.8305,25.7669,0
VH-06855,2023-02-25,14,Light,5173.9,122.6,0.746,0.7177,0,2.7,0.5402,0.4747,4.3633,1
VH-06856,2023-03-27,15,Medium,4303.5,69.8,0.8969,0.4778,0,1.7,0.1657,0.8108,22.0572,1
VH-06857,2023-01-26,13,Light,3844.2,78.0,0.4192,0.2417,0,3.8,0.3943,0.7633,19.3666,0
VH-06858,2023-04-26,16,Medium,3079.6,42.6,0.5636,0.7892,3,5.4,0.7096,0.755,37.4563,1
VH-06859,2023-04-26,16,Light,7407.1,159.9,0.9765,0.4818,0,1.8,0.2017,0.7003,26.4642,1
VH-06860,2022-11-27,11,Light,4577.8,112.6,0.5799,0.3924,3,6.2,0.2004,0.6916,5.1859,1
VH-06861,2022-03-02,2,Light,1893.4,53.2,0.7606,0.5569,1,8.6,0.5158,0.7296,61.7173,0
VH-06862,2022-08-29,8,Heavy,4991.6,100.0,0.7228,0.2944,4,6.2,0.7481,0.5171,23.7738,1
VH-06863,2023-07-25,19,Light,6309.3,148.2,0.6178,0.3673,0,5.5,0.4518,0.7349,25.4516,1
VH-06864,2023-04-26,16,Medium,4734.7,102.4,0.7767,0.4107,1,5.5,0.7069,0.9325,60.5787,0
VH-06865,2022-01-01,0,Medium,3147.6,90.4,0.8887,0.262,2,2.5,0.5964,0.8641,19.3153,0
VH-06866,2023-04-26,16,Medium,3013.4,65.0,0.5894,0.5693,1,1.7,0.8505,0.7556,28.8736,1
VH-06867,2023-10-23,22,Medium,3124.0,24.8,0.7247,0.5351,1,11.3,0.6397,0.8563,62.448,0
VH-06868,2023-10-23,22,Light,6782.5,164.1,0.6355,0.377,1,14.2,0.5757,0.9025,29.9039,0
VH-06869,2022-04-01,3,Medium,4392.5,90.7,0.7674,0.3242,1,8.9,0.5488,0.7567,61.0145,0
VH-06870,2022-09-28,9,Medium,1981.9,39.9,0.6725,0.1732,2,1.4,0.1939,0.5525,47.5844,0
VH-06871,2022-01-31,1,Medium,5076.2,117.8,0.7313,0.7286,0,8.2,0.5393,0.7633,27.1964,1
VH-06872,2022-06-30,6,Medium,4711.6,83.3,0.7228,0.3928,0,14.4,0.2484,0.5009,25.4733,0
VH-06873,2023-03-27,15,Medium,3826.7,86.2,0.8572,0.7212,0,10.5,0.495,0.9575,26.5703,1
VH-06874,2023-05-26,17,Medium,2969.4,74.0,0.6865,0.33,0,3.0,0.3087,0.666,58.9523,0
VH-06875,2022-04-01,3,Light,2904.2,70.0,0.7072,0.7565,0,10.6,0.5608,0.8022,43.0936,0
VH-06876,2023-05-26,17,Medium,6130.0,127.2,0.6156,0.1598,1,3.4,0.4347,0.7918,41.0772,1
VH-06877,2022-01-31,1,Light,4871.3,123.1,0.9029,0.5295,0,6.4,0.7338,0.6055,10.3524,1
VH-06878,2022-01-31,1,Medium,5218.0,101.0,0.7719,0.3471,3,13.1,0.4389,0.7019,40.7194,0
VH-06879,2022-01-31,1,Medium,4867.1,98.8,0.5801,0.3175,0,12.8,0.3236,0.7837,22.3298,0
VH-06880,2023-10-23,22,Light,4991.5,108.9,0.7923,0.4524,0,1.5,0.5366,0.7271,29.2423,1
VH-06881,2023-03-27,15,Light,3797.4,88.8,0.5819,0.6162,0,7.8,0.4892,0.6679,34.1848,1
VH-06882,2023-03-27,15,Medium,4191.3,88.3,0.9532,0.557,1,5.9,0.7044,0.9201,11.455,1
VH-06883,2022-01-31,1,Medium,6247.4,157.3,0.6715,0.2623,0,4.8,0.624,0.6053,10.345,1
VH-06884,2023-03-27,15,Heavy,6621.9,151.6,0.7575,0.2463,1,1.9,0.5923,0.6796,26.9828,1
VH-06885,2023-04-26,16,Heavy,2666.9,60.4,0.7208,0.2265,1,7.3,0.5647,0.5292,43.1642,1
VH-06886,2022-01-01,0,Heavy,4187.6,97.0,0.7596,0.2938,0,2.8,0.5986,0.8602,22.4843,0
VH-06887,2023-08-24,20,Medium,5758.9,139.0,0.7082,0.1817,2,16.3,0.7101,0.8163,36.3944,1
VH-06888,2022-01-31,1,Medium,7323.1,166.3,0.908,0.3704,0,1.1,0.9371,0.8494,15.6305,1
VH-06889,2022-12-27,12,Medium,7172.9,132.3,0.8255,0.5996,0,3.1,0.1671,0.4894,15.8213,1
VH-06890,2022-06-30,6,Medium,3306.4,89.8,0.4927,0.6255,0,5.4,0.7532,0.5445,36.057,1
VH-06891,2022-05-01,4,Medium,6412.6,144.3,0.7149,0.4361,0,6.4,0.5968,0.85,27.3492,1
VH-06892,2023-02-25,14,Medium,4588.0,112.2,0.9296,0.2345,0,0.6,0.3752,0.8714,20.5741,0
VH-06893,2022-12-27,12,Light,6066.6,128.7,0.888,0.7776,2,19.0,0.584,0.7673,12.9435,1
VH-06894,2022-10-28,10,Light,5682.4,98.9,0.7632,0.3696,1,4.9,0.4671,0.865,62.808,0
VH-06895,2023-10-23,22,Light,2604.1,23.7,0.5423,0.2856,0,3.1,0.2237,0.3792,40.2152,0
VH-06896,2022-06-30,6,Light,5325.0,104.2,0.6804,0.4636,1,3.1,0.5227,0.6768,43.9394,0
VH-06897,2022-08-29,8,Heavy,6008.5,141.3,0.8596,0.295,0,4.8,0.304,0.6194,22.6861,0
VH-06898,2023-04-26,16,Light,4469.8,118.8,0.7549,0.2077,0,12.0,0.3473,0.7985,60.0987,0
VH-06899,2022-09-28,9,Medium,4130.5,96.3,0.8572,0.1342,0,1.5,0.761,0.7687,16.9468,1
VH-06900,2022-04-01,3,Heavy,2142.5,31.8,0.7568,0.5367,2,6.7,0.8833,0.8047,39.7681,1
VH-06901,2023-10-23,22,Medium,5525.4,111.0,0.6422,0.5633,0,3.0,0.7634,0.623,13.7451,1
VH-06902,2022-01-01,0,Medium,4813.1,127.4,0.9003,0.6267,0,2.4,0.7138,0.9256,35.6788,0
VH-06903,2023-09-23,21,Medium,3116.7,49.6,0.8416,0.1557,1,3.9,0.5371,0.8254,30.8073,0
VH-06904,2022-05-01,4,Medium,4011.2,120.7,0.8041,0.8193,0,2.8,0.712,0.9039,7.9272,1
VH-06905,2023-11-22,23,Medium,4731.8,133.3,0.8134,0.5444,3,21.6,0.7912,0.7415,2.6704,1
VH-06906,2022-12-27,12,Heavy,3662.0,113.4,0.7675,0.2663,0,9.7,0.7571,0.5393,31.9048,0
VH-06907,2022-09-28,9,Heavy,4504.0,105.8,0.6404,0.3037,1,4.1,0.2993,0.473,62.6704,0
VH-06908,2023-09-23,21,Heavy,1875.1,36.5,0.7033,0.5842,0,10.3,0.7213,0.4464,20.8899,1
VH-06909,2022-11-27,11,Heavy,6524.1,150.3,0.8204,0.2346,0,6.2,0.4748,0.926,58.2167,0
VH-06910,2023-07-25,19,Medium,4523.9,114.2,0.3286,0.1305,3,6.7,0.8064,0.6167,50.6315,1
VH-06911,2023-07-25,19,Heavy,2851.0,53.6,0.8296,0.309,2,9.8,0.2177,0.4146,19.2742,0
VH-06912,2022-12-27,12,Medium,810.4,20.0,0.4838,0.4405,1,2.2,0.4946,0.5088,50.6649,0
VH-06913,2022-07-30,7,Medium,6043.7,130.0,0.9081,0.1142,0,10.1,0.6956,0.8968,51.834,1
VH-06914,2023-07-25,19,Heavy,5337.1,107.0,0.5709,0.3184,2,9.3,0.7382,0.685,27.049,1
VH-06915,2022-01-31,1,Heavy,4816.0,125.6,0.7463,0.4919,0,14.3,0.2777,0.6826,26.3129,1
VH-06916,2022-10-28,10,Heavy,5795.5,119.5,0.794,0.0361,2,24.8,0.3584,0.7538,43.4625,1
VH-06917,2022-04-01,3,Medium,5791.3,130.1,0.8687,0.2738,1,6.7,0.3125,0.6957,23.6551,0
VH-06918,2023-11-22,23,Medium,4791.7,121.2,0.9416,0.6282,3,2.3,0.6185,0.7141,21.0757,1
VH-06919,2022-08-29,8,Medium,4118.7,110.7,0.8567,0.22,1,5.6,0.2031,0.8217,50.0795,0
VH-06920,2023-09-23,21,Medium,3874.3,89.2,0.7125,0.4689,0,2.3,0.4877,0.9246,28.4386,0
VH-06921,2022-07-30,7,Heavy,5131.4,119.8,0.7084,0.492,1,1.2,0.2734,0.7154,36.9279,0
VH-06922,2023-10-23,22,Heavy,6595.5,131.3,0.2909,0.6236,1,9.0,0.3982,0.8487,26.5905,0
VH-06923,2022-07-30,7,Medium,4345.6,111.9,0.6748,0.2396,3,7.4,0.8267,0.6839,46.625,1
VH-06924,2023-05-26,17,Medium,6714.7,168.2,0.5734,0.5406,1,8.4,0.9158,0.7802,16.0581,1
VH-06925,2022-04-01,3,Medium,5059.7,84.4,0.6862,0.2576,1,7.6,0.2354,0.9248,28.8421,0
VH-06926,2023-03-27,15,Light,5071.0,139.1,0.6643,0.0937,0,10.2,0.8971,0.8491,36.4188,0
VH-06927,2022-04-01,3,Medium,8107.7,169.7,0.8459,0.1228,2,3.4,0.2178,0.658,17.3421,1
VH-06928,2022-08-29,8,Heavy,6979.0,164.0,0.7053,0.1369,0,12.8,0.4406,0.7505,58.0465,0
VH-06929,2023-08-24,20,Medium,7017.9,157.1,0.7363,0.4136,0,2.0,0.6518,0.7485,40.144,0
VH-06930,2022-05-01,4,Heavy,3303.6,72.5,0.6019,0.5815,0,5.7,0.8563,0.8469,47.0919,1
VH-06931,2023-06-25,18,Light,7788.3,170.0,0.9517,0.4135,0,5.8,0.8531,0.6763,12.3635,1
VH-06932,2023-11-22,23,Heavy,4376.7,82.4,0.7571,0.7467,0,15.3,0.6615,0.6791,29.0233,0
VH-06933,2022-12-27,12,Medium,4158.8,100.3,0.6136,0.36,0,1.6,0.3943,0.688,56.2358,0
VH-06934,2022-04-01,3,Medium,1261.1,23.7,0.7638,0.5583,0,4.4,0.5087,0.8481,53.8842,0
VH-06935,2022-08-29,8,Medium,4989.4,91.2,0.942,0.6057,2,5.3,0.7049,0.6526,13.3865,1
VH-06936,2022-04-01,3,Heavy,2875.0,48.4,0.257,0.5387,1,6.0,0.4412,0.7609,38.9609,0
VH-06937,2023-01-26,13,Heavy,5112.4,94.2,0.6414,0.605,0,3.9,0.3591,0.8701,42.0924,0
VH-06938,2023-09-23,21,Medium,2757.7,53.4,0.4848,0.6827,3,3.6,0.3659,0.7559,68.4364,0
VH-06939,2022-07-30,7,Light,7196.5,167.2,0.5781,0.0959,0,7.6,0.805,0.8166,48.445,0
VH-06940,2022-04-01,3,Medium,5327.4,107.7,0.5834,0.2651,1,3.8,0.2734,0.4681,68.251,1
VH-06941,2023-07-25,19,Heavy,7919.8,190.6,0.308,0.2866,0,9.0,0.5082,0.7191,21.5928,0
VH-06942,2022-03-02,2,Medium,2965.5,64.1,0.8294,0.5117,1,2.3,0.6249,0.7035,41.7217,1
VH-06943,2022-12-27,12,Medium,6823.8,147.3,0.6472,0.4268,2,0.3,0.5574,0.6463,52.824,1
VH-06944,2023-02-25,14,Medium,1795.9,40.2,0.601,0.4648,1,6.7,0.6545,0.7015,59.0808,0
VH-06945,2022-12-27,12,Medium,4812.1,127.9,0.6498,0.2353,0,3.1,0.7843,0.6523,19.2,0
VH-06946,2023-04-26,16,Heavy,3552.6,58.4,0.6838,0.5365,0,7.1,0.635,0.4301,24.8965,1
VH-06947,2023-05-26,17,Heavy,3828.1,109.9,0.8576,0.3341,3,4.1,0.6112,0.6357,15.6614,1
VH-06948,2023-03-27,15,Heavy,3725.3,97.2,0.5505,0.1412,1,2.0,0.6756,0.8409,29.4943,0
VH-06949,2023-05-26,17,Heavy,3127.9,69.2,0.606,0.5126,2,6.1,0.7164,0.7364,35.3065,0
VH-06950,2022-12-27,12,Heavy,2610.5,75.8,0.5255,0.4098,0,4.6,0.7928,0.6981,47.2043,0
VH-06951,2023-09-23,21,Medium,3836.4,80.4,0.3819,0.7015,0,1.8,0.7653,0.8467,57.8278,0
VH-06952,2022-04-01,3,Heavy,4674.0,108.2,0.7855,0.1123,0,8.4,0.5361,0.8895,64.9592,1
VH-06953,2023-01-26,13,Light,6245.5,130.7,0.7521,0.4573,0,6.2,0.293,0.6608,28.8901,0
VH-06954,2022-09-28,9,Medium,4943.0,124.3,0.7918,0.2834,1,9.1,0.3384,0.8518,12.5278,1
VH-06955,2022-05-31,5,Heavy,6249.8,128.3,0.8658,0.208,0,1.6,0.7183,0.7703,22.5627,1
VH-06956,2023-05-26,17,Medium,2282.7,50.0,0.6017,0.2737,0,0.8,0.8594,0.8542,26.9277,0
VH-06957,2023-11-22,23,Medium,3850.5,95.8,0.8974,0.5547,1,4.6,0.4456,0.5072,16.7965,1
VH-06958,2022-07-30,7,Medium,5566.5,139.4,0.5584,0.7646,1,20.8,0.3258,0.8196,36.3753,0
VH-06959,2023-05-26,17,Medium,5014.8,99.1,0.8327,0.3641,0,6.4,0.3374,0.8539,28.3878,0
VH-06960,2022-04-01,3,Heavy,3208.2,82.6,0.5904,0.2377,4,3.1,0.5302,0.8896,26.7983,0
VH-06961,2022-01-31,1,Medium,5901.1,116.4,0.8102,0.655,0,2.7,0.2416,0.7155,21.8456,1
VH-06962,2022-07-30,7,Light,3703.1,50.0,0.8112,0.579,0,13.7,0.5339,0.7128,42.6929,1
VH-06963,2023-03-27,15,Medium,3334.0,62.9,0.746,0.2863,0,7.8,0.4883,0.886,33.4363,0
VH-06964,2022-03-02,2,Medium,5230.4,128.8,0.5004,0.2753,2,7.0,0.4297,0.479,48.4227,0
VH-06965,2022-08-29,8,Light,4509.3,100.0,0.4878,0.4249,0,6.8,0.5712,0.5956,18.1767,1
VH-06966,2022-06-30,6,Medium,3715.6,74.5,0.6845,0.4098,0,0.9,0.7698,0.6664,49.2156,1
VH-06967,2023-03-27,15,Medium,3664.7,82.3,0.3938,0.4745,3,4.6,0.7691,0.6448,69.221,0
VH-06968,2022-10-28,10,Light,2895.3,64.7,0.6912,0.2159,0,5.8,0.2206,0.4398,42.4367,0
VH-06969,2023-07-25,19,Medium,3906.4,96.1,0.8408,0.5772,3,13.7,0.77,0.3257,24.0125,1
VH-06970,2023-02-25,14,Medium,6150.0,112.5,0.7117,0.3983,2,0.9,0.5429,0.4456,34.0209,1
VH-06971,2022-11-27,11,Heavy,4866.8,106.6,0.7303,0.8522,0,25.8,0.7518,0.8208,7.4217,1
VH-06972,2023-05-26,17,Medium,5937.9,133.8,0.7169,0.133,2,6.9,0.6086,0.6242,45.5144,1
VH-06973,2023-10-23,22,Light,5274.1,96.7,0.6677,0.568,0,0.9,0.576,0.9497,34.9149,1
VH-06974,2023-04-26,16,Heavy,3581.6,58.9,0.6798,0.5176,2,10.3,0.8119,0.7265,32.5651,1
VH-06975,2022-03-02,2,Medium,2026.3,39.6,0.7416,0.5154,1,12.1,0.4241,0.8754,56.7662,0
VH-06976,2022-04-01,3,Light,3109.7,69.2,0.69,0.1472,1,1.9,0.2497,0.9943,48.9167,0
VH-06977,2023-08-24,20,Heavy,3493.1,77.8,0.8908,0.4637,0,2.9,0.3675,0.2318,25.3951,1
VH-06978,2022-11-27,11,Light,3377.1,66.7,0.6984,0.4431,0,12.5,0.8625,0.5629,32.3014,1
VH-06979,2023-02-25,14,Heavy,5971.5,123.7,0.952,0.493,2,16.9,0.5359,0.7015,15.831,1
VH-06980,2022-04-01,3,Heavy,5955.9,126.4,0.6579,0.2181,1,5.5,0.3514,0.8134,62.0953,0
VH-06981,2022-05-01,4,Heavy,7817.8,178.2,0.9086,0.3432,0,9.9,0.4844,0.8907,23.1557,1
VH-06982,2022-07-30,7,Heavy,3354.4,93.2,0.664,0.6593,1,4.1,0.5265,0.5911,18.5275,1
VH-06983,2023-02-25,14,Medium,6896.2,119.9,0.7949,0.8168,1,4.1,0.4193,0.6826,21.1057,0
VH-06984,2023-05-26,17,Heavy,6886.9,162.4,0.7329,0.4026,2,2.8,0.4099,0.4087,12.2,1
VH-06985,2022-12-27,12,Medium,4151.6,90.6,0.6028,0.1644,4,2.8,0.3836,0.7913,50.0024,0
VH-06986,2022-09-28,9,Medium,5210.3,123.7,0.6948,0.2173,1,10.1,0.4236,0.7894,26.8714,0
VH-06987,2022-07-30,7,Medium,6361.1,159.1,0.6726,0.0691,1,7.9,0.846,0.6858,24.112,0
VH-06988,2023-11-22,23,Light,4411.6,86.7,0.5907,0.2287,0,2.9,0.5513,0.7395,24.1343,0
VH-06989,2022-06-30,6,Light,4295.4,109.6,0.333,0.5521,0,8.4,0.5524,0.6539,27.4669,0
VH-06990,2023-09-23,21,Light,3559.0,60.3,0.6026,0.4452,1,5.1,0.4105,0.2988,30.3698,1
VH-06991,2022-01-01,0,Light,959.9,23.2,0.8766,0.7291,0,4.6,0.5536,0.3962,33.5216,1
VH-06992,2022-08-29,8,Medium,4605.7,98.7,0.6354,0.1158,0,7.5,0.1999,0.8093,67.9664,0
VH-06993,2022-07-30,7,Heavy,3435.2,77.0,0.9249,0.5758,1,2.5,0.7528,0.8317,7.4846,1
VH-06994,2023-03-27,15,Medium,2887.0,49.3,0.6522,0.1782,0,12.3,0.5434,0.7433,19.1852,0
VH-06995,2023-04-26,16,Heavy,5133.3,120.6,0.7251,0.6968,0,2.8,0.7312,0.8031,34.0932,0
VH-06996,2022-09-28,9,Heavy,2323.0,75.4,0.5354,0.6915,1,6.9,0.7193,0.8775,37.4098,0
VH-06997,2022-01-01,0,Heavy,5709.1,112.3,0.6495,0.3839,0,1.6,0.4875,0.7585,23.1881,0
VH-06998,2023-03-27,15,Medium,5225.4,119.0,0.8704,0.5247,0,6.5,0.8356,0.8085,0.263,1
VH-06999,2022-06-30,6,Heavy,3899.7,99.5,0.6117,0.6197,1,10.2,0.2618,0.7816,23.5558,1
VH-07000,2022-04-01,3,Heavy,4405.0,93.4,0.9678,0.782,0,8.0,0.6585,0.8107,8.6694,1
VH-07001,2023-02-25,14,Heavy,2714.7,80.7,0.6201,0.1869,0,5.3,0.6347,0.7854,43.7861,0
VH-07002,2022-01-01,0,Heavy,5625.5,118.6,0.9439,0.318,2,3.4,0.3142,0.6722,35.3722,1
VH-07003,2023-09-23,21,Medium,4781.0,104.5,0.5618,0.5202,2,1.2,0.6271,0.7458,45.2535,0
VH-07004,2023-04-26,16,Medium,4892.8,93.8,0.7453,0.1693,0,1.6,0.1262,0.97,27.4295,0
VH-07005,2022-04-01,3,Heavy,5252.8,118.6,0.6441,0.5475,0,3.8,0.6063,0.8768,4.6113,1
VH-07006,2022-06-30,6,Medium,3536.4,78.6,0.9058,0.1381,0,3.5,0.6043,0.8367,42.9004,0
VH-07007,2022-09-28,9,Heavy,2221.4,58.9,0.623,0.2104,0,9.7,0.6313,0.8232,34.4334,0
VH-07008,2022-05-01,4,Light,5936.0,122.4,0.8545,0.6166,0,18.5,0.6159,0.6561,27.9896,0
VH-07009,2023-07-25,19,Light,5533.1,112.7,0.6,0.6553,2,0.9,0.9585,0.8968,60.2253,1
VH-07010,2022-11-27,11,Medium,3697.0,89.1,0.7083,0.8193,0,9.7,0.3483,0.8304,20.3672,1
VH-07011,2022-01-31,1,Light,5113.7,134.6,0.7994,0.3332,0,5.6,0.5736,0.8956,35.3848,0
VH-07012,2023-05-26,17,Heavy,6387.0,151.4,0.7085,0.6654,0,2.8,0.1354,0.784,69.5166,0
VH-07013,2022-07-30,7,Light,6208.1,165.7,0.7723,0.6464,0,7.4,0.6531,0.6548,14.936,1
VH-07014,2022-04-01,3,Heavy,3653.2,89.5,0.2462,0.7357,2,14.6,0.6105,0.9114,58.0557,1
VH-07015,2022-11-27,11,Light,2266.9,58.2,0.4942,0.5582,1,3.4,0.3001,0.6464,29.2677,1
VH-07016,2022-06-30,6,Heavy,2524.2,66.3,0.7175,0.26,1,11.4,0.3464,0.7511,18.2541,1
VH-07017,2022-12-27,12,Medium,4032.4,111.9,0.8136,0.373,0,12.0,0.8225,0.8337,23.8383,0
VH-07018,2022-04-01,3,Light,6693.5,167.3,0.4489,0.3379,0,11.1,0.449,0.6897,59.4847,0
VH-07019,2022-05-01,4,Light,3407.3,59.4,0.3565,0.4555,2,10.5,0.47,0.711,8.2715,1
VH-07020,2022-01-31,1,Medium,3605.5,92.1,0.7939,0.3207,1,8.9,0.8068,0.7993,31.6284,0
VH-07021,2023-02-25,14,Heavy,3574.6,83.4,0.6514,0.1652,1,1.9,0.6498,0.6658,31.7598,0
VH-07022,2022-09-28,9,Heavy,3702.4,79.4,0.5289,0.4001,1,7.7,0.4231,0.8401,37.4154,0
VH-07023,2023-08-24,20,Medium,4483.2,73.0,0.3795,0.4112,1,0.8,0.4768,0.8263,39.7883,0
VH-07024,2022-11-27,11,Medium,2579.9,34.2,0.705,0.2476,0,1.5,0.2189,0.7783,54.4591,0
VH-07025,2023-02-25,14,Light,6126.5,130.7,0.7396,0.6504,1,6.6,0.4737,0.5711,32.4924,1
VH-07026,2022-06-30,6,Medium,4282.8,73.2,0.6208,0.3124,0,4.3,0.8675,0.5534,35.8303,1
VH-07027,2022-08-29,8,Medium,8218.7,177.5,0.8816,0.3338,0,0.9,0.4576,0.8238,65.0176,0
VH-07028,2023-06-25,18,Medium,2739.6,71.6,0.8537,0.413,1,5.1,0.2061,0.9537,45.9252,0
VH-07029,2022-06-30,6,Medium,6884.8,144.3,0.6733,0.2745,2,6.6,0.5541,0.8455,53.9623,0
VH-07030,2022-06-30,6,Heavy,6587.0,147.6,0.4744,0.2297,1,5.6,0.5132,0.7636,26.4908,1
VH-07031,2022-12-27,12,Light,3882.5,70.2,0.8286,0.4699,1,9.2,0.3593,0.7952,48.8022,0
VH-07032,2022-10-28,10,Light,3907.4,91.3,0.2888,0.3289,2,8.7,0.724,0.7543,15.039,1
VH-07033,2023-03-27,15,Light,3118.1,76.9,0.6924,0.6659,0,1.6,0.5914,0.5865,32.5875,0
VH-07034,2022-05-01,4,Light,3135.3,48.3,0.5733,0.4053,4,1.2,0.564,0.9328,45.6657,0
VH-07035,2023-09-23,21,Light,4499.1,88.7,0.7833,0.68,1,5.1,0.8468,0.7243,39.0833,0
VH-07036,2022-11-27,11,Medium,4531.0,81.7,0.5057,0.51,0,7.6,0.5243,0.6874,29.3111,0
VH-07037,2023-03-27,15,Light,2096.5,54.2,0.8836,0.5126,1,5.8,0.3662,0.973,28.0547,0
VH-07038,2022-01-31,1,Heavy,7940.3,178.9,0.8019,0.5156,2,4.6,0.5168,0.5089,10.2158,1
VH-07039,2022-11-27,11,Heavy,4110.7,90.6,0.295,0.358,0,13.3,0.5187,0.5976,38.9382,0
VH-07040,2023-06-25,18,Heavy,4598.4,100.3,0.8133,0.4521,2,0.9,0.5712,0.7326,29.6144,0
VH-07041,2023-01-26,13,Medium,3560.6,84.0,0.5151,0.8229,1,1.1,0.8017,0.8565,24.0998,1
VH-07042,2023-06-25,18,Light,4099.5,96.2,0.3472,0.2503,0,5.0,0.3623,0.8076,30.4938,0
VH-07043,2023-07-25,19,Light,3963.2,80.6,0.6636,0.2352,1,1.1,0.2391,0.7536,68.8216,0
VH-07044,2022-01-31,1,Light,4495.6,90.4,0.5533,0.7146,0,2.8,0.3114,0.7795,60.717,0
VH-07045,2022-09-28,9,Heavy,4478.1,98.6,0.3128,0.4669,0,8.9,0.46,0.7208,20.2807,0
VH-07046,2023-02-25,14,Heavy,5707.3,124.0,0.7191,0.3108,1,12.3,0.5829,0.9083,18.4535,0
VH-07047,2022-04-01,3,Medium,4840.8,138.5,0.5906,0.5153,0,5.6,0.6924,0.8235,32.352,0
VH-07048,2022-07-30,7,Medium,5556.4,117.7,0.87,0.4376,0,4.4,0.3608,0.4451,35.1294,0
VH-07049,2022-09-28,9,Medium,4485.3,104.0,0.8758,0.473,0,14.0,0.5094,0.846,51.052,1
VH-07050,2022-08-29,8,Medium,4846.9,114.7,0.6813,0.2631,3,5.2,0.5294,0.9877,33.0878,0
VH-07051,2023-08-24,20,Heavy,4138.0,113.0,0.6182,0.1717,1,1.6,0.1944,0.4268,20.6087,1
VH-07052,2023-05-26,17,Light,6004.7,121.3,0.8591,0.7413,0,4.0,0.2087,0.707,21.7619,0
VH-07053,2022-01-31,1,Medium,4983.9,130.8,0.7006,0.5679,1,1.5,0.7608,0.6947,38.9946,1
VH-07054,2022-08-29,8,Medium,4262.9,92.5,0.7034,0.1817,0,3.3,0.3655,0.8377,23.0108,0
VH-07055,2023-03-27,15,Light,4218.1,131.3,0.4534,0.6823,0,6.4,0.4806,0.9001,41.7169,0
VH-07056,2023-02-25,14,Medium,4336.1,101.8,0.9235,0.3789,0,1.0,0.563,0.9713,46.2878,0
VH-07057,2022-04-01,3,Heavy,4545.7,82.6,0.8987,0.8573,2,13.4,0.1639,0.9117,40.6869,0
VH-07058,2023-07-25,19,Light,4415.5,95.2,0.5088,0.4291,2,8.7,0.705,0.6353,53.7772,0
VH-07059,2022-12-27,12,Medium,3661.7,101.4,0.6484,0.4309,2,3.8,0.7487,0.7557,23.2845,0
VH-07060,2022-12-27,12,Medium,5647.4,126.7,0.7827,0.4621,1,7.4,0.5311,0.5155,28.9889,1
VH-07061,2023-06-25,18,Light,5742.1,126.7,0.3433,0.461,0,4.9,0.2288,0.6412,66.5639,0
VH-07062,2023-08-24,20,Light,7175.8,170.2,0.8634,0.1834,0,9.3,0.2564,0.8881,43.2773,0
VH-07063,2022-04-01,3,Medium,3594.6,74.7,0.5353,0.6074,1,5.4,0.3391,0.688,52.6976,0
VH-07064,2022-10-28,10,Light,5499.7,119.1,0.8111,0.2316,1,0.8,0.544,0.9404,44.5661,0
VH-07065,2022-04-01,3,Medium,1636.3,22.2,0.8933,0.315,1,4.1,0.6745,0.6726,43.6337,0
VH-07066,2022-11-27,11,Heavy,5743.6,153.6,0.6257,0.4075,0,13.3,0.6112,0.709,54.6331,1
VH-07067,2022-07-30,7,Heavy,2315.1,33.1,0.783,0.4265,2,8.1,0.3663,0.8138,71.2566,0
VH-07068,2023-07-25,19,Heavy,3023.5,69.7,0.9659,0.0627,1,3.3,0.7294,0.5546,31.2568,1
VH-07069,2022-05-01,4,Medium,4998.3,118.3,0.9636,0.4948,2,6.5,0.6083,0.5582,8.4368,1
VH-07070,2023-11-22,23,Heavy,3567.8,79.1,0.8455,0.7459,1,2.2,0.3155,0.501,35.3418,0
VH-07071,2023-08-24,20,Medium,3362.5,55.9,0.3024,0.3657,2,3.5,0.6907,0.7775,39.227,0
VH-07072,2023-06-25,18,Light,3772.8,68.9,0.8466,0.495,1,7.3,0.714,0.7324,30.4084,0
VH-07073,2023-05-26,17,Medium,5594.4,132.2,0.7796,0.5102,0,11.5,0.395,0.4128,14.0189,1
VH-07074,2022-08-29,8,Medium,3100.7,57.2,0.5916,0.2696,1,1.8,0.402,0.7235,20.3805,0
VH-07075,2022-11-27,11,Heavy,4418.8,67.1,0.6378,0.0809,1,4.9,0.8003,0.9296,30.881,0
VH-07076,2023-07-25,19,Medium,3932.0,93.2,0.7703,0.2639,1,12.3,0.6163,0.8194,29.9461,0
VH-07077,2022-12-27,12,Light,5729.8,114.2,0.651,0.0474,0,4.7,0.6078,0.7954,38.4706,0
VH-07078,2022-08-29,8,Heavy,5771.9,137.7,0.6128,0.2084,1,1.0,0.9089,0.7828,38.9447,0
VH-07079,2022-04-01,3,Light,1747.1,35.8,0.6413,0.5451,3,12.9,0.8792,0.7903,48.0593,1
VH-07080,2023-06-25,18,Heavy,6067.7,131.1,0.8757,0.2898,3,8.1,0.6346,0.9198,27.9081,1
VH-07081,2022-05-31,5,Heavy,3583.9,80.4,0.8628,0.2398,0,0.7,0.3679,0.8118,44.4747,0
VH-07082,2023-05-26,17,Heavy,4854.4,90.8,0.6296,0.7672,1,8.5,0.4761,0.9129,56.8901,0
VH-07083,2022-07-30,7,Heavy,3091.6,56.3,0.473,0.3274,2,3.2,0.8513,0.6611,13.2307,1
VH-07084,2022-05-01,4,Light,5056.7,108.5,0.2811,0.38,0,8.0,0.5474,0.5999,37.281,1
VH-07085,2023-10-23,22,Medium,8327.0,167.9,0.7168,0.3111,0,8.7,0.3102,0.7462,14.5857,1
VH-07086,2023-07-25,19,Heavy,4690.7,114.9,0.6931,0.1395,0,2.4,0.829,0.9463,68.7699,1
VH-07087,2023-08-24,20,Heavy,3810.2,80.1,0.5469,0.4094,1,7.1,0.6498,0.878,22.8711,0
VH-07088,2023-11-22,23,Medium,4151.8,70.5,0.9287,0.6032,1,3.8,0.2699,0.8724,13.7361,1
VH-07089,2023-08-24,20,Light,2296.5,42.6,0.8172,0.5251,0,1.0,0.4793,0.6338,21.4238,0
VH-07090,2022-09-28,9,Medium,6673.4,149.8,0.9457,0.5704,1,4.1,0.3409,0.7967,19.4668,1
VH-07091,2022-05-01,4,Medium,4969.3,103.7,0.6671,0.5111,0,8.2,0.297,0.498,18.5102,1
VH-07092,2023-05-26,17,Medium,2926.7,71.0,0.6186,0.6943,1,9.5,0.518,0.6851,23.3291,1
VH-07093,2023-03-27,15,Heavy,2975.5,74.7,0.871,0.4856,1,4.7,0.2002,0.8206,53.0155,0
VH-07094,2022-09-28,9,Heavy,4522.9,136.5,0.7317,0.3626,2,1.9,0.4346,0.7078,18.4356,1
VH-07095,2022-05-31,5,Medium,5898.0,148.3,0.8287,0.3642,2,2.1,0.4009,0.7733,18.5265,0
VH-07096,2023-04-26,16,Medium,2773.5,37.1,0.6201,0.5098,1,5.2,0.5609,0.8053,56.0012,0
VH-07097,2023-09-23,21,Medium,6170.1,131.7,0.8369,0.5052,1,4.4,0.2404,0.7412,20.8945,0
VH-07098,2022-12-27,12,Medium,4362.5,92.9,0.6842,0.7408,0,1.3,0.565,0.7491,47.5091,0
VH-07099,2022-10-28,10,Light,3104.6,77.6,0.6861,0.2552,1,7.9,0.6871,0.1438,40.464,1
VH-07100,2022-08-29,8,Light,3798.5,70.4,0.889,0.1369,0,4.0,0.5588,0.3052,31.732,1
VH-07101,2022-04-01,3,Medium,7122.8,150.3,0.9354,0.5603,1,5.0,0.967,0.4695,27.3032,1
VH-07102,2022-05-01,4,Medium,2417.7,35.1,0.8792,0.6771,0,1.2,0.7172,0.8661,57.5479,1
VH-07103,2023-09-23,21,Medium,3402.2,66.6,0.6193,0.3754,0,8.7,0.4506,0.5392,33.0134,0
VH-07104,2022-03-02,2,Light,5928.9,123.3,0.7606,0.2885,0,11.9,0.3413,0.9483,32.6305,0
VH-07105,2022-07-30,7,Medium,4824.7,102.5,0.9634,0.0815,0,8.1,0.9307,0.684,19.1215,1
VH-07106,2023-11-22,23,Light,3313.1,55.8,0.6406,0.5341,0,1.8,0.6942,0.6032,54.8365,1
VH-07107,2022-07-30,7,Medium,5947.2,146.9,0.8539,0.4551,0,5.7,0.29,0.7133,45.274,0
VH-07108,2023-03-27,15,Medium,6018.4,140.8,0.5645,0.369,0,1.3,0.5448,0.9191,25.9755,0
VH-07109,2023-03-27,15,Medium,4997.1,89.3,0.5003,0.2007,1,4.1,0.7753,0.6074,31.1637,0
VH-07110,2022-12-27,12,Light,3581.4,80.0,0.5716,0.6752,1,4.8,0.7137,0.5741,18.3601,0
VH-07111,2023-05-26,17,Heavy,3812.5,61.2,0.6561,0.8033,1,0.4,0.7498,0.6982,20.1211,1
VH-07112,2022-07-30,7,Medium,4927.0,129.6,0.9571,0.6812,1,9.2,0.1807,0.5707,26.2895,1
VH-07113,2022-08-29,8,Medium,2532.1,80.5,0.8152,0.1383,0,4.9,0.7523,0.9032,71.578,0
VH-07114,2023-03-27,15,Medium,6491.7,143.4,0.4497,0.4315,3,1.7,0.5087,0.5725,37.2782,1
VH-07115,2022-07-30,7,Heavy,7050.3,143.9,0.8589,0.6849,1,5.0,0.3162,0.8825,13.9316,1
VH-07116,2022-09-28,9,Heavy,4146.1,82.2,0.6349,0.7277,0,6.2,0.529,0.7129,18.7952,0
VH-07117,2023-06-25,18,Medium,5034.2,105.1,0.6127,0.3315,1,14.6,0.3769,0.978,42.6496,0
VH-07118,2022-03-02,2,Medium,6278.7,137.9,0.7673,0.3197,4,7.9,0.7038,0.9517,19.754,0
VH-07119,2022-06-30,6,Light,7433.3,185.7,0.6377,0.7455,1,7.8,0.68,0.9517,51.9136,1
VH-07120,2022-11-27,11,Medium,6835.5,166.2,0.811,0.556,0,3.4,0.8138,0.6128,20.5781,1
VH-07121,2022-01-31,1,Medium,1896.7,56.7,0.7967,0.4916,1,10.1,0.4885,0.7523,42.935,0
VH-07122,2023-02-25,14,Light,4026.7,92.0,0.5554,0.497,0,7.4,0.7744,0.2247,12.0253,1
VH-07123,2022-12-27,12,Heavy,5251.0,99.4,0.8758,0.3952,3,7.8,0.382,0.4919,15.2242,1
VH-07124,2022-05-01,4,Heavy,3758.7,72.0,0.558,0.3395,1,8.1,0.3705,0.9117,71.1204,0
VH-07125,2023-03-27,15,Medium,7174.2,160.3,0.5814,0.4647,2,5.0,0.3003,0.699,19.2128,1
VH-07126,2022-05-31,5,Heavy,6944.1,136.3,0.6444,0.2629,2,0.9,0.5079,0.5274,47.6323,0
VH-07127,2023-01-26,13,Medium,3276.1,77.4,0.4597,0.3129,0,1.3,0.7792,0.5664,23.2315,0
VH-07128,2023-10-23,22,Medium,4256.4,106.7,0.9532,0.5015,1,3.3,0.6542,0.5449,1.7744,1
VH-07129,2023-01-26,13,Heavy,3375.7,83.2,0.6354,0.5703,1,10.7,0.3586,0.9114,66.7584,0
VH-07130,2022-08-29,8,Medium,4207.3,101.1,0.75,0.6961,3,1.6,0.077,0.7663,36.9016,0
VH-07131,2023-04-26,16,Medium,4161.9,64.5,0.8914,0.3389,1,6.8,0.6236,0.7912,54.5224,0
VH-07132,2023-03-27,15,Medium,5931.4,151.8,0.618,0.558,3,0.7,0.8624,0.7133,13.9754,1
VH-07133,2022-01-01,0,Light,3167.3,46.9,0.5772,0.1229,0,4.5,0.6796,0.8691,29.7653,0
VH-07134,2023-07-25,19,Medium,800.0,20.0,0.7827,0.1559,0,5.0,0.9,0.7387,60.0531,0
VH-07135,2023-02-25,14,Medium,2093.2,55.8,0.5773,0.2406,2,4.8,0.2015,0.8382,33.7208,0
VH-07136,2022-12-27,12,Medium,2957.5,71.1,0.8898,0.7431,1,6.4,0.4689,0.9004,23.1437,0
VH-07137,2023-09-23,21,Light,3516.5,59.0,0.8143,0.7427,1,3.6,0.5758,0.8839,53.2624,0
VH-07138,2022-08-29,8,Light,4780.8,89.8,0.6939,0.2413,1,10.3,0.6653,0.9141,70.1085,0
VH-07139,2022-05-31,5,Heavy,2880.3,68.3,0.8493,0.6364,1,1.3,0.2875,0.4808,14.855,1
VH-07140,2023-07-25,19,Light,2683.3,67.3,0.6874,0.8588,1,2.7,0.3587,0.842,39.7663,0
VH-07141,2022-01-01,0,Medium,3105.8,52.4,0.8895,0.603,0,1.1,0.1795,0.9655,32.1144,0
VH-07142,2023-05-26,17,Heavy,2826.5,68.7,0.7665,0.1178,0,6.1,0.6905,0.8191,34.2934,0
VH-07143,2023-10-23,22,Heavy,3668.3,58.8,0.6876,0.3166,0,6.7,0.5294,0.8234,63.5535,0
VH-07144,2022-05-01,4,Light,3604.1,89.5,0.2152,0.3894,0,4.2,0.6255,0.9799,40.6514,0
VH-07145,2022-05-01,4,Heavy,5533.6,109.7,0.5928,0.4167,0,3.8,0.2409,0.4247,5.2475,1
VH-07146,2023-05-26,17,Heavy,3015.7,68.2,0.9142,0.5209,0,8.9,0.4443,0.8275,65.329,0
VH-07147,2022-12-27,12,Medium,3963.6,86.8,0.6093,0.5745,2,3.2,0.2721,0.7195,71.2713,0
VH-07148,2023-05-26,17,Heavy,3682.5,99.2,0.8255,0.5595,1,13.8,0.3702,0.6145,8.9005,1
VH-07149,2022-01-31,1,Heavy,5713.3,130.6,0.5175,0.2679,1,1.8,0.9649,0.9181,30.3791,0
VH-07150,2022-11-27,11,Medium,4268.6,85.9,0.4475,0.2628,2,4.1,0.3771,0.6717,54.2813,0
VH-07151,2023-04-26,16,Medium,6076.0,140.4,0.5719,0.5979,1,13.8,0.5449,0.8669,58.2675,1
VH-07152,2023-05-26,17,Heavy,2771.4,93.7,0.9535,0.4834,1,6.2,0.4828,0.9483,34.3311,0
VH-07153,2022-11-27,11,Heavy,4426.0,109.5,0.7042,0.4495,1,1.5,0.7,0.71,27.3444,1
VH-07154,2023-03-27,15,Medium,3636.2,79.9,0.7334,0.1226,1,11.5,0.1111,0.6664,69.732,0
VH-07155,2022-05-01,4,Heavy,2660.9,46.6,0.6256,0.8555,3,0.7,0.3734,0.8722,32.0445,0
VH-07156,2022-06-30,6,Heavy,4398.7,88.5,0.5338,0.3864,1,3.4,0.4625,0.8816,28.2579,0
VH-07157,2023-04-26,16,Heavy,7099.4,168.0,0.6471,0.1897,0,6.2,0.6182,0.8079,32.2874,0
VH-07158,2023-06-25,18,Heavy,3220.6,58.3,0.8034,0.4685,1,1.0,0.3973,0.5783,29.6627,1
VH-07159,2022-01-31,1,Light,4308.8,95.8,0.4277,0.109,0,12.9,0.923,0.6274,57.4099,0
VH-07160,2023-06-25,18,Light,2531.7,77.8,0.9515,0.506,1,4.4,0.8038,0.6825,29.2021,0
VH-07161,2023-07-25,19,Medium,2311.2,53.6,0.8097,0.4368,1,14.3,0.8127,0.5004,30.4558,1
VH-07162,2022-06-30,6,Medium,3319.1,57.6,0.8695,0.3307,0,3.0,0.6172,0.7076,44.9256,1
VH-07163,2022-11-27,11,Medium,3825.0,117.7,0.7816,0.6268,2,1.9,0.6779,0.7072,23.8878,1
VH-07164,2022-07-30,7,Heavy,3891.6,112.9,0.851,0.2709,1,8.0,0.7522,0.859,26.7185,1
VH-07165,2023-07-25,19,Heavy,4161.0,100.0,0.8925,0.5372,0,2.8,0.5309,0.7,33.1109,1
VH-07166,2023-05-26,17,Medium,2027.5,64.2,0.6793,0.3541,2,5.2,0.4014,0.4317,51.9218,0
VH-07167,2022-10-28,10,Heavy,3561.1,75.1,0.7554,0.5333,1,3.0,0.1163,0.414,40.6151,1
VH-07168,2022-12-27,12,Light,5252.6,127.6,0.4714,0.606,0,13.4,0.6894,0.3969,34.1554,0
VH-07169,2023-07-25,19,Medium,2462.6,48.4,0.7884,0.3858,2,5.6,0.5746,0.5257,30.6438,1
VH-07170,2022-05-01,4,Light,3967.3,67.8,0.778,0.611,0,3.9,0.4824,0.8086,32.1437,0
VH-07171,2022-01-31,1,Medium,4939.3,148.6,0.9104,0.3319,0,9.9,0.7575,0.8781,20.4715,1
VH-07172,2023-09-23,21,Medium,3326.6,52.8,0.6347,0.4051,1,4.3,0.804,0.6782,44.0809,0
VH-07173,2022-06-30,6,Heavy,5012.3,115.8,0.759,0.2906,1,3.0,0.7545,0.438,18.1396,1
VH-07174,2023-09-23,21,Medium,2218.3,53.6,0.7355,0.616,1,6.2,0.6935,0.8412,19.7323,0
VH-07175,2023-03-27,15,Medium,5832.7,137.4,0.8637,0.4454,1,2.0,0.6117,0.8016,12.8653,1
VH-07176,2022-05-31,5,Light,5048.7,110.8,0.8473,0.5057,2,2.8,0.2488,0.8408,39.8619,1
VH-07177,2022-03-02,2,Light,4583.5,100.7,0.7737,0.3563,2,2.3,0.7315,0.6465,16.4109,1
VH-07178,2023-11-22,23,Heavy,6187.2,139.6,0.6508,0.5739,1,4.5,0.4169,0.9718,13.7887,1
VH-07179,2022-10-28,10,Heavy,4006.0,96.2,0.765,0.7595,0,3.1,0.9075,0.7243,22.8982,1
VH-07180,2023-03-27,15,Medium,3573.2,79.4,0.8375,0.384,0,8.9,0.5009,0.9492,29.5639,0
VH-07181,2023-04-26,16,Medium,6558.8,144.7,0.9061,0.3906,4,11.1,0.6589,0.8121,10.2103,1
VH-07182,2022-09-28,9,Medium,7261.1,141.5,0.6286,0.3605,0,6.0,0.3656,0.676,42.0193,0
VH-07183,2023-05-26,17,Medium,3459.8,107.1,0.6661,0.4628,2,0.7,0.2342,0.4473,24.7517,1
VH-07184,2022-04-01,3,Medium,4329.4,104.2,0.6078,0.4145,1,3.8,0.5537,0.925,38.8693,0
VH-07185,2023-10-23,22,Light,6067.6,138.0,0.7005,0.6593,2,2.9,0.283,0.7116,28.5351,1
VH-07186,2023-10-23,22,Medium,4382.8,88.0,0.8311,0.1509,1,22.4,0.3377,0.9168,54.7013,0
VH-07187,2022-01-01,0,Medium,5391.9,104.8,0.7938,0.428,0,9.5,0.3579,0.6204,37.2353,1
VH-07188,2022-12-27,12,Medium,5670.6,138.9,0.4621,0.3976,2,0.7,0.7732,0.7652,32.676,0
VH-07189,2022-11-27,11,Light,3656.5,78.9,0.4961,0.3974,0,7.5,0.3834,0.8774,55.142,0
VH-07190,2023-07-25,19,Medium,5128.9,123.3,0.5444,0.0365,2,3.0,0.5387,0.7314,26.5402,0
VH-07191,2023-07-25,19,Medium,4490.7,79.5,0.8895,0.4895,0,8.8,0.693,0.6135,19.04,0
VH-07192,2022-10-28,10,Medium,2674.7,82.6,0.7405,0.5088,1,7.3,0.2142,0.7164,28.8476,0
VH-07193,2023-05-26,17,Medium,3015.5,80.5,0.8636,0.7734,0,5.0,0.5746,0.7797,44.9663,1
VH-07194,2022-01-31,1,Medium,3521.4,77.0,0.9302,0.1653,3,3.4,0.8518,0.5135,8.0179,1
VH-07195,2023-01-26,13,Heavy,5892.8,138.0,0.7333,0.1303,0,4.1,0.3797,0.9186,33.665,0
VH-07196,2023-06-25,18,Heavy,5942.0,143.2,0.8079,0.2939,0,3.3,0.3722,0.5091,14.4261,1
VH-07197,2023-07-25,19,Light,5624.9,104.9,0.4532,0.636,4,6.0,0.5573,0.6474,25.1425,1
VH-07198,2022-04-01,3,Heavy,5160.2,139.8,0.9047,0.4885,1,7.9,0.7357,0.4378,6.6138,1
VH-07199,2023-02-25,14,Heavy,5119.2,121.0,0.7657,0.2541,1,1.1,0.3113,0.7888,35.261,0
VH-07200,2022-06-30,6,Medium,4916.3,98.7,0.7384,0.3954,0,7.4,0.369,0.7603,21.1107,0
VH-07201,2023-09-23,21,Medium,5111.4,97.1,0.8107,0.0942,0,5.5,0.7739,0.8767,35.1018,0
VH-07202,2023-11-22,23,Medium,5213.0,130.7,0.7012,0.3632,0,2.8,0.1463,0.8641,24.8597,1
VH-07203,2022-01-31,1,Light,2393.4,56.4,0.698,0.4184,0,12.8,0.1702,0.5392,59.4433,0
VH-07204,2023-09-23,21,Heavy,3314.6,80.9,0.3376,0.4315,0,2.5,0.6973,0.7684,57.1691,0
VH-07205,2022-05-31,5,Medium,2956.6,66.1,0.7569,0.1752,1,4.5,0.2408,0.9797,55.7458,0
VH-07206,2022-08-29,8,Medium,6160.7,121.9,0.3941,0.7403,0,6.0,0.1949,0.646,33.1775,1
VH-07207,2022-11-27,11,Medium,6981.2,162.8,0.4738,0.2604,1,5.0,0.7183,0.764,37.9974,0
VH-07208,2022-01-31,1,Light,1246.4,24.7,0.7833,0.8527,0,0.7,0.0619,0.9625,33.1406,0
VH-07209,2022-10-28,10,Light,6847.2,151.8,0.5888,0.1683,0,20.9,0.7208,0.3442,20.6005,1
VH-07210,2022-04-01,3,Medium,4630.1,138.5,0.4912,0.7862,1,20.7,0.5164,0.4176,3.8235,1
VH-07211,2023-05-26,17,Medium,6019.1,146.8,0.4025,0.2354,0,11.3,0.4773,0.6932,62.389,0
VH-07212,2022-05-31,5,Heavy,5259.7,130.8,0.7525,0.1902,1,6.3,0.3524,0.8257,50.7747,1
VH-07213,2022-05-31,5,Medium,6660.6,188.8,0.7246,0.3297,1,2.2,0.6268,0.7285,38.0868,1
VH-07214,2023-08-24,20,Medium,4814.6,112.8,0.628,0.7538,0,10.7,0.582,0.6075,24.8954,1
VH-07215,2022-01-01,0,Heavy,2454.8,56.3,0.7687,0.4615,1,6.4,0.5209,0.753,20.8971,0
VH-07216,2023-10-23,22,Light,4341.5,86.3,0.8918,0.6044,0,4.6,0.4019,0.8127,53.2952,0
VH-07217,2023-09-23,21,Medium,5273.5,110.4,0.5518,0.2308,1,7.0,0.4966,0.8684,54.8438,1
VH-07218,2023-01-26,13,Heavy,4176.1,62.1,0.43,0.2355,1,3.2,0.3825,0.7688,65.7628,0
VH-07219,2022-09-28,9,Medium,5486.6,133.8,0.8195,0.5127,0,4.4,0.5793,0.729,16.1682,1
VH-07220,2023-02-25,14,Light,4401.5,78.8,0.3446,0.6131,1,15.6,0.3054,0.8138,40.2894,0
VH-07221,2023-04-26,16,Light,3606.7,93.7,0.7283,0.2737,1,6.1,0.232,0.8156,32.1244,0
VH-07222,2022-04-01,3,Light,2871.0,63.2,0.7866,0.221,0,4.0,0.5901,0.7999,62.87,1
VH-07223,2023-01-26,13,Medium,3912.3,88.9,0.6469,0.3667,2,9.8,0.3668,0.7248,44.2921,0
VH-07224,2022-03-02,2,Light,4806.9,106.2,0.719,0.4262,1,2.8,0.4747,0.9722,31.4427,0
VH-07225,2023-08-24,20,Medium,1560.9,55.5,0.6207,0.5263,0,9.9,0.215,0.9445,54.6748,0
VH-07226,2022-03-02,2,Light,3329.9,92.1,0.7383,0.1816,0,6.4,0.4621,0.6907,19.9282,0
VH-07227,2022-07-30,7,Light,1505.0,33.0,0.6769,0.6077,0,3.0,0.3781,0.7141,55.3171,0
VH-07228,2022-05-31,5,Medium,3574.4,65.9,0.9709,0.4179,0,3.4,0.503,0.684,19.798,1
VH-07229,2023-06-25,18,Light,6296.0,153.8,0.9616,0.3263,2,2.8,0.679,0.5452,25.9395,1
VH-07230,2022-09-28,9,Heavy,2720.8,45.8,0.9636,0.1885,1,7.0,0.6459,0.701,30.1742,0
VH-07231,2022-01-01,0,Medium,5554.7,100.1,0.4689,0.917,0,4.6,0.8278,0.8931,23.5402,0
VH-07232,2022-05-31,5,Light,8773.2,202.4,0.8938,0.7332,1,1.8,0.6207,0.7189,18.9439,1
VH-07233,2023-03-27,15,Light,6680.3,166.7,0.8832,0.4901,2,1.3,0.7846,0.7817,28.3494,1
VH-07234,2023-06-25,18,Medium,4700.3,98.4,0.5309,0.4863,1,15.1,0.7744,0.7064,28.9169,1
VH-07235,2023-07-25,19,Medium,5787.7,134.7,0.5391,0.2943,2,7.5,0.3563,0.9684,30.5161,0
VH-07236,2023-04-26,16,Heavy,2445.5,48.1,0.8592,0.0372,1,1.2,0.7723,0.6416,59.9821,0
VH-07237,2023-03-27,15,Medium,2139.9,58.4,0.8584,0.3068,2,13.3,0.775,0.601,13.4293,1
VH-07238,2023-10-23,22,Medium,4543.0,117.4,0.7223,0.6811,2,1.1,0.3833,0.6203,25.6564,1
VH-07239,2023-07-25,19,Medium,5097.9,109.3,0.8549,0.0433,1,1.5,0.8257,0.8878,43.1229,0
VH-07240,2023-06-25,18,Heavy,6141.6,121.1,0.436,0.534,3,2.2,0.2849,0.7025,14.4997,1
VH-07241,2022-12-27,12,Medium,3646.9,59.2,0.7526,0.7439,2,2.1,0.2252,0.6722,47.0439,0
VH-07242,2023-06-25,18,Medium,4790.1,120.3,0.5777,0.1727,0,14.5,0.697,0.6998,38.1416,0
VH-07243,2022-05-01,4,Heavy,4738.7,88.3,0.808,0.5996,0,11.2,0.3693,0.464,33.2148,1
VH-07244,2023-03-27,15,Heavy,4302.9,101.2,0.6059,0.366,1,2.0,0.9183,0.774,51.621,1
VH-07245,2022-05-01,4,Medium,4391.3,109.2,0.7577,0.8357,0,5.1,0.7202,0.5444,15.3255,1
VH-07246,2022-01-01,0,Heavy,3217.9,64.0,0.825,0.1841,1,3.1,0.6966,0.6889,23.9468,0
VH-07247,2022-05-01,4,Heavy,4919.6,106.8,0.8748,0.6171,0,1.2,0.4576,0.7869,21.3016,0
VH-07248,2023-04-26,16,Light,4792.6,121.5,0.7482,0.6759,1,2.5,0.6861,0.4857,55.3908,0
VH-07249,2022-12-27,12,Heavy,3840.0,73.2,0.4734,0.264,1,2.5,0.5927,0.7056,18.3013,0
VH-07250,2023-05-26,17,Medium,5498.7,108.5,0.5589,0.8306,0,4.2,0.4541,0.8002,22.3994,0
VH-07251,2023-02-25,14,Medium,6041.7,130.7,0.5471,0.6429,0,3.4,0.363,0.8111,50.2197,0
VH-07252,2022-01-01,0,Medium,5516.1,141.7,0.576,0.6448,1,5.5,0.4882,0.7854,26.4774,0
VH-07253,2022-03-02,2,Heavy,2936.3,89.4,0.733,0.6023,0,10.6,0.4052,0.9662,58.9455,0
VH-07254,2023-07-25,19,Medium,4649.5,101.8,0.8393,0.3113,0,2.8,0.4822,0.3922,29.2305,0
VH-07255,2023-08-24,20,Medium,3132.9,58.9,0.5743,0.4332,1,21.3,0.7054,0.5897,69.4142,1
VH-07256,2022-04-01,3,Light,4644.8,119.2,0.617,0.3939,0,13.4,0.2545,0.4349,38.7216,1
VH-07257,2022-03-02,2,Medium,3138.7,44.7,0.7918,0.5101,1,0.8,0.6979,0.7552,28.5702,1
VH-07258,2023-04-26,16,Heavy,6415.7,146.3,0.7158,0.3032,1,16.5,0.6966,0.9881,40.2457,0
VH-07259,2023-06-25,18,Heavy,5675.0,125.5,0.6784,0.2863,0,2.9,0.5847,0.8936,28.8256,1
VH-07260,2022-08-29,8,Light,6229.5,157.8,0.9307,0.7823,1,0.8,0.5222,0.5075,22.6299,1
VH-07261,2023-03-27,15,Heavy,6077.6,156.0,0.4966,0.6048,2,10.8,0.3603,0.4052,40.7058,1
VH-07262,2023-11-22,23,Heavy,4094.1,76.8,0.6814,0.8244,0,4.7,0.4242,0.5656,20.8258,1
VH-07263,2023-04-26,16,Medium,3861.6,88.3,0.7246,0.3185,0,4.0,0.2899,0.5868,44.3955,0
VH-07264,2023-05-26,17,Light,7112.6,149.5,0.6663,0.6467,1,2.7,0.4698,0.8566,31.7015,1
VH-07265,2023-04-26,16,Medium,4252.3,90.1,0.7192,0.5104,0,13.9,0.4851,0.8755,6.9134,1
VH-07266,2023-06-25,18,Light,2468.1,64.1,0.7797,0.2963,0,4.6,0.8705,0.833,27.9794,1
VH-07267,2022-12-27,12,Medium,6011.2,128.6,0.7153,0.2659,1,2.7,0.3496,0.9674,32.0368,0
VH-07268,2022-07-30,7,Medium,4715.7,107.7,0.15,0.3812,1,2.3,0.5372,0.5615,24.1838,0
VH-07269,2023-07-25,19,Heavy,6758.9,164.6,0.862,0.4017,0,5.9,0.6545,0.7481,26.3118,0
VH-07270,2022-10-28,10,Medium,4864.5,130.8,0.5969,0.4398,0,4.4,0.9066,0.7634,31.5057,0
VH-07271,2023-10-23,22,Heavy,4470.0,103.7,0.6963,0.5566,1,4.0,0.9347,0.845,37.9057,1
VH-07272,2023-01-26,13,Heavy,6789.2,152.6,0.4648,0.6444,1,6.5,0.8471,0.7464,20.0212,1
VH-07273,2022-12-27,12,Light,2192.3,32.1,0.7582,0.5364,2,10.8,0.6787,0.8236,26.86,0
VH-07274,2022-10-28,10,Light,3622.0,104.3,0.8572,0.2342,1,1.9,0.3259,0.5803,40.0314,1
VH-07275,2022-04-01,3,Heavy,3169.0,77.9,0.5768,0.5635,0,2.0,0.5861,0.8809,19.0286,0
VH-07276,2023-10-23,22,Heavy,1207.4,28.9,0.5764,0.1781,0,2.1,0.4305,0.8975,33.7771,0
VH-07277,2022-05-31,5,Medium,5809.8,130.4,0.8474,0.2133,2,9.0,0.8688,0.8353,25.9248,1
VH-07278,2023-03-27,15,Medium,3663.9,86.8,0.6942,0.638,1,2.1,0.6437,0.8055,57.0848,0
VH-07279,2022-05-31,5,Medium,5858.1,141.8,0.7186,0.0928,0,13.6,0.7116,0.6005,44.1582,0
VH-07280,2023-06-25,18,Heavy,5083.6,126.4,0.7614,0.1983,1,4.0,0.2715,0.4738,30.2709,0
VH-07281,2022-09-28,9,Heavy,5410.7,144.4,0.6725,0.3136,1,2.8,0.8298,0.5115,8.5297,1
VH-07282,2023-05-26,17,Light,3816.9,88.5,0.8428,0.6957,0,7.4,0.8296,0.7509,26.2169,1
VH-07283,2022-06-30,6,Light,3353.6,100.8,0.7526,0.6592,0,4.9,0.5821,0.8118,18.1116,0
VH-07284,2023-10-23,22,Light,4634.6,118.9,0.8696,0.7758,1,5.3,0.2087,0.623,6.455,1
VH-07285,2023-08-24,20,Heavy,5878.8,129.7,0.5218,0.5116,1,0.5,0.7526,0.9025,23.5867,0
VH-07286,2022-03-02,2,Heavy,4424.4,73.3,0.6163,0.6698,1,1.9,0.2129,0.9469,24.9762,0
VH-07287,2023-02-25,14,Heavy,3447.1,77.9,0.9012,0.175,2,4.8,0.2894,0.8367,44.6957,1
VH-07288,2022-07-30,7,Light,2701.5,83.4,0.9613,0.0868,0,35.0,0.7377,0.8393,23.796,1
VH-07289,2023-03-27,15,Medium,4806.2,95.2,0.6819,0.4975,0,4.1,0.2586,0.6132,22.7273,0
VH-07290,2022-04-01,3,Light,3668.9,82.8,0.27,0.3525,1,5.2,0.7021,0.8376,68.3723,0
VH-07291,2022-01-31,1,Medium,4392.4,100.1,0.5196,0.5636,2,10.2,0.4625,0.8085,22.1623,0
VH-07292,2022-05-01,4,Medium,4141.8,106.2,0.5578,0.652,3,7.6,0.4399,0.8818,23.0413,0
VH-07293,2022-12-27,12,Heavy,3833.4,79.4,0.4474,0.4875,0,4.9,0.6984,0.8155,54.3967,0
VH-07294,2022-08-29,8,Light,4940.7,96.8,0.9645,0.3108,1,3.9,0.3712,0.7852,41.3585,1
VH-07295,2022-06-30,6,Medium,5331.8,127.0,0.7611,0.2024,0,1.6,0.2153,0.5851,45.2986,0
VH-07296,2022-05-01,4,Heavy,7447.9,154.4,0.6436,0.6572,0,13.5,0.622,0.7528,22.6665,1
VH-07297,2023-03-27,15,Medium,5637.0,97.7,0.7816,0.2522,1,4.6,0.6954,0.9821,49.9384,1
VH-07298,2023-10-23,22,Light,6890.5,180.7,0.6584,0.3518,0,7.9,0.5493,0.6363,63.7846,1
VH-07299,2022-03-02,2,Heavy,3272.1,86.6,0.681,0.4512,1,3.5,0.5868,0.5228,22.6846,0
VH-07300,2022-06-30,6,Medium,2098.6,74.9,0.8551,0.8697,2,7.7,0.389,0.6511,30.783,1
VH-07301,2022-08-29,8,Medium,4478.4,112.6,0.8317,0.7598,0,18.7,0.3931,0.6291,26.1971,0
VH-07302,2022-11-27,11,Medium,5787.0,138.8,0.8616,0.4325,0,6.7,0.675,0.9755,57.9295,1
VH-07303,2022-03-02,2,Heavy,5551.7,128.9,0.5667,0.3031,0,3.1,0.6843,0.5899,41.0651,1
VH-07304,2023-08-24,20,Medium,6317.1,137.6,0.5155,0.5904,0,6.3,0.4028,0.7786,24.0429,0
VH-07305,2023-07-25,19,Medium,800.0,25.5,0.7784,0.3895,0,2.6,0.794,0.9622,49.6611,0
VH-07306,2022-03-02,2,Medium,6379.5,133.5,0.7372,0.6603,0,10.3,0.7156,0.7731,43.8582,1
VH-07307,2023-08-24,20,Light,5003.2,95.1,0.4834,0.6658,0,8.8,0.87,0.5768,5.3039,1
VH-07308,2022-04-01,3,Heavy,2184.0,43.5,0.7738,0.321,1,6.1,0.4137,0.8528,19.2035,0
VH-07309,2023-02-25,14,Light,5585.3,143.5,0.7397,0.7841,0,5.8,0.6311,0.624,39.4714,1
VH-07310,2022-05-01,4,Medium,4754.2,87.2,0.7689,0.5533,2,2.3,0.2447,0.7825,29.4979,1
VH-07311,2023-07-25,19,Medium,5071.8,94.5,0.7861,0.2947,1,4.2,0.6863,0.9467,49.5825,1
VH-07312,2022-01-31,1,Medium,5998.7,142.2,0.7647,0.186,1,2.1,0.2821,0.8221,50.1006,0
VH-07313,2022-11-27,11,Medium,5145.4,108.1,0.8738,0.5212,0,11.5,0.5073,0.8054,9.3647,1
VH-07314,2023-03-27,15,Medium,2290.8,58.2,0.6832,0.576,0,5.6,0.265,0.9517,24.237,0
VH-07315,2022-03-02,2,Medium,4285.5,110.1,0.4967,0.2996,1,1.1,0.7215,0.8318,66.621,1
VH-07316,2023-09-23,21,Light,2073.5,53.0,0.7252,0.5307,0,18.7,0.3777,0.5712,18.5541,0
VH-07317,2022-01-01,0,Heavy,5473.6,112.2,0.6814,0.0975,2,3.9,0.6157,0.9829,46.3301,1
VH-07318,2023-04-26,16,Heavy,6597.0,165.8,0.5207,0.836,0,6.9,0.8362,0.879,27.2581,0
VH-07319,2022-11-27,11,Medium,2637.8,69.8,0.7617,0.0422,2,5.7,0.7642,0.282,19.2341,1
VH-07320,2022-10-28,10,Medium,3492.8,78.0,0.8633,0.5964,1,1.9,0.483,0.7874,37.8275,0
VH-07321,2022-01-31,1,Light,3176.4,70.3,0.8633,0.5799,0,19.1,0.7039,0.8934,35.4521,0
VH-07322,2023-10-23,22,Light,3819.1,90.5,0.97,0.5406,1,11.1,0.2072,0.4412,13.1296,1
VH-07323,2023-06-25,18,Medium,5118.6,109.1,0.946,0.374,0,8.1,0.585,0.6629,23.2747,1
VH-07324,2023-03-27,15,Heavy,3835.4,60.8,0.8435,0.783,1,4.1,0.5348,0.7395,36.548,1
VH-07325,2022-11-27,11,Heavy,5478.8,133.0,0.5979,0.1003,2,2.5,0.5637,0.5975,9.7957,1
VH-07326,2023-06-25,18,Medium,6098.1,145.9,0.8643,0.0914,1,5.3,0.6346,0.651,13.9091,1
VH-07327,2022-06-30,6,Heavy,6152.6,102.2,0.8293,0.2095,1,17.3,0.5241,0.7187,21.037,1
VH-07328,2023-02-25,14,Medium,2822.7,70.4,0.8599,0.2998,0,1.7,0.3645,0.4048,41.988,1
VH-07329,2022-05-01,4,Medium,6578.9,172.5,0.6578,0.4453,0,5.9,0.482,0.5451,33.9873,0
VH-07330,2022-04-01,3,Medium,6699.1,132.0,0.5718,0.5681,0,4.0,0.6198,0.6456,26.9436,0
VH-07331,2022-05-01,4,Light,6829.0,150.7,0.8068,0.1754,2,4.9,0.6608,0.445,24.1176,0
VH-07332,2022-09-28,9,Heavy,4263.3,92.0,0.4185,0.1689,2,1.7,0.47,0.9081,69.0166,0
VH-07333,2023-07-25,19,Medium,3372.2,99.8,0.679,0.6933,1,4.1,0.7471,0.9237,23.0975,0
VH-07334,2022-10-28,10,Medium,3023.6,84.0,0.9062,0.3594,2,0.4,0.8288,0.9362,48.5347,1
VH-07335,2022-11-27,11,Medium,2847.3,50.1,0.6653,0.2222,1,6.4,0.4393,0.878,68.7914,0
VH-07336,2022-05-01,4,Heavy,4517.5,105.5,0.4864,0.7585,0,0.4,0.6235,0.7969,26.2553,0
VH-07337,2022-12-27,12,Medium,5771.8,162.8,0.7569,0.4691,1,3.2,0.7555,0.8632,21.305,1
VH-07338,2022-03-02,2,Medium,6459.8,134.2,0.5107,0.6208,0,16.4,0.6264,0.5744,27.8738,0
VH-07339,2023-02-25,14,Light,3771.7,83.6,0.8719,0.5769,0,9.7,0.5232,0.5928,34.8062,0
VH-07340,2022-07-30,7,Heavy,4442.0,106.4,0.6681,0.4309,0,1.0,0.873,0.6739,12.7532,1
VH-07341,2022-05-31,5,Medium,4343.7,87.4,0.7406,0.3959,1,10.6,0.2273,0.8304,44.2317,0
VH-07342,2022-12-27,12,Medium,3547.1,105.3,0.5763,0.1911,1,6.6,0.6525,0.9207,57.1059,1
VH-07343,2022-09-28,9,Heavy,5603.6,117.4,0.7974,0.8339,1,2.3,0.6047,0.6835,15.3727,1
VH-07344,2023-01-26,13,Light,5044.3,91.3,0.5994,0.5304,0,1.6,0.3987,0.6877,22.3078,0
VH-07345,2022-01-31,1,Medium,4712.7,96.9,0.579,0.4911,1,5.3,0.7461,0.5696,22.2529,1
VH-07346,2023-10-23,22,Medium,5037.5,121.7,0.3899,0.2692,0,8.1,0.5104,0.481,66.7822,0
VH-07347,2023-03-27,15,Medium,5423.2,108.5,0.6077,0.4095,1,2.8,0.9009,0.6219,37.9188,0
VH-07348,2023-07-25,19,Medium,5408.2,124.7,0.7819,0.5835,0,5.1,0.757,0.5492,8.3455,1
VH-07349,2023-04-26,16,Medium,3242.3,80.5,0.7417,0.0583,0,11.3,0.4169,0.7455,70.9592,0
VH-07350,2022-09-28,9,Light,5844.5,111.7,0.7114,0.2201,4,5.4,0.3023,0.6936,54.4444,0
VH-07351,2022-07-30,7,Light,4883.0,100.1,0.9461,0.2853,0,4.3,0.6515,0.6477,21.6251,1
VH-07352,2023-04-26,16,Light,3848.1,90.7,0.6223,0.3748,1,6.8,0.3823,0.704,25.9841,0
VH-07353,2023-10-23,22,Heavy,4851.3,118.3,0.8409,0.598,1,4.0,0.4451,0.8717,29.156,1
VH-07354,2022-08-29,8,Medium,5016.7,103.4,0.9587,0.8322,0,1.1,0.5197,0.9262,25.9303,0
VH-07355,2023-01-26,13,Medium,6122.7,138.3,0.8495,0.5358,1,5.2,0.7509,0.6554,13.759,1
VH-07356,2023-04-26,16,Medium,2930.8,60.9,0.8145,0.3893,1,2.2,0.4098,0.7639,18.2808,0
VH-07357,2023-03-27,15,Heavy,6487.5,155.1,0.7534,0.3797,3,2.0,0.8148,0.7236,29.1533,1
VH-07358,2023-07-25,19,Light,4534.7,108.6,0.7278,0.5487,1,3.4,0.5841,0.8575,56.247,0
VH-07359,2022-05-01,4,Medium,3740.8,77.5,0.7979,0.4909,1,3.1,0.4543,0.9011,52.0647,0
VH-07360,2022-08-29,8,Medium,3694.9,89.3,0.6389,0.3927,1,4.4,0.5438,0.6699,63.0781,0
VH-07361,2022-09-28,9,Medium,2997.9,60.4,0.749,0.3741,0,3.5,0.6392,0.7451,71.0748,0
VH-07362,2023-03-27,15,Heavy,1888.6,48.8,0.6957,0.5768,0,4.8,0.2487,0.7075,34.3669,1
VH-07363,2022-11-27,11,Heavy,5516.1,129.6,0.4841,0.5725,0,7.6,0.2638,0.7516,25.9146,0
VH-07364,2023-01-26,13,Heavy,7471.3,201.6,0.7482,0.2516,0,2.3,0.944,0.666,24.9862,1
VH-07365,2023-06-25,18,Light,2073.6,41.0,0.6178,0.4879,0,2.3,0.1474,0.8407,53.1297,0
VH-07366,2022-08-29,8,Light,3074.4,66.2,0.6778,0.3736,1,10.9,0.5487,0.8947,67.9265,0
VH-07367,2022-09-28,9,Light,5627.4,115.3,0.8526,0.0946,0,4.9,0.6448,0.8172,71.8899,0
VH-07368,2023-09-23,21,Heavy,4431.5,83.0,0.8176,0.6514,1,5.8,0.8825,0.8816,6.6552,1
VH-07369,2022-09-28,9,Heavy,5751.6,121.0,0.8076,0.3569,0,4.0,0.2822,0.9399,12.1979,1
VH-07370,2022-12-27,12,Heavy,4347.4,106.6,0.6428,0.3995,1,2.6,0.3164,0.8335,41.811,0
VH-07371,2023-02-25,14,Medium,3629.1,91.7,0.6112,0.2561,0,2.8,0.4011,0.7801,28.9843,0
VH-07372,2023-02-25,14,Heavy,4161.2,96.9,0.3664,0.4154,1,7.5,0.5483,0.8928,44.2615,0
VH-07373,2022-08-29,8,Medium,926.9,20.0,0.5847,0.3752,0,13.9,0.4709,0.5481,52.1864,0
VH-07374,2022-09-28,9,Heavy,2784.8,54.5,0.5218,0.235,1,2.0,0.5527,0.8316,63.1313,0
VH-07375,2023-06-25,18,Medium,5922.4,117.9,0.6095,0.1848,0,6.3,0.7198,0.8572,29.2731,0
VH-07376,2022-05-01,4,Light,6287.8,131.4,0.9041,0.3082,1,8.2,0.5528,0.7138,21.3051,1
VH-07377,2022-10-28,10,Light,6609.2,127.4,0.6047,0.2275,0,8.2,0.6351,0.8131,18.8354,1
VH-07378,2023-07-25,19,Heavy,5161.3,135.1,0.6002,0.1909,0,5.4,0.7114,0.4867,55.3452,1
VH-07379,2023-10-23,22,Medium,1115.9,52.4,0.6901,0.2386,2,5.8,0.587,0.8189,45.3411,0
VH-07380,2022-11-27,11,Medium,3547.5,49.8,0.5037,0.4241,0,14.3,0.4609,0.7963,22.266,0
VH-07381,2022-09-28,9,Medium,6487.0,148.5,0.9635,0.3069,0,1.7,0.2449,0.7866,44.3713,1
VH-07382,2022-10-28,10,Medium,6934.6,158.2,0.3339,0.5767,0,3.2,0.3401,0.8986,68.4075,0
VH-07383,2023-10-23,22,Heavy,6544.0,148.6,0.7883,0.4498,0,15.2,0.5983,0.9154,23.7909,1
VH-07384,2023-01-26,13,Light,4145.6,83.2,0.9753,0.6026,0,3.1,0.6667,0.8426,30.5131,0
VH-07385,2023-04-26,16,Light,2540.1,71.8,0.8222,0.036,0,3.8,0.3797,0.7776,24.8021,0
VH-07386,2023-08-24,20,Heavy,4439.1,104.8,0.614,0.4189,0,2.8,0.8453,0.5528,22.2869,1
VH-07387,2022-07-30,7,Medium,4522.2,116.0,0.5643,0.5931,0,4.3,0.7323,0.4449,27.7091,0
VH-07388,2022-12-27,12,Light,6848.3,141.1,0.4954,0.2392,0,3.6,0.6007,0.6838,42.1692,0
VH-07389,2022-05-31,5,Light,4841.7,86.8,0.6252,0.21,1,2.3,0.8003,0.7715,20.9946,0
VH-07390,2022-04-01,3,Light,4525.0,107.1,0.5392,0.527,0,2.8,0.7453,0.8572,45.9674,0
VH-07391,2023-03-27,15,Medium,4610.2,88.0,0.8496,0.3698,1,14.4,0.5098,0.6879,21.2924,0
VH-07392,2023-11-22,23,Light,5099.8,129.1,0.6292,0.5691,2,13.0,0.3824,0.7087,33.0508,1
VH-07393,2023-08-24,20,Light,5439.7,89.0,0.6944,0.4715,0,2.0,0.5945,0.727,64.4818,0
VH-07394,2022-01-31,1,Heavy,3413.2,68.8,0.6566,0.3823,0,1.8,0.7056,0.7225,25.0788,0
VH-07395,2022-06-30,6,Heavy,2913.6,55.5,0.833,0.2079,1,1.2,0.7684,0.7725,49.4857,0
VH-07396,2022-07-30,7,Heavy,6555.8,140.7,0.7165,0.3989,0,4.0,0.5214,0.63,41.1182,1
VH-07397,2022-10-28,10,Medium,2038.4,49.2,0.6902,0.5297,2,6.7,0.3566,0.7867,56.9478,0
VH-07398,2023-08-24,20,Medium,6956.6,160.5,0.649,0.3992,0,7.3,0.5072,0.6265,44.6513,1
VH-07399,2023-07-25,19,Heavy,1634.0,45.9,0.9189,0.5676,1,11.4,0.5147,0.8998,28.2963,0
VH-07400,2022-01-31,1,Heavy,3623.2,91.8,0.551,0.5075,0,2.4,0.9178,0.4472,11.6346,1
VH-07401,2022-04-01,3,Medium,5957.8,129.8,0.2758,0.5117,0,11.7,0.5005,0.9597,20.9245,0
VH-07402,2022-09-28,9,Medium,4500.5,131.6,0.9182,0.1945,0,3.1,0.6856,0.5462,24.4842,1
VH-07403,2023-01-26,13,Medium,2525.3,76.9,0.9726,0.4452,2,1.3,0.6917,0.7525,23.133,1
VH-07404,2023-10-23,22,Medium,5139.6,109.5,0.6549,0.9097,2,7.7,0.416,0.742,14.5589,1
VH-07405,2023-02-25,14,Medium,4600.5,100.2,0.3827,0.7817,0,3.7,0.2786,0.4955,46.5155,0
VH-07406,2022-10-28,10,Light,4175.9,87.8,0.7784,0.2279,0,8.4,0.5007,0.8306,23.1234,0
VH-07407,2022-09-28,9,Heavy,3564.1,84.7,0.7924,0.4515,0,0.1,0.7451,0.6561,36.3671,0
VH-07408,2022-07-30,7,Medium,4448.1,84.3,0.6228,0.8258,0,3.8,0.2772,0.5281,5.4319,1
VH-07409,2023-09-23,21,Medium,3627.1,68.8,0.4885,0.3258,1,4.4,0.6827,0.935,53.6317,0
VH-07410,2022-03-02,2,Light,8151.8,148.6,0.5938,0.1626,1,3.9,0.3324,0.9561,50.514,1
VH-07411,2023-08-24,20,Heavy,4140.0,86.0,0.8785,0.3246,0,0.8,0.5724,0.2896,20.5653,1
VH-07412,2023-11-22,23,Heavy,3939.4,103.5,0.8898,0.2674,0,6.6,0.549,0.8068,19.1872,0
VH-07413,2022-06-30,6,Light,3687.5,79.7,0.9729,0.6557,0,1.5,0.5263,0.6222,22.5749,0
VH-07414,2023-01-26,13,Medium,7165.4,157.8,0.6783,0.1808,0,7.0,0.6751,0.7926,42.0477,0
VH-07415,2022-03-02,2,Medium,2041.4,49.5,0.7236,0.2584,1,1.0,0.8562,0.8277,40.306,0
VH-07416,2022-01-31,1,Heavy,5039.1,96.9,0.7565,0.3054,2,5.1,0.2247,0.3156,18.986,0
VH-07417,2022-11-27,11,Light,4141.1,92.4,0.5989,0.3256,0,1.9,0.1128,0.7489,70.7623,0
VH-07418,2023-05-26,17,Heavy,2364.9,65.9,0.5669,0.1677,0,1.5,0.5224,0.4696,42.5534,0
VH-07419,2023-05-26,17,Medium,3271.4,77.3,0.5221,0.1293,2,27.5,0.5465,0.6645,65.5592,0
VH-07420,2023-03-27,15,Light,4975.4,125.2,0.8154,0.4248,2,14.9,0.9197,0.8613,36.6979,1
VH-07421,2023-11-22,23,Light,3203.4,90.1,0.5714,0.4737,2,3.1,0.2938,0.6687,20.4076,0
VH-07422,2023-05-26,17,Light,4889.3,118.6,0.8275,0.071,2,3.3,0.547,0.798,24.4907,1
VH-07423,2023-03-27,15,Medium,7093.7,146.9,0.8427,0.2832,1,5.2,0.6795,0.9415,27.0455,0
VH-07424,2022-07-30,7,Medium,4755.9,100.5,0.7919,0.3226,0,2.7,0.7361,0.8903,27.2643,1
VH-07425,2023-06-25,18,Heavy,2319.7,80.5,0.734,0.293,1,9.0,0.9519,0.5767,40.1497,0
VH-07426,2022-10-28,10,Light,3229.8,76.5,0.8387,0.7477,3,2.9,0.4404,0.8004,50.9935,0
VH-07427,2022-04-01,3,Heavy,4071.9,93.2,0.5383,0.6737,0,3.5,0.4418,0.3299,41.3039,0
VH-07428,2023-06-25,18,Light,3971.6,75.4,0.6083,0.4126,2,3.6,0.2965,0.7064,36.8208,0
VH-07429,2022-10-28,10,Medium,4728.0,103.7,0.7757,0.2051,0,2.0,0.8836,0.5597,13.6634,1
VH-07430,2022-12-27,12,Heavy,4968.7,121.2,0.5738,0.0543,0,3.0,0.6035,0.8536,71.821,0
VH-07431,2022-01-01,0,Heavy,7095.8,157.9,0.5696,0.5826,0,3.2,0.5999,0.6981,24.6954,1
VH-07432,2023-04-26,16,Medium,4494.4,92.1,0.8207,0.5707,1,1.4,0.7511,0.8312,42.5822,1
VH-07433,2023-10-23,22,Heavy,2771.7,57.3,0.4752,0.2904,0,2.9,0.4826,0.6396,38.5917,0
VH-07434,2023-05-26,17,Light,6230.7,156.3,0.9124,0.3051,1,5.1,0.7621,0.8638,36.0149,1
VH-07435,2023-01-26,13,Light,6394.5,152.1,0.6434,0.4543,0,1.9,0.6399,0.681,39.628,0
VH-07436,2023-02-25,14,Medium,4848.7,115.8,0.706,0.6014,1,5.0,0.5663,0.7998,25.089,0
VH-07437,2022-06-30,6,Light,4130.4,98.4,0.8123,0.5212,2,7.7,0.7501,0.8636,35.2283,0
VH-07438,2023-08-24,20,Medium,5433.8,103.0,0.6604,0.5481,1,6.4,0.4133,0.6964,31.2419,0
VH-07439,2023-06-25,18,Light,4183.4,97.0,0.8655,0.4075,0,2.1,0.9185,0.6646,27.6324,1
VH-07440,2022-04-01,3,Heavy,1416.4,47.5,0.9858,0.607,0,9.3,0.5114,0.6524,30.9134,1
VH-07441,2022-12-27,12,Heavy,5345.2,114.9,0.7611,0.0936,2,11.3,0.5926,0.5332,20.1446,1
VH-07442,2023-04-26,16,Heavy,5838.4,144.4,0.8827,0.5033,0,8.0,0.3441,0.7787,17.3257,1
VH-07443,2023-03-27,15,Heavy,6661.6,156.2,0.772,0.3546,0,0.7,0.7567,0.5517,8.5725,1
VH-07444,2023-11-22,23,Light,3403.9,88.1,0.8481,0.5238,3,2.5,0.9333,0.5645,10.8929,1
VH-07445,2022-08-29,8,Light,4839.2,108.3,0.7538,0.5938,1,3.0,0.7072,0.4884,32.7841,1
VH-07446,2022-09-28,9,Medium,4871.7,121.6,0.6243,0.7561,0,3.2,0.6618,0.5829,35.4079,1
VH-07447,2022-09-28,9,Medium,4628.1,80.9,0.5383,0.4362,1,2.5,0.342,0.7717,57.2643,0
VH-07448,2022-12-27,12,Medium,4672.3,104.3,0.4916,0.7532,1,4.3,0.1187,0.3117,46.6038,0
VH-07449,2023-07-25,19,Medium,4555.7,111.9,0.9356,0.6092,0,1.1,0.57,0.9756,20.4591,0
VH-07450,2023-05-26,17,Medium,4817.6,111.5,0.3453,0.1845,1,5.3,0.4867,0.8682,49.932,0
VH-07451,2022-08-29,8,Light,5611.0,141.1,0.891,0.4478,2,7.1,0.158,0.7821,1.8186,1
VH-07452,2022-08-29,8,Medium,6330.4,138.3,0.6089,0.8507,0,13.7,0.5468,0.4053,6.118,1
VH-07453,2022-12-27,12,Medium,3365.5,66.6,0.6512,0.1423,0,12.1,0.4191,0.8237,9.3921,1
VH-07454,2023-08-24,20,Medium,4241.5,69.7,0.6244,0.2149,0,5.0,0.627,0.6979,25.492,0
VH-07455,2022-04-01,3,Heavy,3866.1,81.8,0.6225,0.4611,0,7.9,0.8907,0.6401,22.0275,0
VH-07456,2023-10-23,22,Medium,3651.5,88.9,0.8549,0.5729,0,5.9,0.6513,0.53,40.5707,1
VH-07457,2022-04-01,3,Heavy,2076.0,57.5,0.7232,0.4488,1,2.2,0.7022,0.8478,18.2337,0
VH-07458,2022-09-28,9,Heavy,4536.3,79.8,0.7487,0.4906,0,3.3,0.6674,0.5975,21.7244,1
VH-07459,2023-08-24,20,Light,5219.0,133.6,0.8795,0.3368,0,2.6,0.535,0.751,37.6311,1
VH-07460,2023-05-26,17,Medium,4267.4,80.2,0.4348,0.2188,0,7.9,0.148,0.4902,22.5584,0
VH-07461,2023-11-22,23,Medium,4486.6,97.9,0.6375,0.0547,2,3.7,0.5872,0.7847,63.2349,0
VH-07462,2023-01-26,13,Medium,5127.7,105.4,0.8177,0.6548,2,17.5,0.7343,0.9433,23.4825,1
VH-07463,2022-01-31,1,Light,6616.7,153.3,0.9222,0.0783,0,3.9,0.6194,0.4694,28.4816,1
VH-07464,2022-05-31,5,Heavy,3870.4,87.4,0.3682,0.5282,0,0.8,0.3163,0.8322,33.2737,0
VH-07465,2022-06-30,6,Heavy,2742.6,71.1,0.6007,0.202,0,0.9,0.4509,0.7827,41.0959,0
VH-07466,2023-11-22,23,Light,4364.3,124.6,0.7818,0.5293,1,6.8,0.8207,0.6018,32.3319,1
VH-07467,2023-08-24,20,Light,7325.3,168.8,0.5349,0.283,0,3.3,0.7072,0.6342,47.2503,1
VH-07468,2022-07-30,7,Light,2758.6,52.7,0.9068,0.7617,1,8.4,0.6226,0.8023,25.4794,1
VH-07469,2022-08-29,8,Heavy,5475.2,128.6,0.7988,0.6496,1,6.9,0.3423,0.387,13.2901,1
VH-07470,2022-07-30,7,Medium,6236.9,167.8,0.5623,0.1155,0,7.7,0.6215,0.8469,63.8975,0
VH-07471,2023-03-27,15,Light,951.7,31.0,0.4802,0.5176,0,6.2,0.607,0.5112,67.8266,0
VH-07472,2023-08-24,20,Heavy,5115.3,127.9,0.7278,0.0047,1,4.2,0.4619,0.2947,21.3773,1
VH-07473,2022-03-02,2,Medium,5405.1,96.2,0.7354,0.5032,0,16.8,0.7185,0.6373,29.1125,1
VH-07474,2023-07-25,19,Medium,4099.0,96.9,0.8312,0.4405,1,1.5,0.5096,0.8293,64.7843,0
VH-07475,2022-01-01,0,Medium,3530.3,74.4,0.5581,0.6871,1,3.2,0.4342,0.7953,23.063,0
VH-07476,2022-05-31,5,Medium,3614.0,70.1,0.9454,0.2787,0,1.6,0.3134,0.9463,30.6842,0
VH-07477,2023-03-27,15,Medium,4007.1,88.7,0.4645,0.3899,0,4.4,0.394,0.533,40.9283,1
VH-07478,2022-12-27,12,Medium,4046.9,91.6,0.5317,0.1942,3,14.1,0.2735,0.8451,28.5918,0
VH-07479,2023-04-26,16,Medium,3763.8,74.3,0.5223,0.7073,1,3.6,0.2294,0.2771,25.3315,1
VH-07480,2023-09-23,21,Heavy,3983.3,91.3,0.479,0.1923,0,24.2,0.8008,0.799,46.2521,0
VH-07481,2022-09-28,9,Medium,6286.2,137.1,0.9487,0.485,2,9.9,0.556,0.9788,42.8494,1
VH-07482,2023-06-25,18,Heavy,2678.4,70.1,0.7836,0.3439,3,1.5,0.3854,0.8248,58.3705,1
VH-07483,2022-05-31,5,Medium,1876.4,45.1,0.8145,0.6415,2,3.9,0.4766,0.3835,32.6457,1
VH-07484,2023-01-26,13,Heavy,6310.2,145.9,0.8574,0.5112,0,9.2,0.5936,0.4404,29.9304,1
VH-07485,2023-05-26,17,Medium,4212.0,108.3,0.7731,0.3149,0,3.5,0.8543,0.7292,40.0398,0
VH-07486,2022-06-30,6,Heavy,3917.7,95.4,0.5808,0.8664,1,2.2,0.4988,0.5582,25.4057,1
VH-07487,2023-10-23,22,Medium,4333.2,96.2,0.8436,0.4426,1,10.0,0.856,0.6099,9.8911,1
VH-07488,2022-04-01,3,Light,4813.9,75.7,0.7351,0.3516,2,1.4,0.4607,0.8567,10.6541,1
VH-07489,2023-04-26,16,Light,3713.9,90.2,0.8044,0.513,1,18.0,0.3602,0.8299,24.5064,0
VH-07490,2022-03-02,2,Light,5258.9,103.2,0.6349,0.6355,0,10.6,0.0515,0.5286,18.5829,1
VH-07491,2022-05-01,4,Heavy,3056.6,66.6,0.5879,0.2649,0,9.2,0.132,0.6871,28.7107,0
VH-07492,2022-11-27,11,Heavy,4047.3,95.5,0.7773,0.7121,0,7.9,0.7628,0.8784,34.9563,0
VH-07493,2022-10-28,10,Heavy,1178.0,46.2,0.9335,0.4142,1,4.6,0.1395,0.5883,32.5279,0
VH-07494,2022-12-27,12,Light,6258.4,166.7,0.6376,0.4968,0,7.5,0.5563,0.6397,38.1965,1
VH-07495,2022-01-31,1,Heavy,4235.9,80.3,0.6237,0.7756,1,3.3,0.5976,0.9226,35.0537,0
VH-07496,2022-12-27,12,Heavy,5505.2,102.6,0.5397,0.4142,1,1.2,0.5321,0.8055,44.2783,0
VH-07497,2022-11-27,11,Medium,5214.9,120.8,0.8801,0.4595,0,1.1,0.5682,0.7039,18.1983,0
VH-07498,2022-05-31,5,Medium,5324.7,122.0,0.8922,0.3894,2,2.8,0.735,0.8689,22.6294,1
VH-07499,2022-12-27,12,Medium,4488.3,81.7,0.5681,0.9374,1,5.6,0.4857,0.37,36.0805,1
VH-07500,2022-11-27,11,Light,5082.3,112.7,0.4037,0.1652,0,7.2,0.5739,0.6924,57.3725,1
VH-07501,2022-01-01,0,Medium,3058.1,76.9,0.4937,0.4354,1,8.0,0.7822,0.8171,33.3307,1
VH-07502,2023-07-25,19,Heavy,2743.2,42.5,0.8692,0.3821,1,4.2,0.5349,0.8103,68.9603,0
VH-07503,2023-11-22,23,Light,4348.3,81.7,0.9294,0.2368,1,2.7,0.6106,0.8229,51.6042,0
VH-07504,2022-09-28,9,Medium,3480.3,67.7,0.8769,0.7464,0,7.3,0.5577,0.8013,18.9885,1
VH-07505,2023-01-26,13,Medium,6638.2,144.3,0.672,0.3033,1,4.6,0.318,0.5906,24.0803,0
VH-07506,2023-02-25,14,Heavy,5062.7,122.9,0.5913,0.1184,2,7.1,0.6909,0.8085,23.8592,0
VH-07507,2023-05-26,17,Heavy,3425.3,71.2,0.8216,0.2953,0,6.4,0.68,0.7797,46.779,0
VH-07508,2022-10-28,10,Heavy,4092.7,91.8,0.5798,0.7918,0,11.3,0.8775,0.9513,25.3669,0
VH-07509,2022-05-01,4,Medium,4699.5,138.1,0.779,0.3972,0,1.9,0.8771,0.6971,5.5612,1
VH-07510,2023-03-27,15,Medium,4398.0,83.4,0.902,0.7832,0,7.7,0.7533,0.6697,22.0804,1
VH-07511,2023-04-26,16,Medium,4907.6,99.3,0.7398,0.3151,1,1.4,0.2489,0.6011,60.4027,0
VH-07512,2022-09-28,9,Medium,4603.0,112.5,0.9538,0.5665,0,12.4,0.5261,0.6279,13.9404,1
VH-07513,2023-05-26,17,Light,2414.0,68.5,0.822,0.0864,2,7.7,0.8562,0.7066,37.4664,0
VH-07514,2023-09-23,21,Medium,1273.6,34.5,0.8235,0.1695,1,4.9,0.7677,0.7764,71.7346,0
VH-07515,2022-10-28,10,Heavy,3939.6,114.7,0.6903,0.3667,1,3.9,0.3078,0.4413,23.7436,0
VH-07516,2022-01-31,1,Medium,5340.7,123.4,0.6228,0.6401,1,0.5,0.5318,0.8283,36.2637,1
VH-07517,2022-10-28,10,Heavy,3956.4,58.3,0.8212,0.6733,0,1.3,0.4435,0.8304,22.1597,0
VH-07518,2022-03-02,2,Medium,6354.8,142.7,0.248,0.2861,1,3.8,0.5145,0.5536,68.5402,0
VH-07519,2022-04-01,3,Medium,4429.7,89.9,0.7721,0.254,2,4.1,0.3964,0.6865,54.2317,0
VH-07520,2022-10-28,10,Light,6535.8,166.0,0.937,0.4165,0,1.7,0.1873,0.7853,35.7791,1
VH-07521,2023-07-25,19,Light,6227.9,152.9,0.6396,0.2494,0,5.2,0.5249,0.5121,33.9783,1
VH-07522,2022-05-31,5,Medium,6076.9,111.2,0.7918,0.8227,2,1.6,0.6295,0.9394,30.8141,0
VH-07523,2022-07-30,7,Medium,2694.7,80.1,0.5222,0.7991,1,7.1,0.6379,0.6466,22.2109,1
VH-07524,2022-01-31,1,Light,4525.7,114.7,0.7854,0.6096,0,8.2,0.4687,0.6225,36.2884,0
VH-07525,2023-04-26,16,Light,6334.2,135.9,0.7238,0.467,1,11.8,0.4141,0.8543,35.3799,0
VH-07526,2023-11-22,23,Light,4908.5,107.9,0.4575,0.3845,0,3.7,0.419,0.8351,29.7592,0
VH-07527,2023-04-26,16,Heavy,5331.5,139.4,0.6932,0.1436,2,3.3,0.5161,0.9095,61.5752,1
VH-07528,2023-04-26,16,Heavy,2418.2,24.2,0.7901,0.1332,2,3.2,0.6672,0.9778,41.532,0
VH-07529,2022-05-31,5,Medium,7378.2,170.6,0.2847,0.224,3,5.9,0.6513,0.8944,48.3633,0
VH-07530,2022-08-29,8,Light,3312.9,90.0,0.9328,0.5244,0,5.8,0.6797,0.7121,29.8221,0
VH-07531,2022-01-31,1,Light,1508.4,32.2,0.8162,0.1666,0,4.4,0.3768,0.9795,44.9904,0
VH-07532,2023-10-23,22,Light,3973.3,98.0,0.4662,0.4175,1,16.3,0.4918,0.6844,69.7542,0
VH-07533,2022-06-30,6,Medium,828.8,20.0,0.8619,0.5316,0,4.8,0.4679,0.6428,43.0367,0
VH-07534,2022-01-01,0,Light,2872.3,52.1,0.6291,0.384,1,6.0,0.7378,0.8282,42.011,0
VH-07535,2022-01-01,0,Medium,8337.8,173.1,0.6791,0.5398,0,9.7,0.3464,0.7434,34.3299,1
VH-07536,2022-05-31,5,Heavy,3929.9,98.0,0.6637,0.6356,0,20.1,0.771,0.4287,12.1437,1
VH-07537,2022-01-01,0,Medium,2358.3,42.9,0.8215,0.7542,2,8.8,0.8608,0.7155,16.4437,1
VH-07538,2023-08-24,20,Heavy,4537.9,78.0,0.8155,0.5136,0,6.2,0.5211,0.9157,55.5201,0
VH-07539,2023-04-26,16,Light,3153.3,71.9,0.5341,0.4607,0,16.0,0.5745,0.9008,40.2992,0
VH-07540,2023-07-25,19,Medium,5796.8,121.1,0.7374,0.4475,1,3.5,0.763,0.9478,26.4373,1
VH-07541,2022-04-01,3,Heavy,3165.7,52.4,0.7722,0.069,2,0.8,0.2539,0.864,51.4783,0
VH-07542,2022-04-01,3,Medium,4906.1,110.1,0.7601,0.329,0,4.8,0.4997,0.7402,40.4545,0
VH-07543,2023-11-22,23,Medium,2779.4,73.3,0.7027,0.6582,0,3.4,0.4237,0.959,65.6656,0
VH-07544,2023-03-27,15,Heavy,8398.5,186.9,0.723,0.8642,0,7.8,0.206,0.6477,6.1295,1
VH-07545,2022-06-30,6,Medium,5255.4,100.8,0.6742,0.4938,0,2.0,0.5674,0.8602,11.9836,1
VH-07546,2022-01-01,0,Medium,4281.7,102.4,0.9268,0.4113,1,5.9,0.4467,0.8556,20.5416,1
VH-07547,2022-04-01,3,Medium,4060.6,105.8,0.5429,0.2209,4,3.5,0.306,0.9177,34.1685,0
VH-07548,2022-04-01,3,Light,3669.6,114.7,0.7035,0.5115,1,1.9,0.788,0.4399,8.3227,1
VH-07549,2023-07-25,19,Light,3358.6,96.3,0.6408,0.0473,0,10.5,0.7192,0.7805,59.641,1
VH-07550,2022-11-27,11,Light,3317.4,58.6,0.4482,0.5549,2,7.1,0.4,0.4939,24.3649,0
VH-07551,2022-01-31,1,Heavy,7017.5,168.8,0.7222,0.3843,3,7.4,0.7123,0.6281,20.4284,1
VH-07552,2022-04-01,3,Medium,3671.1,85.4,0.5679,0.1061,0,7.0,0.311,0.4796,36.3824,0
VH-07553,2022-05-31,5,Medium,1305.9,20.0,0.3675,0.5074,0,10.2,0.8958,0.5994,46.2839,0
VH-07554,2022-05-01,4,Light,2751.0,65.4,0.5081,0.5128,0,3.9,0.2302,0.6324,51.523,0
VH-07555,2022-10-28,10,Medium,5891.6,159.7,0.5618,0.5587,0,7.6,0.6767,0.4859,22.5488,1
VH-07556,2022-10-28,10,Heavy,4121.5,109.5,0.6805,0.7277,0,2.9,0.4762,0.8216,9.1621,1
VH-07557,2023-02-25,14,Medium,4298.9,80.3,0.6018,0.2978,1,4.0,0.592,0.8205,45.5083,0
VH-07558,2022-04-01,3,Medium,6254.7,139.2,0.8027,0.5855,2,1.4,0.3166,0.7302,25.8905,1
VH-07559,2023-10-23,22,Heavy,3334.3,81.5,0.8859,0.5404,1,13.6,0.2731,0.6513,50.1392,1
VH-07560,2022-04-01,3,Heavy,5448.6,95.1,0.5228,0.5139,2,11.6,0.3239,0.5767,42.2751,1
VH-07561,2022-12-27,12,Heavy,3498.2,52.3,0.8877,0.6479,4,19.2,0.4077,0.8391,24.2655,1
VH-07562,2023-04-26,16,Medium,5363.8,121.5,0.7219,0.7075,1,2.1,0.268,0.9197,29.6852,1
VH-07563,2022-04-01,3,Light,3913.3,89.5,0.4619,0.6819,2,8.2,0.3065,0.6863,29.896,0
VH-07564,2022-11-27,11,Medium,4137.7,64.4,0.6839,0.3672,1,4.2,0.1945,0.551,41.9151,1
VH-07565,2023-07-25,19,Medium,5730.2,133.2,0.7959,0.49,0,2.6,0.8726,0.7873,9.9416,1
VH-07566,2022-09-28,9,Heavy,5622.0,141.2,0.8903,0.4354,1,16.8,0.8311,0.8516,9.9619,1
VH-07567,2023-04-26,16,Light,4251.9,91.2,0.9128,0.6723,0,2.3,0.221,0.7578,62.7596,0
VH-07568,2023-04-26,16,Medium,3792.6,85.2,0.8177,0.6124,0,5.4,0.6907,0.3086,20.987,0
VH-07569,2022-03-02,2,Heavy,6898.7,161.9,0.8862,0.3471,0,2.9,0.5741,0.7669,14.6486,1
VH-07570,2022-05-01,4,Heavy,5384.0,126.2,0.7096,0.7958,2,4.2,0.4123,0.7495,23.4745,0
VH-07571,2022-01-31,1,Medium,3913.3,61.9,0.9474,0.2859,4,3.3,0.9571,0.8547,19.5526,0
VH-07572,2022-09-28,9,Heavy,3520.4,64.7,0.565,0.8002,1,6.5,0.6421,0.5472,10.8118,1
VH-07573,2022-05-31,5,Light,6037.3,128.2,0.8204,0.2923,2,1.7,0.6567,0.9664,60.8405,0
VH-07574,2022-11-27,11,Medium,4673.1,90.9,0.15,0.5483,0,15.5,0.5215,0.5958,39.1001,1
VH-07575,2022-05-01,4,Light,4254.7,116.6,0.7298,0.1938,1,7.9,0.691,0.4749,30.8063,0
VH-07576,2022-05-01,4,Heavy,4672.5,113.3,0.6283,0.4196,0,3.9,0.6285,0.9415,56.5563,0
VH-07577,2023-02-25,14,Heavy,5006.7,94.6,0.8022,0.7313,2,3.9,0.8891,0.4336,12.3306,1
VH-07578,2022-05-01,4,Light,4415.0,94.9,0.7964,0.5595,1,10.3,0.1623,0.7535,31.7115,0
VH-07579,2023-04-26,16,Light,6305.5,157.1,0.8625,0.5556,0,5.3,0.6612,0.676,46.5481,1
VH-07580,2023-01-26,13,Medium,6389.0,132.3,0.7698,0.3577,0,7.5,0.4117,0.5594,44.8045,1
VH-07581,2022-12-27,12,Medium,5297.8,130.5,0.7265,0.1324,0,3.4,0.8578,0.5814,34.1692,1
VH-07582,2023-04-26,16,Heavy,6562.1,166.6,0.6535,0.3424,1,9.4,0.6915,0.6983,25.6758,1
VH-07583,2022-01-31,1,Light,4512.7,118.5,0.6455,0.162,0,6.1,0.3093,0.528,35.403,1
VH-07584,2022-12-27,12,Heavy,5535.5,125.7,0.9298,0.4002,0,2.5,0.492,0.8371,21.0239,1
VH-07585,2023-10-23,22,Medium,6006.7,152.2,0.7748,0.3857,1,6.3,0.7181,0.8437,34.6901,0
VH-07586,2022-08-29,8,Medium,6028.6,126.1,0.7833,0.5308,0,11.6,0.9011,0.8794,27.0336,1
VH-07587,2023-02-25,14,Light,5874.0,167.8,0.8087,0.1,1,4.0,0.3988,0.2822,36.093,0
VH-07588,2022-04-01,3,Heavy,5446.8,124.7,0.4212,0.1981,0,7.1,0.6739,0.8663,67.4433,0
VH-07589,2022-10-28,10,Medium,7435.7,182.4,0.6346,0.1379,0,5.7,0.5646,0.7937,41.3076,0
VH-07590,2023-04-26,16,Medium,3690.5,76.6,0.436,0.2213,0,5.6,0.2612,0.4442,20.7893,0
VH-07591,2022-11-27,11,Medium,4267.2,102.3,0.6804,0.3127,0,4.5,0.6186,0.4526,55.1473,0
VH-07592,2022-03-02,2,Heavy,4178.2,101.0,0.7731,0.4392,2,3.0,0.4497,0.7958,43.2559,0
VH-07593,2023-02-25,14,Heavy,3947.9,73.8,0.6146,0.0932,0,2.1,0.6679,0.7565,23.5075,0
VH-07594,2023-08-24,20,Heavy,1516.8,20.0,0.684,0.3549,2,4.1,0.9096,0.6252,58.1026,1
VH-07595,2022-01-31,1,Medium,6562.3,142.8,0.9111,0.4862,0,5.4,0.5354,0.8998,37.0892,0
VH-07596,2023-05-26,17,Heavy,2960.9,82.4,0.2496,0.4525,2,1.8,0.5728,0.6292,59.5014,0
VH-07597,2023-10-23,22,Medium,4754.7,78.2,0.3558,0.1535,1,12.2,0.6616,0.6681,33.6187,0
VH-07598,2022-12-27,12,Heavy,2367.2,47.2,0.8293,0.305,1,2.6,0.3122,0.692,70.4625,0
VH-07599,2023-10-23,22,Medium,5431.1,140.3,0.6592,0.4904,1,0.6,0.7981,0.6042,28.0121,1
VH-07600,2022-07-30,7,Medium,3321.9,55.3,0.6455,0.0826,2,3.1,0.6929,0.5346,18.2594,1
VH-07601,2022-07-30,7,Heavy,2796.1,80.9,0.8041,0.6955,1,11.8,0.7958,0.2478,21.7149,1
VH-07602,2022-05-31,5,Heavy,4791.5,89.6,0.7203,0.2854,2,6.0,0.2349,0.6149,39.6555,0
VH-07603,2023-03-27,15,Medium,3448.9,62.9,0.8763,0.7044,1,2.4,0.6173,0.6245,15.0592,1
VH-07604,2022-08-29,8,Medium,3638.8,78.7,0.7836,0.6246,1,5.1,0.3992,0.6382,19.7688,0
VH-07605,2022-05-01,4,Heavy,4757.7,133.8,0.8579,0.8024,4,1.4,0.7131,0.5139,8.5355,1
VH-07606,2022-12-27,12,Heavy,5700.0,117.1,0.6282,0.1592,0,2.5,0.7635,0.8498,20.8911,0
VH-07607,2022-03-02,2,Heavy,3272.4,46.7,0.42,0.6262,1,4.5,0.4747,0.5854,36.0283,1
VH-07608,2023-02-25,14,Light,3013.2,45.9,0.7555,0.5395,0,15.8,0.2479,0.8188,27.1605,0
VH-07609,2023-10-23,22,Medium,4535.2,114.8,0.6183,0.0671,1,16.8,0.34,0.6604,69.1359,0
VH-07610,2022-09-28,9,Heavy,5308.9,97.7,0.7914,0.1497,1,6.1,0.4687,0.6757,25.375,0
VH-07611,2023-08-24,20,Heavy,6694.1,166.6,0.6692,0.4871,3,3.3,0.5283,0.9438,14.7519,1
VH-07612,2022-12-27,12,Heavy,2893.0,65.3,0.6905,0.0882,2,4.0,0.6593,0.4718,33.9616,0
VH-07613,2022-12-27,12,Medium,4023.0,88.9,0.9366,0.3463,0,6.4,0.7492,0.5239,24.7553,1
VH-07614,2023-09-23,21,Medium,6263.7,143.7,0.7789,0.7489,0,3.3,0.3865,0.7167,21.4925,1
VH-07615,2023-04-26,16,Medium,7459.6,153.8,0.7446,0.2662,1,3.3,0.7091,0.8384,45.2359,1
VH-07616,2022-01-31,1,Heavy,3010.4,69.0,0.825,0.1321,0,2.4,0.3804,0.5394,6.5071,1
VH-07617,2023-03-27,15,Medium,3391.8,57.5,0.8452,0.2284,0,3.3,0.7176,0.6763,65.1692,0
VH-07618,2023-11-22,23,Medium,5071.7,132.9,0.7344,0.4796,2,3.7,0.2606,0.5779,24.2104,0
VH-07619,2022-12-27,12,Heavy,3633.4,65.3,0.94,0.2372,0,2.6,0.4183,0.7611,20.8813,0
VH-07620,2022-08-29,8,Heavy,3361.2,81.3,0.9827,0.3509,1,6.4,0.2477,0.6382,16.3499,1
VH-07621,2023-06-25,18,Medium,4866.7,92.6,0.7079,0.6312,0,2.2,0.3528,0.9151,30.1489,0
VH-07622,2022-07-30,7,Heavy,6824.1,143.6,0.9681,0.8348,0,10.8,0.6789,0.8077,6.0561,1
VH-07623,2022-04-01,3,Light,2535.8,50.7,0.5822,0.5782,1,6.4,0.6711,0.6253,30.0906,1
VH-07624,2022-09-28,9,Light,6747.5,194.7,0.563,0.663,1,8.4,0.6413,0.6552,27.8752,1
VH-07625,2022-11-27,11,Medium,3637.8,80.6,0.7721,0.3712,0,9.8,0.6892,0.6117,24.4969,0
VH-07626,2023-11-22,23,Light,5018.7,99.2,0.8825,0.5306,2,4.2,0.7372,0.6025,3.2945,1
VH-07627,2022-11-27,11,Heavy,6886.3,146.4,0.9233,0.6456,1,8.0,0.5311,0.8381,15.8271,1
VH-07628,2023-10-23,22,Heavy,4988.0,88.3,0.9277,0.6816,0,7.3,0.4369,0.6494,6.9572,1
VH-07629,2022-05-31,5,Light,4053.8,87.6,0.5539,0.2815,1,5.0,0.5064,0.754,25.8869,0
VH-07630,2023-07-25,19,Heavy,5577.3,151.7,0.9395,0.4904,0,0.9,0.2401,0.9429,22.951,0
VH-07631,2023-03-27,15,Medium,4240.3,99.3,0.8723,0.1252,0,3.8,0.5525,0.6611,37.6053,1
VH-07632,2022-01-01,0,Heavy,5282.0,130.9,0.5362,0.2594,0,1.3,0.8808,0.8199,66.5299,1
VH-07633,2023-01-26,13,Heavy,4193.0,79.5,0.7917,0.7983,1,5.6,0.3215,0.8636,25.8677,0
VH-07634,2022-11-27,11,Medium,5791.7,125.7,0.585,0.409,0,6.2,0.5435,0.7727,47.8186,1
VH-07635,2023-05-26,17,Light,2408.7,56.6,0.5381,0.2297,0,4.4,0.8097,0.8334,35.0555,0
VH-07636,2022-10-28,10,Light,2979.7,55.3,0.7938,0.6228,0,2.6,0.7667,0.7988,46.8615,1
VH-07637,2022-05-01,4,Medium,2386.6,59.0,0.7395,0.369,0,2.7,0.4094,0.5384,50.9848,0
VH-07638,2022-11-27,11,Heavy,4415.4,107.4,0.5461,0.4848,0,0.3,0.897,0.5076,27.7675,0
VH-07639,2022-03-02,2,Medium,2205.7,57.2,0.5934,0.4317,0,8.7,0.7883,0.7261,29.1315,0
VH-07640,2023-09-23,21,Medium,3462.3,74.7,0.5681,0.7363,0,4.4,0.758,0.8858,44.9441,0
VH-07641,2023-03-27,15,Light,2838.7,79.4,0.7138,0.1858,0,17.9,0.9279,0.8353,68.074,0
VH-07642,2023-04-26,16,Heavy,6719.5,145.5,0.7204,0.3871,0,6.5,0.6654,0.7252,13.9265,1
VH-07643,2023-01-26,13,Medium,3014.0,61.7,0.8542,0.3507,0,9.9,0.5993,0.6086,32.3131,0
VH-07644,2022-05-01,4,Heavy,2570.2,78.7,0.8377,0.4099,2,2.4,0.7624,0.6729,31.6673,1
VH-07645,2022-01-01,0,Medium,4872.5,91.7,0.5027,0.1297,1,11.9,0.2498,0.4869,22.1602,0
VH-07646,2022-05-01,4,Medium,7030.2,130.7,0.7781,0.2501,0,1.2,0.2618,0.7946,21.2159,1
VH-07647,2022-05-01,4,Light,4325.9,83.1,0.9108,0.5107,2,3.7,0.6052,0.7914,21.46,1
VH-07648,2022-05-31,5,Medium,4441.9,104.5,0.8001,0.6975,1,8.2,0.7121,0.3782,6.3919,1
VH-07649,2023-08-24,20,Medium,6436.1,162.3,0.7502,0.6912,0,5.5,0.5848,0.7791,14.6238,1
VH-07650,2022-05-31,5,Heavy,5817.3,119.4,0.9494,0.5134,3,1.0,0.3594,0.9667,21.0548,0
VH-07651,2022-03-02,2,Heavy,5138.1,141.4,0.7074,0.5055,3,2.5,0.2654,0.659,37.1521,0
VH-07652,2022-04-01,3,Light,3626.5,81.0,0.8138,0.4436,2,4.0,0.2315,0.7753,57.2705,1
VH-07653,2023-03-27,15,Medium,5183.9,113.5,0.7835,0.0886,0,1.8,0.6147,0.95,27.6354,0
VH-07654,2022-01-01,0,Light,2458.8,41.9,0.6027,0.2105,1,7.8,0.5431,0.7991,61.5352,0
VH-07655,2023-03-27,15,Light,3564.5,108.5,0.8689,0.3245,0,7.0,0.6493,0.715,32.6539,1
VH-07656,2023-02-25,14,Heavy,6647.2,145.5,0.5046,0.432,0,1.2,0.1687,0.892,28.4631,0
VH-07657,2022-09-28,9,Heavy,6453.0,123.4,0.7168,0.0172,0,7.4,0.4134,0.6361,59.6865,1
VH-07658,2022-09-28,9,Heavy,5156.2,151.4,0.6488,0.704,2,1.1,0.5844,0.7304,28.4504,1
VH-07659,2022-01-01,0,Light,1606.0,41.6,0.6871,0.128,0,3.4,0.7174,0.9764,38.3583,0
VH-07660,2022-01-01,0,Medium,2687.7,71.7,0.8834,0.2911,0,7.2,0.5014,0.8653,15.9606,1
VH-07661,2023-02-25,14,Medium,3480.8,102.6,0.8939,0.6801,0,10.7,0.2803,0.5316,37.3733,1
VH-07662,2022-12-27,12,Heavy,4242.5,103.5,0.6645,0.4793,0,2.5,0.3615,0.4462,40.3855,1
VH-07663,2022-12-27,12,Medium,2624.4,72.9,0.813,0.3644,0,1.1,0.8072,0.6055,16.8295,1
VH-07664,2023-08-24,20,Heavy,4130.5,92.6,0.6974,0.4528,1,3.8,0.8072,0.5277,25.7239,1
VH-07665,2022-11-27,11,Light,7150.9,169.9,0.6519,0.7646,1,1.0,0.5825,0.5335,31.0627,0
VH-07666,2022-07-30,7,Medium,5101.3,112.8,0.653,0.5414,0,9.0,0.6363,0.6113,17.2397,1
VH-07667,2022-08-29,8,Heavy,4828.2,107.0,0.5413,0.2447,0,6.4,0.7205,0.8903,52.5215,0
VH-07668,2023-08-24,20,Medium,2973.7,67.9,0.3619,0.4215,0,2.7,0.751,0.5046,61.2799,0
VH-07669,2023-08-24,20,Medium,2041.5,39.4,0.7964,0.6012,1,7.7,0.8218,0.9081,19.7547,0
VH-07670,2022-08-29,8,Medium,2657.7,66.6,0.6751,0.3805,1,1.6,0.5954,0.9215,68.2626,0
VH-07671,2023-08-24,20,Heavy,1980.9,51.5,0.9315,0.0579,2,3.1,0.2686,0.8081,26.1651,0
VH-07672,2023-03-27,15,Light,4612.6,114.8,0.882,0.1805,0,5.5,0.5071,0.4049,31.2912,1
VH-07673,2022-10-28,10,Heavy,5075.8,122.4,0.5353,0.1383,2,4.8,0.7006,0.6504,30.1659,0
VH-07674,2022-07-30,7,Medium,3052.1,97.8,0.7098,0.2958,1,13.3,0.742,0.9256,40.5525,0
VH-07675,2023-02-25,14,Medium,4721.9,120.7,0.5282,0.3041,0,1.0,0.4652,0.6212,55.3847,0
VH-07676,2022-10-28,10,Medium,6703.5,145.9,0.8302,0.2131,1,1.3,0.3833,0.8899,61.716,0
VH-07677,2022-06-30,6,Medium,7436.5,172.1,0.927,0.2561,1,12.1,0.5241,0.6592,5.5173,1
VH-07678,2022-05-31,5,Heavy,5655.6,146.9,0.7939,0.3676,0,18.8,0.8207,0.7127,12.4197,1
VH-07679,2023-02-25,14,Heavy,4237.7,79.9,0.932,0.3093,1,9.1,0.588,0.7098,33.4889,0
VH-07680,2022-06-30,6,Heavy,5607.2,154.8,0.8534,0.1994,2,1.9,0.5972,0.7695,26.986,1
VH-07681,2022-03-02,2,Heavy,6527.7,133.4,0.769,0.1192,0,4.2,0.882,0.4883,6.7796,1
VH-07682,2022-08-29,8,Medium,1489.2,46.6,0.7596,0.1605,1,4.9,0.6253,0.9183,33.0935,0
VH-07683,2022-11-27,11,Medium,6723.1,149.5,0.5515,0.4974,1,8.2,0.3142,0.9692,64.9065,0
VH-07684,2023-05-26,17,Heavy,3683.1,81.1,0.5771,0.7319,1,2.4,0.399,0.9056,50.61,0
VH-07685,2023-11-22,23,Light,3697.6,62.6,0.8755,0.4204,1,2.7,0.8387,0.7019,69.6243,0
VH-07686,2023-09-23,21,Heavy,3967.6,101.8,0.7336,0.4364,0,1.9,0.4541,0.6983,28.2729,0
VH-07687,2022-03-02,2,Medium,4980.1,91.3,0.7544,0.5562,0,11.7,0.5185,0.7843,67.4745,0
VH-07688,2022-03-02,2,Medium,2833.1,41.3,0.849,0.6443,0,0.6,0.5581,0.7093,31.5542,1
VH-07689,2022-10-28,10,Medium,4072.8,107.9,0.721,0.169,0,1.0,0.2739,0.9484,68.7527,0
VH-07690,2022-01-31,1,Medium,5287.9,144.4,0.5674,0.4866,1,4.6,0.5267,0.8445,31.0377,1
VH-07691,2022-11-27,11,Light,4827.9,97.3,0.5633,0.521,2,14.8,0.5062,0.1,14.7994,1
VH-07692,2023-09-23,21,Medium,5071.2,127.7,0.7542,0.1742,1,4.8,0.6364,0.7241,33.6359,1
VH-07693,2023-02-25,14,Medium,4014.0,101.1,0.5261,0.6068,1,5.6,0.3568,0.8913,38.0468,0
VH-07694,2023-03-27,15,Light,5540.6,121.8,0.58,0.7522,0,5.8,0.8488,0.4482,17.5903,1
VH-07695,2022-05-01,4,Light,6084.6,155.3,0.6295,0.5728,0,6.5,0.864,0.2861,16.2538,1
VH-07696,2022-10-28,10,Medium,5994.7,130.8,0.7815,0.4279,0,8.5,0.6789,0.6782,20.9307,1
VH-07697,2023-07-25,19,Medium,5141.4,122.0,0.7512,0.2929,0,3.2,0.3705,0.534,38.0201,1
VH-07698,2022-03-02,2,Heavy,5908.3,112.5,0.4014,0.2304,2,15.0,0.7769,0.6218,70.2724,0
VH-07699,2022-08-29,8,Light,5806.6,110.9,0.5916,0.1646,0,6.3,0.8023,0.4785,68.7783,0
VH-07700,2023-09-23,21,Medium,8514.8,206.8,0.8003,0.6493,0,6.9,0.3284,0.7377,20.7352,0
VH-07701,2023-02-25,14,Light,6327.1,148.9,0.8939,0.8546,0,5.3,0.5636,0.6974,41.7207,1
VH-07702,2022-05-01,4,Medium,4366.9,94.9,0.8592,0.3805,0,0.5,0.2842,0.8497,25.1064,0
VH-07703,2023-06-25,18,Medium,3132.5,98.2,0.511,0.3889,0,6.1,0.4791,0.8047,35.839,0
VH-07704,2023-02-25,14,Medium,4108.3,119.8,0.8106,0.8364,1,5.2,0.6743,0.7422,47.7881,1
VH-07705,2022-09-28,9,Medium,4002.3,95.5,0.8725,0.6894,1,6.7,0.6245,0.6706,5.4594,1
VH-07706,2022-04-01,3,Medium,5267.1,95.2,0.4721,0.6973,3,2.7,0.9304,0.8637,49.3965,1
VH-07707,2023-04-26,16,Light,3449.6,75.0,0.8419,0.2631,0,6.4,0.3678,0.4973,16.1849,1
VH-07708,2023-10-23,22,Medium,6288.3,127.3,0.3163,0.5289,0,3.4,0.7563,0.9062,37.886,0
VH-07709,2022-08-29,8,Medium,2415.7,55.0,0.8329,0.1911,1,14.9,0.4141,0.828,32.2763,0
VH-07710,2022-08-29,8,Medium,2051.2,31.5,0.5416,0.3438,1,1.5,0.5385,0.7904,43.5958,0
VH-07711,2023-09-23,21,Medium,4297.3,77.6,0.6278,0.1553,0,5.3,0.6246,0.8459,24.9238,0
VH-07712,2023-04-26,16,Heavy,3236.2,38.0,0.6573,0.3247,1,6.5,0.7658,0.6583,56.6729,0
VH-07713,2022-01-01,0,Medium,2612.6,60.6,0.7751,0.2565,0,5.9,0.5914,0.625,27.7659,0
VH-07714,2022-10-28,10,Light,3544.4,44.3,0.7377,0.6476,0,2.2,0.7474,0.478,16.3256,1
VH-07715,2022-08-29,8,Medium,3357.8,69.8,0.9009,0.4717,2,9.1,0.3651,0.6724,26.2299,1
VH-07716,2022-01-31,1,Light,4515.2,110.8,0.7157,0.4133,0,1.4,0.6346,0.8269,61.8561,1
VH-07717,2023-05-26,17,Medium,3569.3,68.5,0.5649,0.1166,0,2.8,0.6031,0.7437,65.9934,0
VH-07718,2023-01-26,13,Heavy,3691.3,65.8,0.7091,0.3178,1,6.7,0.7091,0.8719,21.9308,1
VH-07719,2023-09-23,21,Heavy,4492.7,98.8,0.7228,0.0442,1,4.9,0.3302,0.7002,62.691,0
VH-07720,2022-11-27,11,Medium,6021.4,121.4,0.7207,0.2616,0,1.0,0.5018,0.5902,30.6273,0
VH-07721,2023-11-22,23,Light,6706.1,151.8,0.6997,0.2602,1,14.7,0.51,0.8474,27.4131,0
VH-07722,2022-07-30,7,Heavy,4721.7,89.4,0.7424,0.4302,0,0.8,0.1456,0.9226,34.1003,0
VH-07723,2022-04-01,3,Light,4838.3,106.0,0.4689,0.2374,0,0.3,0.1096,0.5373,65.5004,0
VH-07724,2023-01-26,13,Medium,4225.2,88.7,0.9505,0.1793,2,11.2,0.2781,0.6514,44.1814,0
VH-07725,2022-09-28,9,Heavy,5221.9,115.9,0.9441,0.3832,2,6.3,0.1231,0.9206,38.6028,0
VH-07726,2023-02-25,14,Medium,5085.3,137.5,0.9345,0.599,0,4.2,0.477,0.4956,10.5279,1
VH-07727,2022-01-01,0,Light,6488.8,147.2,0.7593,0.3392,1,5.5,0.5923,0.7734,14.6114,1
VH-07728,2022-11-27,11,Medium,1666.9,44.6,0.4541,0.4373,1,7.0,0.8094,0.6697,40.6288,1
VH-07729,2023-05-26,17,Medium,4148.3,82.8,0.8803,0.2887,0,5.4,0.4056,0.8968,33.0746,0
VH-07730,2022-10-28,10,Light,5008.8,114.7,0.6881,0.4172,1,4.4,0.4086,0.771,43.7486,0
VH-07731,2023-01-26,13,Medium,4460.6,95.0,0.7418,0.8097,1,7.4,0.6806,0.9267,31.0121,1
VH-07732,2022-03-02,2,Medium,3091.2,69.1,0.891,0.4374,0,3.3,0.7721,0.5089,15.0891,1
VH-07733,2022-01-31,1,Medium,2550.9,66.4,0.5841,0.4139,3,17.6,0.7049,0.5576,44.6871,1
VH-07734,2022-11-27,11,Light,5709.5,119.4,0.8626,0.3579,0,10.3,0.7535,0.518,20.5659,1
VH-07735,2023-04-26,16,Heavy,3364.6,68.8,0.824,0.4955,1,2.1,0.4701,0.568,35.6174,1
VH-07736,2022-12-27,12,Medium,1867.6,34.2,0.9068,0.0976,2,5.5,0.6328,0.9601,24.5123,0
VH-07737,2022-06-30,6,Heavy,5784.9,121.0,0.7622,0.62,1,4.5,0.5523,0.8582,26.8585,1
VH-07738,2022-10-28,10,Medium,5188.5,117.9,0.7557,0.1874,0,11.4,0.6481,0.7762,8.6612,1
VH-07739,2022-05-31,5,Light,4326.2,90.7,0.8395,0.2667,2,10.1,0.4037,0.5884,52.2042,1
VH-07740,2023-10-23,22,Medium,3128.2,92.0,0.8716,0.5727,1,9.4,0.3967,0.9008,64.1702,0
VH-07741,2022-01-01,0,Medium,4329.8,136.4,0.6081,0.6765,2,3.9,0.4272,0.8563,22.6211,0
VH-07742,2023-10-23,22,Medium,6323.4,132.0,0.9359,0.5556,1,5.2,0.5146,0.3435,6.5757,1
VH-07743,2023-10-23,22,Heavy,2078.0,50.6,0.5806,0.608,1,6.6,0.6285,0.7816,54.0426,0
VH-07744,2023-03-27,15,Heavy,2154.0,63.4,0.7227,0.4763,2,7.6,0.5101,0.6683,19.3718,0
VH-07745,2023-03-27,15,Heavy,3558.4,75.1,0.581,0.3262,1,4.8,0.384,0.8532,28.6054,0
VH-07746,2022-05-01,4,Medium,4460.0,84.2,0.7803,0.526,1,3.0,0.8371,0.8775,22.4661,1
VH-07747,2023-02-25,14,Medium,3755.6,109.5,0.7804,0.1774,0,1.3,0.8868,0.7774,33.14,0
VH-07748,2023-11-22,23,Medium,5464.2,131.7,0.9313,0.4325,0,6.0,0.7191,0.8568,33.1972,0
VH-07749,2022-05-01,4,Medium,6133.3,141.1,0.6503,0.7249,0,5.8,0.3243,0.7029,19.7861,1
VH-07750,2023-08-24,20,Heavy,4918.2,131.1,0.7892,0.5476,1,2.7,0.549,0.8266,22.1928,0
VH-07751,2022-07-30,7,Heavy,5340.6,130.2,0.5155,0.3761,0,1.4,0.4442,0.4392,12.2037,1
VH-07752,2023-07-25,19,Medium,4908.1,108.4,0.8515,0.4704,3,3.4,0.4973,0.6652,15.7501,1
VH-07753,2022-10-28,10,Heavy,4514.3,85.7,0.6345,0.6416,1,3.7,0.1879,0.6457,31.5232,1
VH-07754,2023-10-23,22,Heavy,2559.7,49.5,0.8333,0.3171,0,8.6,0.3182,0.614,39.0618,0
VH-07755,2022-05-01,4,Medium,2958.0,83.8,0.2844,0.609,1,10.2,0.8059,0.7679,36.8123,0
VH-07756,2023-01-26,13,Heavy,2473.6,65.2,0.8718,0.402,0,9.3,0.2777,0.7962,27.6914,0
VH-07757,2023-01-26,13,Light,4277.2,92.2,0.3853,0.4903,0,4.8,0.428,0.6779,69.5675,0
VH-07758,2022-01-31,1,Light,4848.4,134.2,0.606,0.339,0,1.0,0.3825,0.9616,63.3432,0
VH-07759,2023-05-26,17,Medium,2326.1,49.3,0.8653,0.2416,0,1.9,0.6804,0.718,24.9545,0
VH-07760,2022-08-29,8,Medium,4608.9,117.2,0.786,0.465,1,2.0,0.7401,0.328,7.7688,1
VH-07761,2023-03-27,15,Medium,3187.2,74.1,0.5229,0.477,0,7.3,0.4395,0.4739,47.3986,0
VH-07762,2022-07-30,7,Heavy,2896.2,93.4,0.9222,0.6968,1,2.2,0.7588,0.9383,32.4397,0
VH-07763,2023-02-25,14,Medium,3562.0,90.5,0.5985,0.1841,3,7.4,0.6904,0.6297,26.6691,0
VH-07764,2022-04-01,3,Medium,2819.3,63.3,0.5825,0.5246,1,7.4,0.3794,0.7222,60.2701,0
VH-07765,2023-05-26,17,Medium,5410.0,117.5,0.9297,0.2201,0,4.8,0.4926,0.9131,48.5693,0
VH-07766,2023-04-26,16,Light,4248.0,94.2,0.6412,0.5234,2,6.0,0.845,0.3923,22.0573,1
VH-07767,2023-07-25,19,Heavy,5722.8,116.3,0.5602,0.6447,2,2.7,0.2966,0.6294,11.659,1
VH-07768,2022-10-28,10,Medium,3834.8,64.7,0.9397,0.3793,1,2.2,0.433,0.4244,9.7378,1
VH-07769,2023-11-22,23,Heavy,3891.5,91.1,0.4996,0.1197,0,7.2,0.8903,0.8654,55.4042,0
VH-07770,2023-08-24,20,Medium,7310.1,154.4,0.5272,0.3498,0,5.9,0.3117,0.7043,71.0213,0
VH-07771,2023-07-25,19,Light,2065.4,37.9,0.6014,0.749,0,1.7,0.811,0.2521,28.6782,1
VH-07772,2023-01-26,13,Light,6426.7,141.5,0.8649,0.0843,2,9.8,0.5304,0.7829,51.1737,0
VH-07773,2023-09-23,21,Light,6981.8,155.9,0.8161,0.1911,0,1.7,0.3414,0.7945,40.6804,0
VH-07774,2022-09-28,9,Heavy,5648.7,125.6,0.8965,0.6166,0,7.1,0.3844,0.8151,49.3986,1
VH-07775,2023-09-23,21,Medium,4004.3,115.1,0.9824,0.0622,0,6.1,0.7794,0.6819,27.1416,1
VH-07776,2023-04-26,16,Medium,6640.4,157.5,0.7973,0.2837,3,16.0,0.7799,0.7654,25.441,1
VH-07777,2023-01-26,13,Light,4017.4,120.9,0.722,0.4993,2,3.5,0.675,0.7162,25.9133,1
VH-07778,2023-01-26,13,Heavy,3441.3,69.9,0.5879,0.8135,0,10.8,0.7576,0.5146,12.9657,1
VH-07779,2023-09-23,21,Light,3917.6,98.8,0.8782,0.6505,0,7.4,0.8955,0.6842,12.0133,1
VH-07780,2022-11-27,11,Heavy,3644.7,75.2,0.9411,0.8682,2,4.9,0.6208,0.8465,19.865,1
VH-07781,2023-11-22,23,Heavy,3080.1,60.0,0.9738,0.2912,0,1.6,0.6339,0.8819,26.6238,0
VH-07782,2022-04-01,3,Medium,6165.0,169.2,0.8364,0.0325,2,2.3,0.6434,0.684,39.6256,1
VH-07783,2022-03-02,2,Medium,3339.8,62.7,0.7676,0.7288,1,1.9,0.6251,0.7236,44.084,1
VH-07784,2022-11-27,11,Light,4455.5,65.5,0.802,0.4865,0,5.8,0.5008,0.5387,48.8678,0
VH-07785,2023-07-25,19,Medium,2334.3,41.3,0.6335,0.5019,0,5.6,0.4195,0.407,46.7042,1
VH-07786,2022-10-28,10,Heavy,4546.2,70.9,0.6885,0.6773,3,1.9,0.6568,0.8825,24.653,0
VH-07787,2022-07-30,7,Medium,2766.1,47.2,0.9124,0.5486,0,3.0,0.6022,0.7739,67.7367,0
VH-07788,2023-02-25,14,Heavy,2729.3,47.8,0.3612,0.1296,1,5.7,0.9329,0.5571,29.4442,0
VH-07789,2023-07-25,19,Medium,4336.1,96.9,0.5706,0.1307,0,5.3,0.7419,0.7517,45.9307,0
VH-07790,2023-05-26,17,Light,6085.5,104.5,0.8311,0.4122,0,4.3,0.763,0.7767,36.026,0
VH-07791,2022-05-01,4,Heavy,5160.6,132.6,0.5841,0.3996,1,0.8,0.6492,0.827,30.8487,0
VH-07792,2022-07-30,7,Medium,5263.7,88.8,0.6295,0.3282,1,3.9,0.3356,0.9154,48.9229,0
VH-07793,2022-12-27,12,Light,4305.1,93.8,0.7801,0.3929,1,13.4,0.8331,0.6954,16.0618,1
VH-07794,2022-05-31,5,Medium,3996.5,83.9,0.7261,0.1628,0,1.2,0.2405,0.9637,24.518,0
VH-07795,2023-11-22,23,Medium,5686.7,138.8,0.7085,0.3269,0,6.3,0.3837,0.5715,42.6498,0
VH-07796,2022-04-01,3,Heavy,3655.2,86.5,0.7107,0.4215,0,2.7,0.6249,0.8034,61.9534,0
VH-07797,2023-03-27,15,Light,5751.7,145.6,0.6986,0.307,0,1.6,0.5665,0.5544,40.636,0
VH-07798,2023-01-26,13,Heavy,6353.9,135.8,0.7617,0.3036,0,13.4,0.8412,0.6547,15.5817,1
VH-07799,2022-08-29,8,Medium,3237.9,65.0,0.7543,0.223,2,2.2,0.3574,0.9249,1.2528,1
VH-07800,2022-04-01,3,Medium,3458.3,83.0,0.7201,0.173,3,7.5,0.9183,0.5983,58.8785,1
VH-07801,2023-04-26,16,Light,3681.5,97.2,0.831,0.0688,0,4.3,0.8717,0.6609,61.1693,0
VH-07802,2022-07-30,7,Heavy,2299.6,63.5,0.7545,0.1366,0,7.8,0.6252,0.7085,64.8887,0
VH-07803,2022-09-28,9,Medium,3795.9,89.2,0.6993,0.2165,1,4.9,0.427,0.6881,35.9091,0
VH-07804,2023-04-26,16,Medium,6452.2,146.9,0.7168,0.2355,2,3.0,0.1375,0.6536,46.0831,0
VH-07805,2022-04-01,3,Light,2931.6,64.6,0.9835,0.5525,1,4.0,0.7612,0.5021,10.5434,1
VH-07806,2023-01-26,13,Medium,6487.8,150.3,0.9195,0.4758,2,1.3,0.6313,0.9822,35.7418,0
VH-07807,2023-10-23,22,Heavy,3849.8,116.1,0.8212,0.0882,0,0.9,0.2274,0.5716,34.5433,1
VH-07808,2022-06-30,6,Medium,7671.1,166.8,0.8376,0.0453,1,1.8,0.7246,0.7993,38.1879,1
VH-07809,2022-01-31,1,Heavy,3477.3,71.8,0.6876,0.4033,0,1.3,0.3449,0.7342,34.6884,0
VH-07810,2022-12-27,12,Light,4284.0,88.6,0.7693,0.3278,1,8.8,0.8188,0.4889,40.1183,1
VH-07811,2022-01-31,1,Light,3134.7,75.5,0.1725,0.6462,1,2.8,0.4296,0.6922,24.3046,0
VH-07812,2023-10-23,22,Medium,3468.4,45.3,0.4735,0.387,0,16.7,0.3531,0.4171,13.7737,1
VH-07813,2023-09-23,21,Heavy,6507.3,142.6,0.3576,0.2203,1,10.7,0.6444,0.7545,66.8788,0
VH-07814,2022-01-31,1,Medium,5211.8,129.0,0.7828,0.3878,1,3.7,0.6351,0.5458,58.0539,1
VH-07815,2023-11-22,23,Medium,6043.2,126.4,0.9517,0.6683,1,4.8,0.6773,0.5454,22.9168,1
VH-07816,2022-01-31,1,Medium,2526.6,58.9,0.7764,0.3337,0,8.9,0.3588,0.9766,63.5598,0
VH-07817,2022-06-30,6,Medium,5482.2,153.5,0.967,0.4742,3,5.4,0.5244,0.8408,29.9936,1
VH-07818,2022-07-30,7,Medium,3042.8,72.6,0.9612,0.399,0,15.5,0.539,0.768,27.123,1
VH-07819,2022-05-01,4,Heavy,2494.0,21.8,0.4964,0.6399,0,2.9,0.8274,0.7806,10.4398,1
VH-07820,2022-04-01,3,Medium,4858.1,86.8,0.8319,0.2109,0,3.4,0.5415,0.6501,36.518,0
VH-07821,2023-05-26,17,Medium,4842.8,103.9,0.8843,0.6736,0,4.0,0.8603,0.4326,16.9492,1
VH-07822,2022-01-31,1,Medium,4580.0,89.7,0.6113,0.3714,1,2.3,0.3712,0.7991,51.4859,0
VH-07823,2023-04-26,16,Medium,5576.3,125.5,0.6731,0.7998,0,0.7,0.8268,0.9351,34.2572,0
VH-07824,2022-08-29,8,Medium,5810.3,124.7,0.8242,0.2414,0,5.1,0.3437,0.7909,26.8595,1
VH-07825,2023-09-23,21,Heavy,6704.6,166.5,0.3367,0.9293,1,5.6,0.7871,0.308,17.1751,1
VH-07826,2023-10-23,22,Light,2714.5,44.0,0.8244,0.4041,1,5.1,0.7268,0.6992,69.0435,0
VH-07827,2023-10-23,22,Heavy,6753.0,147.0,0.6783,0.7047,0,6.1,0.5959,0.877,31.2613,1
VH-07828,2022-05-31,5,Light,7323.5,166.0,0.7045,0.3979,2,3.4,0.4083,0.6595,26.1919,0
VH-07829,2022-09-28,9,Heavy,3950.7,92.9,0.613,0.4131,0,7.0,0.5103,0.8088,67.8584,0
VH-07830,2023-01-26,13,Light,1997.3,46.6,0.7977,0.6406,0,3.2,0.2508,0.7888,66.7059,0
VH-07831,2022-08-29,8,Heavy,2424.8,20.0,0.8257,0.529,1,4.9,0.4842,0.721,35.5703,0
VH-07832,2023-03-27,15,Medium,3807.2,85.9,0.8154,0.5042,0,5.4,0.6184,0.7659,13.8868,1
VH-07833,2022-04-01,3,Light,7521.2,164.9,0.5427,0.3401,1,4.7,0.4288,0.3516,34.4937,1
VH-07834,2022-10-28,10,Medium,4525.6,113.5,0.4554,0.4592,0,12.7,0.5782,0.8101,21.2091,0
VH-07835,2023-03-27,15,Medium,3574.2,90.3,0.8009,0.6164,0,4.3,0.67,0.751,43.5311,1
VH-07836,2023-06-25,18,Medium,3471.9,80.8,0.6726,0.7442,2,0.5,0.2632,0.8578,56.0988,0
VH-07837,2022-01-01,0,Medium,2515.9,60.6,0.7841,0.5625,1,11.9,0.6287,0.4847,20.657,1
VH-07838,2023-08-24,20,Heavy,5811.9,149.4,0.8738,0.4999,0,6.1,0.6166,0.7732,11.4083,1
VH-07839,2023-11-22,23,Heavy,4361.9,114.2,0.2219,0.7543,0,3.8,0.3507,0.6387,46.3719,0
VH-07840,2022-12-27,12,Medium,7649.7,174.1,0.7004,0.7082,2,3.7,0.9179,0.8283,15.7347,1
VH-07841,2023-03-27,15,Heavy,5442.3,153.1,0.5773,0.5281,0,15.3,0.6882,0.8336,35.425,1
VH-07842,2023-11-22,23,Medium,5744.9,118.2,0.7031,0.0823,1,4.5,0.291,0.8413,24.4241,0
VH-07843,2022-01-31,1,Light,4136.8,74.1,0.6745,0.1669,0,10.5,0.8187,0.877,43.0534,0
VH-07844,2023-03-27,15,Medium,2863.5,63.5,0.8053,0.455,1,8.0,0.4296,0.7389,60.7002,0
VH-07845,2022-03-02,2,Light,3189.6,65.3,0.8723,0.3609,0,9.0,0.2579,0.8456,25.6877,0
VH-07846,2022-03-02,2,Medium,2446.1,20.0,0.5145,0.4064,2,2.7,0.5437,0.225,50.6365,1
VH-07847,2022-01-31,1,Medium,5865.6,120.6,0.7904,0.3516,1,7.8,0.2069,0.5923,27.0119,0
VH-07848,2022-07-30,7,Medium,3922.6,92.3,0.6459,0.6964,1,2.5,0.4368,0.9434,24.413,0
VH-07849,2022-05-01,4,Light,5928.8,130.9,0.2254,0.582,1,2.0,0.451,0.8317,54.359,0
VH-07850,2023-02-25,14,Heavy,4703.9,92.9,0.9359,0.5302,0,3.1,0.4319,0.6642,27.132,1
VH-07851,2022-10-28,10,Medium,4060.8,90.9,0.514,0.764,0,12.3,0.1943,0.907,55.0376,0
VH-07852,2022-01-31,1,Heavy,2745.6,62.9,0.7508,0.0424,2,1.8,0.5969,0.8284,38.9361,0
VH-07853,2022-05-01,4,Medium,4952.4,120.8,0.4804,0.1728,0,10.3,0.918,0.4553,39.5998,0
VH-07854,2023-07-25,19,Medium,4172.1,83.1,0.7318,0.5169,1,1.1,0.6381,0.8672,30.684,0
VH-07855,2022-04-01,3,Medium,5853.3,143.2,0.5352,0.5676,0,5.8,0.7023,0.6124,21.9331,0
VH-07856,2023-11-22,23,Heavy,3426.9,59.8,0.9793,0.309,1,1.9,0.3392,0.7515,53.9912,0
VH-07857,2022-11-27,11,Light,5424.2,113.0,0.8052,0.1865,0,9.9,0.5909,0.8129,18.1024,0
VH-07858,2022-03-02,2,Light,6961.3,180.2,0.5631,0.515,1,6.0,0.3824,0.6231,35.7264,0
VH-07859,2022-09-28,9,Heavy,4908.8,93.7,0.7257,0.3049,0,9.5,0.434,0.6772,25.4946,0
VH-07860,2022-07-30,7,Heavy,5677.9,116.3,0.8473,0.5788,1,7.8,0.5834,0.8725,21.637,0
VH-07861,2022-11-27,11,Medium,5357.8,100.3,0.8292,0.3097,0,3.9,0.3003,0.8362,33.2171,0
VH-07862,2023-03-27,15,Light,7347.1,150.9,0.6046,0.2801,2,2.1,0.6264,0.4825,48.6558,1
VH-07863,2022-09-28,9,Light,5057.3,114.5,0.6135,0.5072,1,8.4,0.5523,0.6289,38.9388,0
VH-07864,2022-09-28,9,Medium,5549.9,133.9,0.7488,0.6554,1,3.2,0.7899,0.6963,28.3065,1
VH-07865,2023-02-25,14,Heavy,4445.6,98.5,0.4409,0.4012,0,13.3,0.6878,0.8354,42.0334,0
VH-07866,2022-01-01,0,Medium,3338.4,69.3,0.8364,0.67,0,1.0,0.3483,0.6835,54.8216,0
VH-07867,2022-05-01,4,Light,2687.7,41.1,0.8732,0.1726,0,2.4,0.6074,0.3312,30.4638,1
VH-07868,2023-05-26,17,Light,6400.4,131.3,0.907,0.1478,1,9.2,0.8518,0.6982,31.9938,1
VH-07869,2022-12-27,12,Medium,2987.5,43.2,0.6056,0.1923,0,16.2,0.6596,0.4674,23.2981,0
VH-07870,2023-01-26,13,Medium,5618.8,135.9,0.9455,0.4619,0,0.3,0.6474,0.887,27.0551,1
VH-07871,2023-05-26,17,Light,5124.0,126.0,0.3765,0.363,2,1.3,0.3122,0.8041,23.6004,0
VH-07872,2022-04-01,3,Light,5876.7,130.0,0.7148,0.2222,0,3.7,0.59,0.7194,42.8595,1
VH-07873,2023-08-24,20,Medium,3727.9,89.5,0.616,0.613,0,8.7,0.3624,0.9043,29.4346,0
VH-07874,2023-03-27,15,Light,3313.9,86.8,0.9376,0.382,1,10.8,0.3448,0.5476,30.6003,1
VH-07875,2023-06-25,18,Medium,5067.6,114.1,0.764,0.425,2,9.9,0.7183,0.9409,51.5311,1
VH-07876,2023-03-27,15,Light,4061.5,111.2,0.7065,0.5872,0,23.0,0.5462,0.466,21.6238,1
VH-07877,2023-07-25,19,Medium,2653.5,43.6,0.6528,0.3922,0,6.6,0.4703,0.6986,18.4475,0
VH-07878,2023-10-23,22,Heavy,7407.8,159.4,0.5276,0.565,0,4.9,0.5582,0.4717,30.5081,1
VH-07879,2022-05-31,5,Heavy,3312.9,66.6,0.7067,0.1893,1,4.3,0.3437,0.9104,36.8649,0
VH-07880,2022-03-02,2,Heavy,3009.6,76.6,0.7513,0.5292,1,4.6,0.3763,0.6058,63.6401,0
VH-07881,2023-11-22,23,Medium,4136.8,70.4,0.2899,0.5059,2,3.6,0.6332,0.6403,42.2517,0
VH-07882,2022-10-28,10,Light,6379.3,163.5,0.8204,0.5449,2,6.1,0.3876,0.7342,20.1039,1
VH-07883,2022-04-01,3,Medium,1249.9,36.2,0.3901,0.3698,0,4.8,0.7506,0.86,52.7988,0
VH-07884,2022-08-29,8,Heavy,6254.8,165.3,0.8676,0.5135,1,7.6,0.6832,0.7944,33.4682,1
VH-07885,2023-09-23,21,Light,3132.8,69.0,0.5368,0.4835,0,0.9,0.5988,0.9181,30.8339,0
VH-07886,2022-03-02,2,Medium,4896.8,100.6,0.558,0.6161,0,9.4,0.3952,0.8422,34.7779,0
VH-07887,2022-01-31,1,Medium,3486.0,87.3,0.4582,0.5728,1,8.9,0.7634,0.6556,67.0417,1
VH-07888,2022-03-02,2,Light,7487.9,181.9,0.6408,0.5111,3,7.0,0.7511,0.6774,3.0785,1
VH-07889,2022-05-31,5,Heavy,4686.9,93.4,0.5163,0.4722,0,1.7,0.3139,0.8142,38.2254,0
VH-07890,2022-01-31,1,Medium,3437.9,46.4,0.8481,0.492,2,3.8,0.7734,0.9056,9.6424,1
VH-07891,2023-02-25,14,Medium,4048.4,62.6,0.9595,0.1287,0,5.0,0.3471,0.8944,67.3158,0
VH-07892,2022-03-02,2,Heavy,4634.5,106.9,0.777,0.634,0,1.3,0.3418,0.5719,33.5748,1
VH-07893,2023-06-25,18,Light,4766.5,129.0,0.5104,0.7488,1,3.7,0.5692,0.9793,20.1037,0
VH-07894,2022-08-29,8,Light,5158.1,95.1,0.8265,0.228,0,13.7,0.4769,0.5725,28.3208,0
VH-07895,2022-11-27,11,Medium,4497.9,95.9,0.6058,0.2172,0,3.8,0.4037,0.8765,55.685,0
VH-07896,2022-04-01,3,Medium,2434.3,48.9,0.8657,0.6721,1,5.9,0.2778,0.7231,27.1192,0
VH-07897,2023-05-26,17,Medium,3989.6,117.5,0.7457,0.7832,0,4.9,0.2995,0.9648,24.439,0
VH-07898,2023-06-25,18,Light,5410.0,154.1,0.8246,0.9477,1,11.2,0.6694,0.5583,9.4591,1
VH-07899,2023-09-23,21,Heavy,3495.2,84.0,0.913,0.4064,0,1.5,0.6617,0.8203,42.2726,1
VH-07900,2022-03-02,2,Medium,5509.2,135.9,0.6861,0.2225,1,2.3,0.8239,0.2823,10.4939,1
VH-07901,2022-07-30,7,Medium,4547.6,114.1,0.4228,0.1078,4,6.6,0.6846,0.8231,16.947,1
VH-07902,2023-07-25,19,Medium,4173.4,73.5,0.6826,0.5626,1,4.9,0.2495,0.9161,21.4874,0
VH-07903,2023-04-26,16,Heavy,6291.2,150.3,0.8318,0.1998,1,7.8,0.6763,0.8215,55.4259,0
VH-07904,2023-02-25,14,Medium,1892.8,26.8,0.6527,0.3855,0,1.9,0.5996,0.4815,50.5173,0
VH-07905,2022-10-28,10,Heavy,3487.0,74.9,0.808,0.5778,0,19.9,0.3898,0.5389,49.5441,1
VH-07906,2022-03-02,2,Light,6348.6,158.2,0.7218,0.1251,1,5.3,0.7237,0.7856,42.2046,0
VH-07907,2022-05-01,4,Medium,7245.1,162.2,0.8172,0.4169,0,4.7,0.5706,0.7897,42.3867,1
VH-07908,2022-01-01,0,Heavy,7929.0,192.7,0.4891,0.3326,0,11.2,0.7262,0.5587,1.2168,1
VH-07909,2022-05-01,4,Medium,4575.5,121.2,0.9144,0.6501,2,3.3,0.733,0.4973,5.4315,1
VH-07910,2022-08-29,8,Medium,5186.8,88.9,0.8822,0.5359,1,5.8,0.6087,0.5742,26.4338,1
VH-07911,2022-08-29,8,Heavy,5726.1,94.6,0.9631,0.6351,0,9.7,0.6261,0.6071,14.0931,1
VH-07912,2022-04-01,3,Light,6412.6,159.9,0.8196,0.239,0,5.6,0.3415,0.6011,33.9726,0
VH-07913,2022-06-30,6,Medium,4969.6,128.5,0.8707,0.3482,2,5.8,0.2591,0.769,22.5752,0
VH-07914,2023-03-27,15,Heavy,5889.2,134.7,0.6551,0.6227,2,11.6,0.8683,0.5545,31.3958,1
VH-07915,2023-08-24,20,Heavy,5189.7,121.2,0.6498,0.3175,1,10.8,0.8083,0.895,25.8865,0
VH-07916,2023-04-26,16,Heavy,5283.3,130.8,0.7611,0.3247,0,17.8,0.8792,0.7027,30.2044,1
VH-07917,2022-01-31,1,Heavy,3122.4,82.5,0.6995,0.3959,0,2.9,0.6132,0.8883,19.2917,1
VH-07918,2022-11-27,11,Light,4006.2,84.5,0.6236,0.1781,1,7.2,0.5788,0.9009,21.5418,0
VH-07919,2023-01-26,13,Heavy,3715.8,96.9,0.6077,0.512,2,1.4,0.1927,0.6189,33.7063,0
VH-07920,2022-07-30,7,Medium,2716.7,55.2,0.3942,0.5832,1,0.8,0.6996,0.3992,39.8682,0
VH-07921,2023-03-27,15,Medium,2022.6,48.6,0.7577,0.4334,1,5.8,0.3518,0.6636,56.783,0
VH-07922,2022-07-30,7,Medium,3864.6,88.9,0.8525,0.6537,2,2.3,0.487,0.5422,60.5981,1
VH-07923,2023-06-25,18,Heavy,4104.2,78.3,0.6784,0.3109,0,7.0,0.7772,0.6153,34.356,0
VH-07924,2023-06-25,18,Medium,4657.6,92.4,0.6668,0.2407,2,1.4,0.6094,0.8648,36.1405,0
VH-07925,2022-11-27,11,Heavy,5333.6,152.0,0.7301,0.3549,1,11.1,0.3525,0.3165,7.2831,1
VH-07926,2022-01-31,1,Light,4782.2,92.9,0.9285,0.3985,0,9.4,0.4929,0.8246,41.7237,0
VH-07927,2022-12-27,12,Light,4114.6,97.0,0.5089,0.5368,0,3.9,0.7973,0.7752,29.9144,0
VH-07928,2022-05-01,4,Medium,3127.3,78.2,0.9569,0.1827,0,2.6,0.3499,0.4265,24.4462,1
VH-07929,2022-05-31,5,Light,5815.6,128.4,0.4568,0.0825,0,8.6,0.4466,0.9806,47.6463,0
VH-07930,2023-04-26,16,Medium,4347.3,106.7,0.8172,0.2827,1,1.7,0.556,0.7685,38.9217,0
VH-07931,2022-09-28,9,Medium,3849.3,90.5,0.6961,0.4328,1,3.7,0.2133,0.9848,50.988,0
VH-07932,2023-09-23,21,Medium,4220.3,80.7,0.6828,0.5197,0,9.6,0.2828,0.768,33.2455,0
VH-07933,2022-03-02,2,Light,3400.9,83.6,0.4806,0.6352,1,6.9,0.407,0.8051,38.0171,0
VH-07934,2022-03-02,2,Light,3704.0,74.1,0.8638,0.7815,1,6.7,0.3834,0.6041,16.8922,1
VH-07935,2022-06-30,6,Medium,3656.3,107.4,0.8622,0.3519,0,3.0,0.6494,0.8863,32.1202,1
VH-07936,2023-04-26,16,Medium,4069.0,96.9,0.5651,0.2823,0,11.0,0.3272,0.8297,40.1994,0
VH-07937,2022-12-27,12,Light,5483.6,111.4,0.8964,0.3599,0,5.0,0.6617,0.8285,20.0227,0
VH-07938,2023-09-23,21,Light,5110.7,118.7,0.6879,0.499,0,8.5,0.8289,0.671,34.8702,1
VH-07939,2023-03-27,15,Light,6820.1,137.7,0.8404,0.6147,1,0.6,0.4648,0.87,44.1951,0
VH-07940,2022-09-28,9,Medium,6317.6,144.3,0.6967,0.6215,1,9.7,0.6225,0.5317,18.6779,1
VH-07941,2023-11-22,23,Light,7434.6,161.8,0.48,0.796,2,5.3,0.7238,0.5827,19.2711,1
VH-07942,2022-05-01,4,Medium,5338.7,106.2,0.2343,0.3793,1,3.9,0.2093,0.8244,47.2026,0
VH-07943,2023-01-26,13,Medium,5314.7,105.5,0.8294,0.3856,0,12.7,0.5091,0.8247,40.1849,1
VH-07944,2022-10-28,10,Medium,3768.9,120.3,0.4129,0.6665,2,8.0,0.6562,0.85,35.1954,0
VH-07945,2023-05-26,17,Medium,5739.0,128.9,0.7391,0.1076,0,0.9,0.6839,0.7322,35.7393,0
VH-07946,2023-04-26,16,Medium,3515.8,71.7,0.7087,0.8992,1,9.4,0.7891,0.5978,28.0849,1
VH-07947,2022-03-02,2,Heavy,2294.3,41.9,0.7334,0.47,1,9.7,0.1917,0.6163,36.6972,1
VH-07948,2022-11-27,11,Medium,6789.5,157.9,0.7292,0.697,0,11.7,0.4163,0.8719,15.1051,1
VH-07949,2022-11-27,11,Medium,2626.2,48.8,0.6731,0.8011,0,0.8,0.5365,0.78,34.0296,0
VH-07950,2022-06-30,6,Heavy,5158.3,98.2,0.7728,0.4998,0,1.2,0.5309,0.7384,49.9171,0
VH-07951,2023-11-22,23,Medium,3179.5,70.2,0.5601,0.4085,1,2.1,0.5016,0.7279,32.1133,0
VH-07952,2023-03-27,15,Medium,6190.0,137.0,0.9482,0.4979,1,3.9,0.3435,0.7067,8.851,1
VH-07953,2023-02-25,14,Heavy,6394.4,135.8,0.8694,0.2905,0,5.1,0.5317,0.5941,19.6039,0
VH-07954,2023-01-26,13,Light,5293.8,104.3,0.478,0.3376,0,4.0,0.3162,0.6916,43.8434,0
VH-07955,2023-04-26,16,Heavy,6369.5,135.7,0.5129,0.4459,1,8.4,0.5024,0.6638,50.039,1
VH-07956,2022-11-27,11,Medium,4511.0,93.2,0.7635,0.3849,1,1.3,0.7166,0.8336,64.9563,1
VH-07957,2022-09-28,9,Medium,7851.3,165.3,0.7595,0.4799,0,5.5,0.95,0.2737,10.6659,1
VH-07958,2022-04-01,3,Medium,5619.2,129.0,0.5946,0.3334,1,2.7,0.2869,0.6792,38.3995,1
VH-07959,2023-06-25,18,Light,3149.2,103.4,0.8569,0.4653,0,19.3,0.6669,0.4478,21.3973,1
VH-07960,2023-10-23,22,Heavy,4604.4,122.3,0.922,0.2603,0,5.0,0.5855,0.6397,19.2261,1
VH-07961,2022-08-29,8,Light,4271.2,124.0,0.86,0.2961,0,2.5,0.5088,0.6446,28.0419,0
VH-07962,2022-11-27,11,Medium,4124.4,83.1,0.7108,0.4404,1,6.7,0.4415,0.8286,34.9195,0
VH-07963,2023-03-27,15,Medium,2014.3,69.9,0.6504,0.2111,4,14.9,0.5528,0.7184,67.4019,0
VH-07964,2023-08-24,20,Heavy,5080.3,116.3,0.7003,0.3355,0,2.3,0.4426,0.9551,47.5629,1
VH-07965,2022-06-30,6,Light,2421.4,68.6,0.9373,0.444,1,2.3,0.2987,0.8108,23.4927,0
VH-07966,2023-09-23,21,Heavy,800.0,24.6,0.8305,0.1093,3,2.9,0.4731,0.779,57.5981,0
VH-07967,2022-01-01,0,Medium,3984.0,83.4,0.4875,0.3269,3,12.2,0.7927,0.4258,46.7062,1
VH-07968,2023-05-26,17,Heavy,3366.2,85.6,0.8059,0.2886,0,2.0,0.3192,0.6977,27.2177,0
VH-07969,2023-06-25,18,Light,3207.7,78.6,0.7988,0.0749,3,3.9,0.464,0.9573,20.3596,0
VH-07970,2023-04-26,16,Light,800.0,20.0,0.5438,0.4094,0,1.2,0.6422,0.7127,64.0319,0
VH-07971,2023-05-26,17,Medium,3223.7,69.8,0.9281,0.304,0,14.7,0.8619,0.6443,20.9134,1
VH-07972,2023-03-27,15,Light,4239.5,107.3,0.8342,0.6982,1,2.9,0.2654,0.6355,33.4485,1
VH-07973,2022-01-01,0,Medium,3548.8,83.0,0.7772,0.4196,0,13.1,0.3883,0.8691,51.5171,1
VH-07974,2023-01-26,13,Light,5081.0,120.0,0.6379,0.8642,0,9.2,0.6442,0.908,43.3565,1
VH-07975,2022-01-31,1,Heavy,6589.0,135.2,0.7282,0.476,2,9.3,0.4031,0.8248,39.9329,1
VH-07976,2022-04-01,3,Heavy,5274.6,121.1,0.5698,0.364,0,14.9,0.3761,0.8388,26.222,0
VH-07977,2022-10-28,10,Heavy,6039.6,132.8,0.877,0.5222,1,2.3,0.5331,0.894,58.9985,1
VH-07978,2023-08-24,20,Heavy,6163.7,133.9,0.8117,0.5709,3,14.6,0.472,0.8129,17.6083,1
VH-07979,2022-06-30,6,Heavy,2971.7,55.8,0.8748,0.1349,0,4.7,0.8155,0.85,61.1017,0
VH-07980,2023-05-26,17,Medium,5158.7,128.4,0.7332,0.3752,1,6.6,0.4284,0.7644,38.911,1
VH-07981,2023-02-25,14,Medium,5992.7,138.4,0.843,0.5288,2,7.3,0.5685,0.7767,54.1684,1
VH-07982,2022-12-27,12,Heavy,3846.1,89.1,0.8159,0.5049,2,1.2,0.5992,0.6423,55.3552,1
VH-07983,2023-02-25,14,Heavy,3314.1,104.4,0.7698,0.383,0,8.4,0.6518,0.9488,25.8364,1
VH-07984,2023-01-26,13,Heavy,5295.6,124.8,0.7929,0.2576,1,1.1,0.786,0.5792,18.3179,1
VH-07985,2022-03-02,2,Heavy,2277.6,68.6,0.7079,0.1756,0,9.2,0.4039,0.8965,19.9621,0
VH-07986,2022-10-28,10,Light,2868.0,67.8,0.5427,0.0563,1,7.0,0.2859,0.7586,54.1943,0
VH-07987,2023-09-23,21,Heavy,3499.9,72.5,0.5975,0.2617,1,5.5,0.4282,0.5375,58.152,0
VH-07988,2022-05-31,5,Heavy,5175.8,99.1,0.8681,0.3021,1,1.2,0.6501,0.3305,29.225,1
VH-07989,2022-08-29,8,Medium,4828.4,110.9,0.5134,0.5083,1,3.6,0.3124,0.7919,62.2033,0
VH-07990,2023-01-26,13,Heavy,6048.6,94.5,0.5838,0.5348,1,3.3,0.4793,0.8673,60.856,1
VH-07991,2023-10-23,22,Medium,3117.2,73.4,0.6263,0.3697,1,6.4,0.3424,0.6998,54.5297,0
VH-07992,2023-01-26,13,Heavy,3036.8,72.2,0.9465,0.1511,0,9.2,0.4075,0.9688,18.3234,0
VH-07993,2022-05-01,4,Light,5285.9,114.2,0.738,0.1582,0,5.3,0.1199,0.5742,30.9303,0
VH-07994,2022-06-30,6,Heavy,3302.0,72.0,0.6181,0.1682,1,3.1,0.6548,0.9393,61.6049,0
VH-07995,2022-08-29,8,Light,3594.7,61.1,0.484,0.3318,0,3.3,0.5113,0.9288,71.803,0
VH-07996,2023-05-26,17,Medium,1714.9,58.9,0.9457,0.2604,0,10.7,0.3215,0.3973,56.6477,1
VH-07997,2023-10-23,22,Light,4936.3,104.6,0.683,0.514,0,7.8,0.2243,0.7676,45.1897,1
VH-07998,2023-11-22,23,Medium,6811.9,136.8,0.4733,0.3499,0,5.3,0.4241,0.6546,38.9578,0
VH-07999,2023-06-25,18,Light,2956.1,73.9,0.7134,0.3572,1,15.5,0.2458,0.8972,37.981,0
VH-08000,2022-05-31,5,Heavy,6032.6,135.7,0.8453,0.4043,1,16.3,0.7789,0.9796,34.4696,1
